name,rating,reviews,address,phone,website,hours,email,social_media,category,plus_code,url
24/7 Customs,4.9,33,"5600 NW 36th St #266b, Miami, FL 33166",(786) 477-7600,247customs.com,not_available,not_available,not_available,Customs broker,"RP47+M5 Miami, Florida",https://www.google.com/maps/place/24%2F7+Customs/data=!4m7!3m6!1s0x88d9b9f9cfcd2183:0x53b7fb1463888d9a!8m2!3d25.806731!4d-80.287017!16s%2Fg%2F11bccm70f_!19sChIJgyHNz_m52YgRmo2IYxT7t1M?authuser=0&hl=en&rclk=1
Doral Customs Brokers,5.0,38,"8805 NW 35th Ln, Doral, FL 33172",(786) 224-0500,doralcustomsbrokers.com,not_available,not_available,not_available,Customs broker,"RM56+58 Doral, Florida",https://www.google.com/maps/place/Doral+Customs+Brokers/data=!4m7!3m6!1s0x88d9b966b4e5a7e9:0x878baed6fc9a65d1!8m2!3d25.8078898!4d-80.3391653!16s%2Fg%2F11bvt8g624!19sChIJ6afltGa52YgR0WWa_Naui4c?authuser=0&hl=en&rclk=1
C and R Customs Brokers Inc.,4.8,82,"2375 NW 70th Ave Unit B-10, Miami, FL 33122",(305) 885-5244,crcustomsbrokers.com,not_available,not_available,not_available,Customs broker,"QMWR+64 Miami, Florida",https://www.google.com/maps/place/C+and+R+Customs+Brokers+Inc./data=!4m7!3m6!1s0x88d9ba521634f6a1:0x702d13a4062b36b3!8m2!3d25.7956117!4d-80.3097232!16s%2Fg%2F11bbrmnl4d!19sChIJofY0FlK62YgRszYrBqQTLXA?authuser=0&hl=en&rclk=1
Customs Brokers Outsourcing Corp.,5.0,not_available,"10426 NW 31st St, Doral, FL 33172",(786) 464-0407,cboutsourcing.us,not_available,not_available,not_available,Customs broker,"RJ3R+6Q Doral, Florida",https://www.google.com/maps/place/Customs+Brokers+Outsourcing+Corp./data=!4m7!3m6!1s0x88d9b9d59d14c421:0xe2cf95748e6f12a3!8m2!3d25.8030776!4d-80.3580329!16s%2Fg%2F11frr3vks4!19sChIJIcQUndW52YgRoxJvjnSVz-I?authuser=0&hl=en&rclk=1
"Florida Imports Customhouse Brokers, Inc.",5.0,22,"3105 NW 107th Ave Ste 400, Doral, FL 33172",(305) 437-8223,flimports.com,not_available,not_available,not_available,Customs broker,"RJ3J+5V Doral, Florida","https://www.google.com/maps/place/Florida+Imports+Customhouse+Brokers,+Inc./data=!4m7!3m6!1s0x88d9b99ba85a10ed:0xaddff4a4d7780fde!8m2!3d25.8029951!4d-80.3678353!16s%2Fg%2F1thqhkk8!19sChIJ7RBaqJu52YgR3g9416T0360?authuser=0&hl=en&rclk=1"
A Customs Brokerage,4.2,10,"8400 NW 36th St Suite 100, Doral, FL 33166",(305) 805-6797,acb-us.com,not_available,not_available,not_available,Customs broker,"RM58+MR Doral, Florida",https://www.google.com/maps/place/A+Customs+Brokerage/data=!4m7!3m6!1s0x88d9bbdaeb0cc46f:0x80b96c87b841f8c0!8m2!3d25.8091906!4d-80.3328895!16s%2Fg%2F1vzn6c84!19sChIJb8QM69q72YgRwPhBuIdsuYA?authuser=0&hl=en&rclk=1
Customs Broker Miami,4.3,24,"2550 NW 72nd Ave #110, Miami, FL 33122",(786) 223-5983,customs-broker-miami.com,not_available,not_available,not_available,Customs broker,"QMXP+7M Miami, Florida",https://www.google.com/maps/place/Customs+Broker+Miami/data=!4m7!3m6!1s0x88d9b7702e4e7229:0x387c992fddf84f8b!8m2!3d25.7982379!4d-80.3133484!16s%2Fg%2F1hc1ylzdz!19sChIJKXJOLnC32YgRi0_43S-ZfDg?authuser=0&hl=en&rclk=1
Guy Lichtenstein CHB,4.4,7,"2550 NW 72nd Ave, Miami, FL 33122",(305) 593-5022,not_available,not_available,not_available,not_available,Customs broker,"QMXP+7M Miami, Florida",https://www.google.com/maps/place/Guy+Lichtenstein+CHB/data=!4m7!3m6!1s0x88d9b99b1bb31ef3:0x2118478de44d012e!8m2!3d25.7982379!4d-80.3133484!16s%2Fg%2F1th2963k!19sChIJ8x6zG5u52YgRLgFN5I1HGCE?authuser=0&hl=en&rclk=1
LMB Customs Brokers,5.0,11,"2000 NW 97th Ave STE 114, Miami, FL 33172",(305) 715-7023,lmbcustomsbrokers.com,not_available,not_available,not_available,Customs broker,"QJVW+5F Miami, Florida",https://www.google.com/maps/place/LMB+Customs+Brokers/data=!4m7!3m6!1s0x88d9b9a87de64cb9:0xda4c113bbc8ad4cb!8m2!3d25.7929158!4d-80.3538526!16s%2Fg%2F11hy9tp0bg!19sChIJuUzmfai52YgRy9SKvDsRTNo?authuser=0&hl=en&rclk=1
Emmanuel Customs Brokers,5.0,not_available,"8200 NW 41st St, Doral, FL 33166",(305) 224-8094,emmanuelcb.com,not_available,not_available,not_available,Customs broker,"RM69+6R Doral, Florida",https://www.google.com/maps/place/Emmanuel+Customs+Brokers/data=!4m7!3m6!1s0x88d9b97d10bfffff:0xf71314bd3f29f93a!8m2!3d25.8105127!4d-80.3304572!16s%2Fg%2F11g0k16m8c!19sChIJ__-_EH252YgROvkpP70UE_c?authuser=0&hl=en&rclk=1
Priority Customs Broker,4.6,11,"3650 NW 82nd Ave Suite 407, Doral, FL 33166",(305) 591-1440,prioritycb.com,not_available,not_available,not_available,Customs broker,"RM59+9X Doral, Florida",https://www.google.com/maps/place/Priority+Customs+Broker/data=!4m7!3m6!1s0x88d9b99ba85a7cf3:0x287845137c51a39c!8m2!3d25.8084578!4d-80.330033!16s%2Fg%2F11b75fmbwx!19sChIJ83xaqJu52YgRnKNRfBNFeCg?authuser=0&hl=en&rclk=1
Advance Customs Brokers International,5.0,not_available,"1400 NW 79th Ave, Miami, FL 33126",(786) 476-0700,advancecustomsbrokers.com,not_available,not_available,not_available,Customs broker,"QMPG+J6 Miami, Florida",https://www.google.com/maps/place/Advance+Customs+Brokers+International/data=!4m7!3m6!1s0x88d9b90b012676ab:0xd07538a318c515a0!8m2!3d25.7865915!4d-80.3243938!16s%2Fg%2F11bzs2yhmq!19sChIJq3YmAQu52YgRoBXFGKM4ddA?authuser=0&hl=en&rclk=1
L R Brokers,5.0,not_available,"3555 NW 77th Ave, Doral, FL 33122",(305) 594-4030,lrbrokers.com,not_available,not_available,not_available,Customs broker,"RM3H+VX Doral, Florida",https://www.google.com/maps/place/L+R+Brokers/data=!4m7!3m6!1s0x88d9b982143a659f:0x6d8ad7711f9897d6!8m2!3d25.8046572!4d-80.3200671!16s%2Fg%2F1thn69nn!19sChIJn2U6FIK52YgR1peYH3HXim0?authuser=0&hl=en&rclk=1
"A.G. Custom Broker, Inc.",3.7,3,"8950 NW 27th St suite 309, Doral, FL 33172",(305) 591-9503,not_available,not_available,not_available,not_available,Customs broker,"QMX5+PG Doral, Florida","https://www.google.com/maps/place/A.G.+Custom+Broker,+Inc./data=!4m7!3m6!1s0x88d9b99affb1d7cd:0x304e6e45e34a376e!8m2!3d25.7993656!4d-80.3412345!16s%2Fg%2F1tcx_mzn!19sChIJzdex_5q52YgRbjdK40VuTjA?authuser=0&hl=en&rclk=1"
Alpha Brokers Corp,3.7,6,"2875 NW 82nd Ave, Miami, FL 33122",(305) 594-9290,alphabrokers.com,not_available,not_available,not_available,Customs broker,"QMXC+XF Miami, Florida",https://www.google.com/maps/place/Alpha+Brokers+Corp/data=!4m7!3m6!1s0x88d9b970fd3aedad:0x2e306d2d47c724e4!8m2!3d25.7999206!4d-80.3287985!16s%2Fg%2F1tlvqb76!19sChIJre06_XC52YgR5CTHRy1tMC4?authuser=0&hl=en&rclk=1
"M.A.S Customs Broker, Inc",5.0,not_available,"7225 NW 25th St #300, Miami, FL 33122",(305) 418-3155,mascustoms.com,not_available,not_available,not_available,Customs broker,"QMXP+7F Miami, Florida","https://www.google.com/maps/place/M.A.S+Customs+Broker,+Inc/data=!4m7!3m6!1s0x88d9b99ba85a10ed:0x8662b2f2532ed4bf!8m2!3d25.7981834!4d-80.3138689!16s%2Fg%2F1th6fn2r!19sChIJ7RBaqJu52YgRv9QuU_KyYoY?authuser=0&hl=en&rclk=1"
Omega Customs Brokers Inc,4.6,9,"2581 NW 74th Ave, Miami, FL 33122",(305) 592-5656,omegacb.com,not_available,not_available,not_available,Customs broker,"QMXM+78 Miami, Florida",https://www.google.com/maps/place/Omega+Customs+Brokers+Inc/data=!4m7!3m6!1s0x88d9b99c8a7c2671:0x2db8789a31e727c9!8m2!3d25.7981688!4d-80.3167455!16s%2Fg%2F1xpwkl7f!19sChIJcSZ8ipy52YgRySfnMZp4uC0?authuser=0&hl=en&rclk=1
Celia E Enriquez Customs Brokerage,5.0,not_available,"2550 NW 72nd Ave #108, Miami, FL 33122",(305) 591-4451,uscustomsbroker.com,not_available,not_available,not_available,Customs broker,"QMXP+5X Miami, Florida",https://www.google.com/maps/place/Celia+E+Enriquez+Customs+Brokerage/data=!4m7!3m6!1s0x88d9b99b1bb31ef3:0xe609da62b3819a7f!8m2!3d25.7978987!4d-80.3125583!16s%2Fg%2F1tfcczzj!19sChIJ8x6zG5u52YgRf5qBs2LaCeY?authuser=0&hl=en&rclk=1
JRM Customs Brokers,not_available,not_available,"7500 NW 25th St SUITE 216-A, Miami, FL 33152",(305) 597-0551,jrmchb.com,not_available,not_available,not_available,Customs broker,"QMWJ+3F Miami, Florida",https://www.google.com/maps/place/JRM+Customs+Brokers/data=!4m7!3m6!1s0x88d9b9c5ead0657d:0x1a9d0ea9bf08371e!8m2!3d25.7951697!4d-80.3188734!16s%2Fg%2F11fst87q58!19sChIJfWXQ6sW52YgRHjcIv6kOnRo?authuser=0&hl=en&rclk=1
International Trade Brokers and Forwarders,5.0,10,"2261 NW 66th Ave #221, Miami, FL 33122",(305) 874-2225,itbfusa.com,not_available,not_available,not_available,Customs broker,"QMWW+9F Miami, Florida",https://www.google.com/maps/place/International+Trade+Brokers+and+Forwarders/data=!4m7!3m6!1s0x88d9b0e198f9346d:0xe3ed253149b0f88a!8m2!3d25.795979!4d-80.3038289!16s%2Fg%2F1tftxrt2!19sChIJbTT5mOGw2YgRiviwSTEl7eM?authuser=0&hl=en&rclk=1
"America's Custom Brokers, Inc.",3.5,15,"2150 NW 70th Ave, Miami, FL 33122",(305) 591-9600,americascb.com,not_available,not_available,not_available,Customs broker,"QMVQ+FH Miami, Florida","https://www.google.com/maps/place/America%27s+Custom+Brokers,+Inc./data=!4m7!3m6!1s0x88d9b999fad75367:0x41afc6b709f44d50!8m2!3d25.7937217!4d-80.311029!16s%2Fg%2F1tg79vn9!19sChIJZ1PX-pm52YgRUE30CbfGr0E?authuser=0&hl=en&rclk=1"
"D Manganelli Logistics, INC",5.0,28,"8200 NW 33rd St STE 330, Doral, FL 33122",(305) 428-3374,dmanganelli.com,not_available,not_available,not_available,Customs broker,"RM39+7X Doral, Florida","https://www.google.com/maps/place/D+Manganelli+Logistics,+INC/data=!4m7!3m6!1s0x88d9b976dc58ca79:0x7b4bf9584d8b848b!8m2!3d25.8031592!4d-80.3301192!16s%2Fg%2F11clwj0l3b!19sChIJecpY3Ha52YgRi4SLTVj5S3s?authuser=0&hl=en&rclk=1"
U.S. Consolidated Customs Brokers Inc.,5.0,not_available,"3105 NW 107th Ave Ste 400, Miami, FL 33172",(305) 910-4753,us-ccb.com,not_available,not_available,not_available,Customs broker,"RJ3J+5V Miami, Florida",https://www.google.com/maps/place/U.S.+Consolidated+Customs+Brokers+Inc./data=!4m7!3m6!1s0x88d9bf28d411eded:0xca7d02e8b49c0849!8m2!3d25.8029951!4d-80.3678353!16s%2Fg%2F11tcwn7f0f!19sChIJ7e0R1Ci_2YgRSQictOgCfco?authuser=0&hl=en&rclk=1
Concept Brokerage,4.4,7,"3100 NW 72nd Ave #131, Miami, FL 33122",(305) 599-1488,conceptbrokerage.com,not_available,not_available,not_available,Customs broker,"RM3P+67 Miami, Florida",https://www.google.com/maps/place/Concept+Brokerage/data=!4m7!3m6!1s0x88d9b98455b482b1:0x8d877180d7d19f03!8m2!3d25.8030059!4d-80.3142598!16s%2Fg%2F1vyn4nj2!19sChIJsYK0VYS52YgRA5_R14Bxh40?authuser=0&hl=en&rclk=1
Ram's Cargo Brokers,5.0,not_available,"4815 NW 79th Ave UNIT 12, Doral, FL 33166",(305) 591-8277,ramscargo.com,not_available,not_available,not_available,Customs broker,"RM9F+4X Doral, Florida",https://www.google.com/maps/place/Ram%27s+Cargo+Brokers/data=!4m7!3m6!1s0x88d9b97e7a6df457:0xac889ba0cea15db5!8m2!3d25.817771!4d-80.32501!16s%2Fg%2F1tfpkmg5!19sChIJV_Rten652YgRtV2hzqCbiKw?authuser=0&hl=en&rclk=1
Transcargo Brokers Inc.,4.7,7,"2535A NW 72nd Ave, Miami, FL 33122",(305) 594-1928,transcargobrokers.com,not_available,not_available,not_available,Customs broker,"QMXP+4X Miami, Florida",https://www.google.com/maps/place/Transcargo+Brokers+Inc./data=!4m7!3m6!1s0x88d9b99ae2ee9985:0x3f79fdb93076455a!8m2!3d25.7978433!4d-80.3125284!16s%2Fg%2F1tqg13z0!19sChIJhZnu4pq52YgRWkV2MLn9eT8?authuser=0&hl=en&rclk=1
Customs Review,5.0,not_available,"1665 NW 102nd Ave #107, Doral, FL 33172",(305) 436-3081,not_available,not_available,not_available,not_available,Customs broker,"QJQQ+WX Doral, Florida",https://www.google.com/maps/place/Customs+Review/data=!4m7!3m6!1s0x88d9b936743d3c17:0xdc9969e36d924272!8m2!3d25.789824!4d-80.3600714!16s%2Fg%2F1tslkjj3!19sChIJFzw9dDa52YgRckKSbeNpmdw?authuser=0&hl=en&rclk=1
World Logistics MIA,3.7,3,"7270 NW 12th St, Miami, FL 33126",(305) 463-7376,worldlogisticsmia.com,not_available,not_available,not_available,Customs broker,"QMJP+J7 Miami, Florida",https://www.google.com/maps/place/World+Logistics+MIA/data=!4m7!3m6!1s0x88d9b9a46b6aaaab:0x6c047cde5d72ebca!8m2!3d25.7815861!4d-80.3142602!16s%2Fg%2F11f63y5s3j!19sChIJq6pqa6S52YgRyutyXd58BGw?authuser=0&hl=en&rclk=1
CEP Customs Broker,2.3,3,"2801 NW 74th Ave # 103, Miami, FL 33122",(305) 477-3477,cepbroker.com,not_available,not_available,not_available,Customs broker,"QMXM+JR Miami, Florida",https://www.google.com/maps/place/CEP+Customs+Broker/data=!4m7!3m6!1s0x88d9b99ca1d60eb7:0x4b94c0deae64e4ac!8m2!3d25.79902!4d-80.315414!16s%2Fg%2F1tq8kbv3!19sChIJtw7WoZy52YgRrORkrt7AlEs?authuser=0&hl=en&rclk=1
Custom Clearance Solutions,not_available,not_available,"7100 NW 12th St, Miami, FL 33126",(305) 639-2005,not_available,not_available,not_available,not_available,Customs broker,"QMJQ+XJ Miami, Florida",https://www.google.com/maps/place/Custom+Clearance+Solutions/data=!4m7!3m6!1s0x88d9b9bf9f00058b:0x3c3b715bbb07c20d!8m2!3d25.7824485!4d-80.3109531!16s%2Fg%2F1tgwt1rr!19sChIJiwUAn7-52YgRDcIHu1txOzw?authuser=0&hl=en&rclk=1
Bringer Customs Broker,4.3,6,"8351 NW 21st St, Miami, FL 33122",(888) 327-4643,bringercustomsbroker.com,not_available,not_available,not_available,Customs broker,"QMV9+HJ Miami, Florida",https://www.google.com/maps/place/Bringer+Customs+Broker/data=!4m7!3m6!1s0x88d9b97241993b91:0x93cc65a7c6b3272d!8m2!3d25.7939873!4d-80.3309368!16s%2Fg%2F11c5wmsk3d!19sChIJkTuZQXK52YgRLSezxqdlzJM?authuser=0&hl=en&rclk=1
MEC Customs Brokers,not_available,not_available,"10925 NW 27th St suite 1C, Doral, FL 33172",(305) 406-9722,not_available,not_available,not_available,not_available,Customs broker,"QJXG+M7 Doral, Florida",https://www.google.com/maps/place/MEC+Customs+Brokers/data=!4m7!3m6!1s0x88d9bfc748fd9387:0x304bf48a174e0d57!8m2!3d25.7991527!4d-80.3743389!16s%2Fg%2F11rzpbm402!19sChIJh5P9SMe_2YgRVw1OF4r0SzA?authuser=0&hl=en&rclk=1
"The Perishable Specialist, Inc.",3.3,3,"9831 NW 58th St UNIT 131, Doral, FL 33178",(305) 477-9906,theperishablespecialist.com,not_available,not_available,not_available,Customs broker,"RJGV+MG Doral, Florida","https://www.google.com/maps/place/The+Perishable+Specialist,+Inc./data=!4m7!3m6!1s0x88d9bbfaa60243fb:0xaa22ce7992514a67!8m2!3d25.8266268!4d-80.3562489!16s%2Fg%2F1tjjq55y!19sChIJ-0MCpvq72YgRZ0pRknnOIqo?authuser=0&hl=en&rclk=1"
SOS Customs Brokerage,not_available,not_available,"3650 NW 80th Ave, Doral, FL 33166",(305) 807-8850,soscustomsbrokerage.com,not_available,not_available,not_available,Customs consultant,"RM7C+8X Doral, Florida",https://www.google.com/maps/place/SOS+Customs+Brokerage/data=!4m7!3m6!1s0x88d9bbae4d4bac7b:0xba5816ccef68ff72!8m2!3d25.8132815!4d-80.3275419!16s%2Fg%2F11m5rzzvh4!19sChIJe6xLTa672YgRcv9o78wWWLo?authuser=0&hl=en&rclk=1
"HE-Z CUSTOMS BROKER, CORP",not_available,not_available,"7225 NW 25th St #310, Miami, FL 33122",(305) 406-3660,hezcustoms.com,not_available,not_available,not_available,Customs broker,"QMXP+7C Miami, Florida","https://www.google.com/maps/place/HE-Z+CUSTOMS+BROKER,+CORP/data=!4m7!3m6!1s0x88d9b99b11f6cd55:0x11bf7d4dbb3fbb41!8m2!3d25.798205!4d-80.3139779!16s%2Fg%2F11hbqd_vpq!19sChIJVc32EZu52YgRQbs_u019vxE?authuser=0&hl=en&rclk=1"
"KCI Customs Brokers, Inc",not_available,not_available,"1900 NW 82nd Ave, Miami, FL 33126",(305) 994-7200,kcimia.com,not_available,not_available,not_available,Customs broker,"QMRC+X5 Miami, Florida","https://www.google.com/maps/place/KCI+Customs+Brokers,+Inc/data=!4m7!3m6!1s0x88d9b94a245d375b:0x6bd35189ae7c5088!8m2!3d25.792496!4d-80.3296016!16s%2Fg%2F11sxx59v5g!19sChIJWzddJEq52YgRiFB8rolR02s?authuser=0&hl=en&rclk=1"
"GJ Enterprises, Customs Brokerage & Cosulting, Inc.",not_available,not_available,"1480 NW 94th Ave Suite 104, Doral, FL 33172",(305) 934-9657,not_available,Closed ⋅ Opens 8 AM Thu,not_available,not_available,Customs broker,"QMP2+VV Doral, Florida","https://www.google.com/maps/place/GJ+Enterprises,+Customs+Brokerage+%26+Cosulting,+Inc./data=!4m7!3m6!1s0x88d9b939104e4f7d:0xfbdc545de2d4c0b3!8m2!3d25.7871265!4d-80.3478706!16s%2Fg%2F1262nfwl1!19sChIJfU9OEDm52YgRs8DU4l1U3Ps?authuser=0&hl=en&rclk=1"
Livingston International,1.0,not_available,"3625 NW 82nd Ave Ste 107, Doral, FL 33166",(305) 629-9568,livingstonintl.com,not_available,not_available,not_available,Customs broker,"RM5C+2F Doral, Florida",https://www.google.com/maps/place/Livingston+International/data=!4m7!3m6!1s0x88d9b970f2943303:0xa2e159c9306408cd!8m2!3d25.80751!4d-80.3288349!16s%2Fg%2F1wl4rdl5!19sChIJAzOU8nC52YgRzQhkMMlZ4aI?authuser=0&hl=en&rclk=1
Commodity Forwarders Inc,3.0,5,"8150 NW 21st St, Doral, FL 33122",(305) 593-1774,cfiperishables.com,not_available,not_available,not_available,Freight forwarding service,"QMVF+32 Doral, Florida",https://www.google.com/maps/place/Commodity+Forwarders+Inc/data=!4m7!3m6!1s0x88d9b984d776344b:0x952f0d23638deaa8!8m2!3d25.792725!4d-80.3274786!16s%2Fg%2F12640_0yg!19sChIJSzR214S52YgRqOqNYyMNL5U?authuser=0&hl=en&rclk=1
Elite Customs Brokers Corp,5.0,6,not_available,(786) 543-1184,elitecustomsbrokers.com,not_available,not_available,not_available,Customs broker,not_available,https://www.google.com/maps/place/Elite+Customs+Brokers+Corp/data=!4m7!3m6!1s0xd1a435ea161808d:0x4c4c33da2749d34a!8m2!3d46.423669!4d-129.9427086!16s%2Fg%2F11l37q5ghp!19sChIJjYBhoV5DGg0RStNJJ9ozTEw?authuser=0&hl=en&rclk=1
"Happy Custom Brokers, Inc",not_available,not_available,"4615 NW 72nd Ave #115, Miami, FL 33166",(305) 593-1205,not_available,not_available,not_available,not_available,Customs broker,"RM8P+CW Miami, Florida","https://www.google.com/maps/place/Happy+Custom+Brokers,+Inc/data=!4m7!3m6!1s0x88d9b985d5b7b853:0x4155f72f5e5dce4e!8m2!3d25.8160353!4d-80.3127364!16s%2Fg%2F1ts1nfq5!19sChIJU7i31YW52YgRTs5dXi_3VUE?authuser=0&hl=en&rclk=1"
Latin Gate Customs Brokers Inc,5.0,9,"13831 SW 59th St #103, Miami, FL 33183",(305) 383-8364,latingatechb.com,not_available,not_available,not_available,Customs broker,"PH6J+MH Miami, Florida",https://www.google.com/maps/place/Latin+Gate+Customs+Brokers+Inc/data=!4m7!3m6!1s0x88d9c064e45c203f:0x40bb1101ec11d3ad!8m2!3d25.711736!4d-80.4185186!16s%2Fg%2F1vyk39dw!19sChIJPyBc5GTA2YgRrdMR7AERu0A?authuser=0&hl=en&rclk=1
Imperial Freight Brokers,4.0,22,"10890 NW 29th St, Doral, FL 33172",(305) 592-6910,imperialfreight.com,not_available,not_available,not_available,Freight forwarding service,"RJ2G+2R Doral, Florida",https://www.google.com/maps/place/Imperial+Freight+Brokers/data=!4m7!3m6!1s0x88d9b94a55555555:0xe41a0fbda04afb26!8m2!3d25.8000562!4d-80.372878!16s%2Fg%2F11f2wmf8tk!19sChIJVVVVVUq52YgRJvtKoL0PGuQ?authuser=0&hl=en&rclk=1
All Cleared Customs Brokerage,5.0,2,"3350 Virginia St, Miami, FL 33133",(347) 952-8680,accb.us,not_available,not_available,not_available,Customs broker,"PQH5+C8 Miami, Florida",https://www.google.com/maps/place/All+Cleared+Customs+Brokerage/data=!4m7!3m6!1s0x88d9b7ba04cd6d25:0x510b2ac79586d620!8m2!3d25.7286097!4d-80.241633!16s%2Fg%2F11vyc91k9b!19sChIJJW3NBLq32YgRINaGlccqC1E?authuser=0&hl=en&rclk=1
GT Brokers Corp,not_available,not_available,"7791 NW 46th St STE 208, Doral, FL 33166",(305) 629-9240,gtbrokers.com,not_available,not_available,not_available,Customs broker,"RM8G+6H Doral, Florida",https://www.google.com/maps/place/GT+Brokers+Corp/data=!4m7!3m6!1s0x88d9b99ca1d60eb7:0x27307d195e959e1e!8m2!3d25.8156221!4d-80.3235446!16s%2Fg%2F1tdq_j6h!19sChIJtw7WoZy52YgRHp6VXhl9MCc?authuser=0&hl=en&rclk=1
Lufran International Inc,4.2,15,"2250 NW 96th Ave #201, Doral, FL 33172",(305) 594-1070,lufran-intl.com,not_available,not_available,not_available,Customs broker,"QJVX+PF Doral, Florida",https://www.google.com/maps/place/Lufran+International+Inc/data=!4m7!3m6!1s0x88d9b053ab4d9a63:0xc3f5462b8d383062!8m2!3d25.794317!4d-80.351339!16s%2Fg%2F1tfqrr9m!19sChIJY5pNq1Ow2YgRYjA4jStG9cM?authuser=0&hl=en&rclk=1
"Expedited World Cargo, Inc.",4.7,18,"9667 NW 33rd St, Doral, FL 33178",(305) 392-5085,ewcnow.com,not_available,not_available,not_available,Freight forwarding service,"RJ4X+7C Doral, Florida","https://www.google.com/maps/place/Expedited+World+Cargo,+Inc./data=!4m7!3m6!1s0x88d9b95aa28f4765:0x8dc300e425f64502!8m2!3d25.805659!4d-80.35147!16s%2Fg%2F1v9gktbf!19sChIJZUePolq52YgRAkX2JeQAw40?authuser=0&hl=en&rclk=1"
"A1 Worldwide Logistics, Inc.",4.8,239,"1035 NE 125th St #320, North Miami, FL 33161",(305) 912-0631,a1worldwidelogistics.com,not_available,not_available,not_available,Customs broker,"VRRC+8V North Miami, Florida","https://www.google.com/maps/place/A1+Worldwide+Logistics,+Inc./data=!4m7!3m6!1s0x88d9bb2c3291fd39:0x81c8608ebf8536fd!8m2!3d25.8908533!4d-80.1778216!16s%2Fg%2F11c0qgmq5z!19sChIJOf2RMiy72YgR_TaFv45gyIE?authuser=0&hl=en&rclk=1"
United Customs Services Inc,4.7,3,"8201 NW 87th Ave suite 800, Medley, FL 33178",(305) 639-9584,unitedcustomservices.com,not_available,not_available,not_available,Customs broker,"RMV6+2V Medley, Florida",https://www.google.com/maps/place/United+Customs+Services+Inc/data=!4m7!3m6!1s0x88d9b106fba16897:0xb22f4a4072f60d89!8m2!3d25.8426127!4d-80.3378701!16s%2Fg%2F1tf1ck6k!19sChIJl2ih-wax2YgRiQ32ckBKL7I?authuser=0&hl=en&rclk=1
American Wings,4.1,14,"3000 NW 79th Ave, Doral, FL 33122",(305) 477-7733,americanwingsfl.com,not_available,not_available,not_available,Freight forwarding service,"RM2F+QV Doral, Florida",https://www.google.com/maps/place/American+Wings/data=!4m7!3m6!1s0x88d9b979c4a80b73:0xc9e97deb47a4d735!8m2!3d25.8018966!4d-80.3253051!16s%2Fg%2F1tg4m5d3!19sChIJcwuoxHm52YgRNdekR-t96ck?authuser=0&hl=en&rclk=1
Ameritrans Express Inc,5.0,3,"7215 NW 41st St Bay K, Miami, FL 33166",(305) 591-8111,not_available,not_available,not_available,not_available,Customs broker,"RM6P+PH Miami, Florida",https://www.google.com/maps/place/Ameritrans+Express+Inc/data=!4m7!3m6!1s0x88d9b98766c32877:0x96bf634671656cb3!8m2!3d25.8118465!4d-80.3135623!16s%2Fg%2F1v9lcl9k!19sChIJdyjDZoe52YgRs2xlcUZjv5Y?authuser=0&hl=en&rclk=1
Hecny Transportation Inc,3.9,21,"1904 NW 82nd Ave, Doral, FL 33126",(305) 594-5882,hecny.com,not_available,not_available,not_available,Freight forwarding service,"QMRC+Q7 Doral, Florida",https://www.google.com/maps/place/Hecny+Transportation+Inc/data=!4m7!3m6!1s0x88d9b973a7fcdff5:0x1f9dcd4b658e9854!8m2!3d25.7919374!4d-80.3293448!16s%2Fg%2F1vf9d516!19sChIJ9d_8p3O52YgRVJiOZUvNnR8?authuser=0&hl=en&rclk=1
MH Logistics,5.0,12,"3042 NW 73rd St Suite 4, Miami, FL 33147",(786) 937-5352,mhls.co,not_available,not_available,not_available,Freight forwarding service,"RQR3+29 Miami, Florida",https://www.google.com/maps/place/MH+Logistics/data=!4m7!3m6!1s0x88d9b1cd039e420b:0x3c934124341baee6!8m2!3d25.8400393!4d-80.2466008!16s%2Fg%2F11kqlt2jd0!19sChIJC0KeA82x2YgR5q4bNCRBkzw?authuser=0&hl=en&rclk=1
Compass Freight Brokers Inc,5.0,5,"8900 NW 35th Ln #140, Doral, FL 33172",(305) 363-2007,compassfreightbrokers.com,Closed ⋅ Opens 8:30 AM Thu,not_available,not_available,Freight forwarding service,"RM45+PQ Doral, Florida",https://www.google.com/maps/place/Compass+Freight+Brokers+Inc/data=!4m7!3m6!1s0x88d9b9471de66c7d:0xc4eb00548daed239!8m2!3d25.8067777!4d-80.340567!16s%2Fg%2F11fsvr7_wf!19sChIJfWzmHUe52YgROdKujVQA68Q?authuser=0&hl=en&rclk=1
Artgue International Inc,4.6,9,"6734 NW 72nd Ave, Miami, FL 33166",(305) 887-3636,artgue.com,not_available,not_available,not_available,Customs broker,"RMPP+22 Miami, Florida",https://www.google.com/maps/place/Artgue+International+Inc/data=!4m7!3m6!1s0x88d9ba36237252dd:0x4adb77bf6a9b82ae!8m2!3d25.8350421!4d-80.3148952!16s%2Fg%2F1tdzmc0v!19sChIJ3VJyIza62YgRroKbar9320o?authuser=0&hl=en&rclk=1
Demark Global Logistics,4.3,6,"2100 NW 129th Ave, Miami, FL 33182",(305) 477-0046,not_available,not_available,not_available,not_available,Customs broker,"QJV9+HF Miami, Florida",https://www.google.com/maps/place/Demark+Global+Logistics/data=!4m7!3m6!1s0x88d9beb8a2b7f515:0xbdbca2981432c99a!8m2!3d25.7939262!4d-80.381262!16s%2Fg%2F1tdq1ydk!19sChIJFfW3ori-2YgRmskyFJiivL0?authuser=0&hl=en&rclk=1
Brokerage International Inc,not_available,not_available,"7225 NW 25th St #301, Miami, FL 33122",(305) 639-3335,brokerageintl.com,not_available,not_available,not_available,Customs broker,"QMXP+7C Miami, Florida",https://www.google.com/maps/place/Brokerage+International+Inc/data=!4m7!3m6!1s0x88d9b99ba85a10ed:0x1034fd9397ae8e4b!8m2!3d25.798205!4d-80.3139779!16s%2Fg%2F1td59dvc!19sChIJ7RBaqJu52YgRS46ul5P9NBA?authuser=0&hl=en&rclk=1
Folgueras Customs Broker Corp,5.0,not_available,"14750 NW 77th Ct Suite 205, Miami Lakes, FL 33016",(305) 556-5230,folguerascb.com,not_available,not_available,not_available,Customs broker,"WM5F+2C Miami Lakes, Florida",https://www.google.com/maps/place/Folgueras+Customs+Broker+Corp/data=!4m7!3m6!1s0x88d9beb4a07ebcb3:0x7be51a78aa23cbcc!8m2!3d25.9075759!4d-80.326446!16s%2Fg%2F1vnnk662!19sChIJs7x-oLS-2YgRzMsjqnga5Xs?authuser=0&hl=en&rclk=1
Kathmar Freight Logistics Services,5.0,11,"11155 NW 33rd St, Doral, FL 33172",(305) 597-9696,kathmarfreight.com,not_available,not_available,not_available,Freight forwarding service,"RJ3F+Q4 Doral, Florida",https://www.google.com/maps/place/Kathmar+Freight+Logistics+Services/data=!4m7!3m6!1s0x88d9bb2a9af6f323:0xfb6417da56e95da7!8m2!3d25.8044702!4d-80.3771632!16s%2Fg%2F11qn6y_drv!19sChIJI_P2miq72YgRp13pVtoXZPs?authuser=0&hl=en&rclk=1
Michael Andres CHB,not_available,not_available,"7500 NW 25th St STE 248, Doral, FL 33122",(305) 999-5297,machbinc.us,not_available,not_available,not_available,Customs broker,"QMWJ+49 Doral, Florida",https://www.google.com/maps/place/Michael+Andres+CHB/data=!4m7!3m6!1s0x88d9b9c5a2140a8f:0x7bdfde6a606ec607!8m2!3d25.7953672!4d-80.3190977!16s%2Fg%2F11qh45n3ts!19sChIJjwoUosW52YgRB8ZuYGre33s?authuser=0&hl=en&rclk=1
Customs Brokerage Xpress,not_available,not_available,not_available,(305) 477-1167,cbxusa.com,not_available,not_available,not_available,Customs broker,not_available,https://www.google.com/maps/place/Customs+Brokerage+Xpress/data=!4m7!3m6!1s0x88d9b90968b90c01:0x50340e8811b1fb7!8m2!3d25.5584269!4d-80.468195!16s%2Fg%2F1vf9d512!19sChIJAQy5aAm52YgRtx8bgehAAwU?authuser=0&hl=en&rclk=1
Customized Brokers,3.0,2,"10205 NW 108th Ave #1, Miami, FL 33178",(305) 471-8989,crow.ly,not_available,not_available,not_available,Customs broker,"VJ8H+62 Miami, Florida",https://www.google.com/maps/place/Customized+Brokers/data=!4m7!3m6!1s0x88d9b90b0106d61d:0x2069de2bb13d3be5!8m2!3d25.8655517!4d-80.3724835!16s%2Fg%2F12639t4v0!19sChIJHdYGAQu52YgR5Ts9sSveaSA?authuser=0&hl=en&rclk=1
Alva Freight International (Freight Forwarder & NVOCC),4.4,17,"7750 NW 46th St, Doral, FL 33166",(305) 403-7755,alvafreight.com,Closed ⋅ Opens 8 AM Thu,not_available,not_available,Freight forwarding service,"RM7H+W6 Doral, Florida",https://www.google.com/maps/place/Alva+Freight+International+%28Freight+Forwarder+%26+NVOCC%29/data=!4m7!3m6!1s0x88d9bbd5b1eeb741:0x69cce2b24a87b268!8m2!3d25.8148668!4d-80.3219217!16s%2Fg%2F1q5gnbz6m!19sChIJQbfusdW72YgRaLKHSrLizGk?authuser=0&hl=en&rclk=1
Brauner International Corporation,not_available,not_available,"8725 NW 18th Terrace #402, Miami, FL 33172",(305) 477-8097,braunerintl.com,not_available,not_available,not_available,Customs broker,"QMR6+QV Miami, Florida",https://www.google.com/maps/place/Brauner+International+Corporation/data=!4m7!3m6!1s0x88d9beb454185d91:0x4fc5c5b49c6d502d!8m2!3d25.791904!4d-80.337804!16s%2Fg%2F1tff_9cd!19sChIJkV0YVLS-2YgRLVBtnLTFxU8?authuser=0&hl=en&rclk=1
"Worldwide Customs Services, Inc.",not_available,not_available,"2505 NW 74th Ave, Miami, FL 33122",(305) 639-9784,worldwidemiami.com,not_available,not_available,not_available,Customs broker,"QMXM+X6 Miami, Florida","https://www.google.com/maps/place/Worldwide+Customs+Services,+Inc./data=!4m7!3m6!1s0x88d9b99cb7af08e3:0x99414cbe6b146d55!8m2!3d25.7999477!4d-80.3169901!16s%2Fg%2F11cmdhkw0m!19sChIJ4wivt5y52YgRVW0Ua75MQZk?authuser=0&hl=en&rclk=1"
LogiCarrier Corp,4.9,43,"5065 NW 74th Ave # 7, Miami, FL 33166",(786) 615-2402,logicarrier.com,not_available,not_available,not_available,Freight forwarding service,"RM9M+VF Miami, Florida",https://www.google.com/maps/place/LogiCarrier+Corp/data=!4m7!3m6!1s0x88d9ba2d837a5a47:0x6062ba163f0b8fde!8m2!3d25.8196278!4d-80.3163288!16s%2Fg%2F1pv29wgct!19sChIJR1p6gy262YgR3o8LPxa6YmA?authuser=0&hl=en&rclk=1
"Air Sea Customs Services, Inc",not_available,not_available,"1955 NW 72nd Ave, Miami, FL 33126",(305) 592-5177,airseaship.com,not_available,not_available,not_available,Customs broker,"QMRQ+V4 Miami, Florida","https://www.google.com/maps/place/Air+Sea+Customs+Services,+Inc/data=!4m7!3m6!1s0x88d9b999baa496ef:0x9499aa9f3816523c!8m2!3d25.7922!4d-80.312196!16s%2Fg%2F11g873y2v3!19sChIJ75akupm52YgRPFIWOJ-qmZQ?authuser=0&hl=en&rclk=1"
Karga Global inc,1.0,not_available,"2175 NW 115th Ave, Doral, FL 33172",(786) 797-3005,not_available,not_available,not_available,not_available,Customs broker,"QJV9+M2 Doral, Florida",https://www.google.com/maps/place/Karga+Global+inc/data=!4m7!3m6!1s0x88d9beb8b3f87123:0xb7c1f95a1b3324b1!8m2!3d25.7941763!4d-80.3824008!16s%2Fg%2F11c549hrxf!19sChIJI3H4s7i-2YgRsSQzG1r5wbc?authuser=0&hl=en&rclk=1
EvoluXion Y LLC,5.0,6,"8195 NW 54th St, Doral, FL 33166",(305) 510-4393,evoluxiony.com,not_available,not_available,not_available,Transportation service,"RMFC+37 Doral, Florida",https://www.google.com/maps/place/EvoluXion+Y+LLC/data=!4m7!3m6!1s0x88d9bbcbf9ad45a1:0xefe3a701e578459!8m2!3d25.8227445!4d-80.3293224!16s%2Fg%2F11h7d10tvc!19sChIJoUWt-cu72YgRWYRXHnA6_g4?authuser=0&hl=en&rclk=1
Miami Customs Services Inc,not_available,not_available,"8105 NW 74th St, Medley, FL 33166",(305) 599-2151,gomiamicustoms.com,not_available,not_available,not_available,Customs broker,"RMRC+G3 Medley, Florida",https://www.google.com/maps/place/Miami+Customs+Services+Inc/data=!4m7!3m6!1s0x88d9bbb726d515c3:0x55f98e2911da5e58!8m2!3d25.841297!4d-80.3298413!16s%2Fg%2F1thd7h17!19sChIJwxXVJre72YgRWF7aESmO-VU?authuser=0&hl=en&rclk=1
LONGO CUSTOMS SERVICE,1.7,49,"1080 SE 5th St #300, Hialeah, FL 33010",(941) 249-7550,not_available,not_available,not_available,not_available,Customs broker,"RP9R+84 Hialeah, Florida",https://www.google.com/maps/place/LONGO+CUSTOMS+SERVICE/data=!4m7!3m6!1s0x88d9b1a0f7f07849:0xd720fc6b131f9299!8m2!3d25.8183267!4d-80.2596583!16s%2Fg%2F11q94bljdq!19sChIJSXjw96Cx2YgRmZIfE2v8INc?authuser=0&hl=en&rclk=1
CONTINENTAL FREIGHT FORWARDING,4.5,19,"2301 NW 107th Ave, Doral, FL 33172",(305) 592-8198,cff-inc.com,not_available,not_available,not_available,Freight forwarding service,"QJVJ+MH Doral, Florida",https://www.google.com/maps/place/CONTINENTAL+FREIGHT+FORWARDING/data=!4m7!3m6!1s0x88d9bbf0133502df:0xb5b0a37528fadfdb!8m2!3d25.794222!4d-80.3685052!16s%2Fg%2F11bycg0mpr!19sChIJ3wI1E_C72YgR29_6KHWjsLU?authuser=0&hl=en&rclk=1
Biscayne Import Services Inc,not_available,not_available,"2287 NW 102nd Pl, Doral, FL 33172",(305) 477-7323,biscayneimport.com,not_available,not_available,not_available,Customs broker,"QJWP+4W Doral, Florida",https://www.google.com/maps/place/Biscayne+Import+Services+Inc/data=!4m7!3m6!1s0x88d9b94baf38b00f:0x817eb25c38c9deb3!8m2!3d25.7953637!4d-80.3626266!16s%2Fg%2F1vqthlc0!19sChIJD7A4r0u52YgRs97JOFyyfoE?authuser=0&hl=en&rclk=1
C Air Brokers & Forwarders Inc,4.3,12,"5959 NW 35th Ave, Miami, FL 33142",(305) 477-8112,c-air.com,not_available,not_available,not_available,Customs broker,"RPHW+CQ Miami, Florida",https://www.google.com/maps/place/C+Air+Brokers+%26+Forwarders+Inc/data=!4m7!3m6!1s0x88d9b0c0621fb8ab:0x3af844d4243e4bfe!8m2!3d25.8285855!4d-80.2530235!16s%2Fg%2F12638qz_y!19sChIJq7gfYsCw2YgR_ks-JNRE-Do?authuser=0&hl=en&rclk=1
Ramps Logistics LLC.,5.0,not_available,"1940 NW 82nd Ave, Doral, FL 33122",(305) 906-5168,rampslogistics.com,not_available,not_available,not_available,Freight forwarding service,"QMVC+45 Doral, Florida",https://www.google.com/maps/place/Ramps+Logistics+LLC./data=!4m7!3m6!1s0x88d9b973ac2cf4d3:0xa1358ab6f822db0d!8m2!3d25.7927773!4d-80.329504!16s%2Fg%2F11gfgzs3pg!19sChIJ0_QsrHO52YgRDdsi-LaKNaE?authuser=0&hl=en&rclk=1
Carmichael International Service,not_available,not_available,"1825 NW 87th Ave, Doral, FL 33172",(305) 593-0449,carmnet.com,not_available,not_available,not_available,Customs broker,"QMR7+HF Doral, Florida",https://www.google.com/maps/place/Carmichael+International+Service/data=!4m7!3m6!1s0x88d9b94d3f2478e1:0xca35b0b1803ee1af!8m2!3d25.7914157!4d-80.3362824!16s%2Fg%2F11h7fkpv93!19sChIJ4XgkP0252YgRr-E-gLGwNco?authuser=0&hl=en&rclk=1
Transmar Customs Brokers,not_available,not_available,"5220 NW 72nd Ave #24, Miami, FL 33166",(305) 717-3409,not_available,not_available,not_available,not_available,Customs broker,"RMCP+G4 Miami, Florida",https://www.google.com/maps/place/Transmar+Customs+Brokers/data=!4m7!3m6!1s0x88d9bb203e0245f7:0x1ca7f4b71b341077!8m2!3d25.8212623!4d-80.3146538!16s%2Fg%2F11nzszgh48!19sChIJ90UCPiC72YgRdxA0G7f0pxw?authuser=0&hl=en&rclk=1
Evertrust World Logistics,5.0,2,"10161 NW 87th Ct, Medley, FL 33178",(954) 204-2441,evertrustworldlogistics.com,not_available,not_available,not_available,Customs broker,"VMC6+J5 Medley, Florida",https://www.google.com/maps/place/Evertrust+World+Logistics/data=!4m7!3m6!1s0x88d9bb3461fc35bf:0x84d4c8c88a745f98!8m2!3d25.8715722!4d-80.3395201!16s%2Fg%2F11frr3fvdn!19sChIJvzX8YTS72YgRmF90isjI1IQ?authuser=0&hl=en&rclk=1
Aeroseas Brokers International Inc,not_available,not_available,"3399 NW 72nd Ave Suite 223, Miami, FL 33122",(305) 599-8744,aeroseas.com,not_available,not_available,not_available,Customs broker,"RM4P+2X Miami, Florida",https://www.google.com/maps/place/Aeroseas+Brokers+International+Inc/data=!4m7!3m6!1s0x88d9b985d5b7b853:0xb273a40c8e327890!8m2!3d25.8050268!4d-80.3125613!16s%2Fg%2F11bwm44dgw!19sChIJU7i31YW52YgRkHgyjgykc7I?authuser=0&hl=en&rclk=1
CC Customs Broker,not_available,not_available,not_available,(786) 309-5450,alain2174.wixsite.com,not_available,not_available,not_available,Customs broker,not_available,https://www.google.com/maps/place/CC+Customs+Broker/data=!4m7!3m6!1s0x88d9bdaefdb66f21:0x67bdc048a3bef268!8m2!3d46.423669!4d-129.9427086!16s%2Fg%2F11r9rttvy9!19sChIJIW-2_a692YgRaPK-o0jAvWc?authuser=0&hl=en&rclk=1
Terra Global Logistics - Freight Forwarding Miami Fl,4.2,29,"11767 S Dixie Hwy, Miami, FL 33156",(844) 594-6684,terrafreightforwarder.com,not_available,not_available,not_available,Freight forwarding service,"MM6F+CX Miami, Florida",https://www.google.com/maps/place/Terra+Global+Logistics+-+Freight+Forwarding+Miami+Fl/data=!4m7!3m6!1s0x88d9c6f9db5e0aa9:0x83c0b87d209f9e2b!8m2!3d25.6611249!4d-80.3251187!16s%2Fg%2F11f_kmttks!19sChIJqQpe2_nG2YgRK56fIH24wIM?authuser=0&hl=en&rclk=1
IBL Customs Broker,not_available,not_available,"10718 NW 78th Terrace, Miami, FL 33178",(305) 877-2176,not_available,not_available,not_available,not_available,Customs broker,"RJWH+8H Miami, Florida",https://www.google.com/maps/place/IBL+Customs+Broker/data=!4m7!3m6!1s0x88d9bd93d29ee2e9:0xc23b0feb11b558e5!8m2!3d25.8458733!4d-80.3710733!16s%2Fg%2F11t3162yy2!19sChIJ6eKe0pO92YgR5Vi1EesPO8I?authuser=0&hl=en&rclk=1
CARE AT MIA,5.0,7,"2375 NW 70th Ave Unit B-09, Miami, FL 33122",(305) 885-5244,not_available,not_available,not_available,not_available,Pet moving service,"QMWR+75 Miami, Florida",https://www.google.com/maps/place/CARE+AT+MIA/data=!4m7!3m6!1s0x88d9b929cea4ed53:0xb2a203669c00d408!8m2!3d25.7956473!4d-80.3095664!16s%2Fg%2F11vkldpm1s!19sChIJU-2kzim52YgRCNQAnGYDorI?authuser=0&hl=en&rclk=1
"Vimar Transportation Consultants, Inc.",2.9,7,"4065 NW 79th Ave, Miami, FL 33166",(305) 591-9578,vimartrans.com,not_available,not_available,not_available,Customs broker,"RM6G+83 Miami, Florida","https://www.google.com/maps/place/Vimar+Transportation+Consultants,+Inc./data=!4m7!3m6!1s0x88d9b97e4062db49:0xba7113278c133475!8m2!3d25.8107648!4d-80.3248507!16s%2Fg%2F1q6cfntdx!19sChIJSdtiQH652YgRdTQTjCcTcbo?authuser=0&hl=en&rclk=1"
"Cargo Brokers International, Inc.",5.0,not_available,"1751 NW 129th Ave suite 115, Miami, FL 33182",(305) 477-3990,cargobrokers.com,not_available,not_available,not_available,Freight forwarding service,"QHRW+35 Miami, Florida","https://www.google.com/maps/place/Cargo+Brokers+International,+Inc./data=!4m7!3m6!1s0x88d9beb151fbbb4b:0x162c906ebd008314!8m2!3d25.7901848!4d-80.4046176!16s%2Fg%2F1v8y4v51!19sChIJS7v7UbG-2YgRFIMAvW6QLBY?authuser=0&hl=en&rclk=1"
Venegroup Services INC - Envíos desde USA a Venezuela,4.6,503,"11421 NW 39th St, Doral, FL 33178",(305) 400-8771,comprasyenvios.com,not_available,not_available,not_available,Shipping company,"RJ69+34 Doral, Florida",https://www.google.com/maps/place/Venegroup+Services+INC+-+Env%C3%ADos+desde+USA+a+Venezuela/data=!4m7!3m6!1s0x88d9bea3ea7b28ed:0x6daf660072883fb6!8m2!3d25.8101692!4d-80.3821986!16s%2Fg%2F11bbx0w_h6!19sChIJ7Sh76qO-2YgRtj-IcgBmr20?authuser=0&hl=en&rclk=1
Nobel Cargo Systems,4.3,7,"1680 NW 82nd Ave, Doral, FL 33126",(305) 341-0680,nobelcargo.com,not_available,not_available,not_available,Freight forwarding service,"QMQC+R8 Doral, Florida",https://www.google.com/maps/place/Nobel+Cargo+Systems/data=!4m7!3m6!1s0x88d9b96d1899361d:0x8d13802aa4d9a675!8m2!3d25.7896094!4d-80.3291477!16s%2Fg%2F11c3kdbt3w!19sChIJHTaZGG252YgRdabZpCqAE40?authuser=0&hl=en&rclk=1
Elite Broker Services,4.5,34,"8566 NW 72nd St, Doral, FL 33166",(786) 631-7203,elitebrokerservicescorp.com,not_available,not_available,not_available,Freight forwarding service,"RMQ7+F7 Doral, Florida",https://www.google.com/maps/place/Elite+Broker+Services/data=!4m7!3m6!1s0x88d9bb08fb80eb53:0x5157c52e4196d9b1!8m2!3d25.8387352!4d-80.3368528!16s%2Fg%2F11fmprnjb_!19sChIJU-uA-wi72YgRsdmWQS7FV1E?authuser=0&hl=en&rclk=1
Acg Brokerage Inc,not_available,not_available,"6555 NW 36th St #310, Virginia Gardens, FL 33166",(305) 876-9472,not_available,not_available,not_available,not_available,Customs broker,"RM5W+3W Virginia Gardens, Florida",https://www.google.com/maps/place/Acg+Brokerage+Inc/data=!4m7!3m6!1s0x88d9b98bba88377f:0xe6112898dd48e46!8m2!3d25.8076821!4d-80.3026799!16s%2Fg%2F1v62jgbp!19sChIJfzeIuou52YgRRo7UjYkSYQ4?authuser=0&hl=en&rclk=1
Codotrans Inc,4.3,24,"8550 NW 17th St Ste 110, Doral, FL 33126",(305) 994-3290,codotransinc.com,not_available,not_available,not_available,Freight forwarding service,"QMQ7+9W Doral, Florida",https://www.google.com/maps/place/Codotrans+Inc/data=!4m7!3m6!1s0x88d9b90a7cb2e3ef:0x7bac63279cc26f27!8m2!3d25.7884614!4d-80.335136!16s%2Fg%2F1v4k79pw!19sChIJ7-OyfAq52YgRJ2_CnCdjrHs?authuser=0&hl=en&rclk=1
Chatelain Cargo Services Inc Miami FL USA| A World-Wide Freight Services Company,not_available,not_available,"8900 NW 35th Ln #140, Doral, FL 33172",(305) 552-5212,chatelaincargo.com,not_available,not_available,not_available,Import export company,"RM45+MW Doral, Florida",https://www.google.com/maps/place/Chatelain+Cargo+Services+Inc+Miami+FL+USA%7C+A+World-Wide+Freight+Services+Company/data=!4m7!3m6!1s0x88d9bbbc9983f113:0xab88c27cf300ee3!8m2!3d25.8067214!4d-80.3401539!16s%2Fg%2F11g0llf1j2!19sChIJE_GDmby72YgR4w4wzyeMuAo?authuser=0&hl=en&rclk=1
Carlos Lastra Customhouse Brokerage,not_available,not_available,"7450 SW 48th St, Miami, FL 33155",(786) 534-8181,lastrachb.com,not_available,not_available,not_available,Customs broker,"PMFP+W6 Miami, Florida",https://www.google.com/maps/place/Carlos+Lastra+Customhouse+Brokerage/data=!4m7!3m6!1s0x88d9b87a4a00b893:0x37f50edf03aca060!8m2!3d25.724806!4d-80.3144383!16s%2Fg%2F11gg746khj!19sChIJk7gASnq42YgRYKCsA98O9Tc?authuser=0&hl=en&rclk=1
All Ports Transport,not_available,not_available,"7791 NW 46th St STE 326, Doral, FL 33166",(305) 463-7625,all-ports.com,not_available,not_available,not_available,Logistics service,"RM8G+7H Doral, Florida",https://www.google.com/maps/place/All+Ports+Transport/data=!4m7!3m6!1s0x88d9bc9f397a0447:0x8aa3368e8226a693!8m2!3d25.815741!4d-80.323569!16s%2Fg%2F1tmk994_!19sChIJRwR6OZ-82YgRk6Ymgo42o4o?authuser=0&hl=en&rclk=1
Freight180,4.7,15,"8200 NW 41st St Suite 200-21, Doral, FL 33166",(833) 227-4639,freight180.com,not_available,not_available,not_available,Freight forwarding service,"RM69+CQ Doral, Florida",https://www.google.com/maps/place/Freight180/data=!4m7!3m6!1s0x88d9b9fd7f6880d3:0x5afac1cf98d259a5!8m2!3d25.8110604!4d-80.3306115!16s%2Fg%2F11jpsxjvtg!19sChIJ04Bof_252YgRpVnSmM_B-lo?authuser=0&hl=en&rclk=1
G & G International,5.0,2,"1820 NW 82nd Ave, Doral, FL 33126",(305) 591-8830,not_available,not_available,not_available,not_available,Freight forwarding service,"QMRC+99 Doral, Florida",https://www.google.com/maps/place/G+%26+G+International/data=!4m7!3m6!1s0x88d9b9733b3f1159:0xa921a0e5e836166a!8m2!3d25.7909522!4d-80.329053!16s%2Fg%2F1tctybzw!19sChIJWRE_O3O52YgRahY26OWgIak?authuser=0&hl=en&rclk=1
USA TRADING GROUP CORP,not_available,not_available,"7539 NW 70th St, Miami, FL 33166",(786) 848-5434,not_available,not_available,not_available,not_available,Customs broker,"RMQJ+38 Miami, Florida",https://www.google.com/maps/place/USA+TRADING+GROUP+CORP/data=!4m7!3m6!1s0x88d9bbd6754b41ed:0xf108f89a1a7bebd4!8m2!3d25.8376935!4d-80.3191307!16s%2Fg%2F11rz7p7sxv!19sChIJ7UFLdda72YgR1Ot7Gpr4CPE?authuser=0&hl=en&rclk=1
Planet Logistics,4.4,57,"671 W 18th St, Hialeah, FL 33010",(305) 885-0514,planetlogisticsgrusa.com,not_available,not_available,not_available,Freight forwarding service,"RPQ3+7P Hialeah, Florida",https://www.google.com/maps/place/Planet+Logistics/data=!4m7!3m6!1s0x88d9ba6bb1284443:0x534383070dc04bcb!8m2!3d25.8382084!4d-80.2956653!16s%2Fg%2F113gpf16_!19sChIJQ0QosWu62YgRy0vADQeDQ1M?authuser=0&hl=en&rclk=1
Access global express LLC ( AGX ),not_available,not_available,"8244 NW 14th St, Doral, FL 33126",(305) 724-5425,not_available,not_available,not_available,not_available,Shipping company,"QMPC+73 Doral, Florida",https://www.google.com/maps/place/Access+global+express+LLC+%28+AGX+%29/data=!4m7!3m6!1s0x88d9b971a962d253:0x1feae8862d8e7484!8m2!3d25.7856982!4d-80.3298225!16s%2Fg%2F11px9rfspy!19sChIJU9JiqXG52YgRhHSOLYbo6h8?authuser=0&hl=en&rclk=1
Howard S Reeder Inc,5.0,3,"9627 S Dixie Hwy, Miami, FL 33156",(305) 371-8431,howardsreederinc.com,not_available,not_available,not_available,Customs broker,"MMJM+7M Miami, Florida",https://www.google.com/maps/place/Howard+S+Reeder+Inc/data=!4m7!3m6!1s0x88d9b64c8f85f0cf:0x48aeb409d23c5e38!8m2!3d25.680693!4d-80.315805!16s%2Fg%2F1tn020j7!19sChIJz_CFj0y22YgROF480gm0rkg?authuser=0&hl=en&rclk=1
"Pro AG CHB-Logistics, Inc.",not_available,not_available,"10914 NW 33rd St Suite 110, Doral, FL 33172",(305) 406-1167,proaglogistics.com,not_available,not_available,not_available,Customs broker,"RJ3G+F3 Doral, Florida","https://www.google.com/maps/place/Pro+AG+CHB-Logistics,+Inc./data=!4m7!3m6!1s0x88d9beb030295f57:0x3a6df0b3e32f1e10!8m2!3d25.803635!4d-80.37476!16s%2Fg%2F1tmxrtvm!19sChIJV18pMLC-2YgREB4v47PwbTo?authuser=0&hl=en&rclk=1"
"D & B Customs Brokers, LLC",5.0,13,not_available,(305) 525-7147,dbcustomsbrokers.com,not_available,not_available,not_available,Customs broker,not_available,"https://www.google.com/maps/place/D+%26+B+Customs+Brokers,+LLC/data=!4m7!3m6!1s0x89b8b7a76151e7f1:0x8efb3eb564c59e75!8m2!3d46.423669!4d-129.9427086!16s%2Fg%2F11v18cyw_4!19sChIJ8edRYae3uIkRdZ7FZLU--44?authuser=0&hl=en&rclk=1"
Elemar International Forwarding,4.2,12,"3475 NW 114th Ave, Doral, FL 33178",(305) 593-5666,elemar.com,not_available,not_available,not_available,Freight forwarding service,"RJ49+9J Doral, Florida",https://www.google.com/maps/place/Elemar+International+Forwarding/data=!4m7!3m6!1s0x88d9bea4b8ba6ddb:0xfbe7e6f23c13a9f5!8m2!3d25.805937!4d-80.380945!16s%2Fg%2F1w97w5h7!19sChIJ2226uKS-2YgR9akTPPLm5_s?authuser=0&hl=en&rclk=1
Superior Brokerage Services,not_available,not_available,"3405 NW 115th Ave, Miami, FL 33178",(305) 594-9422,sbs-intl.com,not_available,not_available,not_available,Customs broker,"RJ48+4J Miami, Florida",https://www.google.com/maps/place/Superior+Brokerage+Services/data=!4m7!3m6!1s0x88d9bea34e7ae3bb:0xefc82d4e9eeb5705!8m2!3d25.805364!4d-80.3834029!16s%2Fg%2F11c1ncgms7!19sChIJu-N6TqO-2YgRBVfrnk4tyO8?authuser=0&hl=en&rclk=1
Apacargoexpress,3.9,41,"1335 NW 98th Ct UNIT 5-6 305.395.7996, Doral, FL 33172",(305) 395-7996,apacargotrading.net,not_available,not_available,not_available,Freight forwarding service,"QJPW+57 Doral, Florida",https://www.google.com/maps/place/Apacargoexpress/data=!4m7!3m6!1s0x88d9b97c259712e9:0xbe57cbfd32d0a910!8m2!3d25.7854582!4d-80.3543095!16s%2Fg%2F11d_71v7d0!19sChIJ6RKXJXy52YgREKnQMv3LV74?authuser=0&hl=en&rclk=1
Forward Systems Group,5.0,5,"1503 NW 82nd Ave, Doral, FL 33126",(786) 235-7188,forwardsystemsgroup.com,not_available,not_available,not_available,Freight forwarding service,"QMQC+8P Doral, Florida",https://www.google.com/maps/place/Forward+Systems+Group/data=!4m7!3m6!1s0x88d9b974fd89853f:0x8b673c6b90691e0c!8m2!3d25.7882923!4d-80.3281391!16s%2Fg%2F1tlc8wdy!19sChIJP4WJ_XS52YgRDB5pkGs8Z4s?authuser=0&hl=en&rclk=1
Nelcon Cargo Corp.,4.4,52,"1970 NW 82nd Ave, Doral, FL 33126",(305) 597-8913,nelconcargo.com,not_available,not_available,not_available,Shipping company,"QMVC+23 Doral, Florida",https://www.google.com/maps/place/Nelcon+Cargo+Corp./data=!4m7!3m6!1s0x88d9b972a392ad09:0x3429bb1afe017a41!8m2!3d25.7925966!4d-80.3298359!16s%2Fg%2F11j907w4zs!19sChIJCa2So3K52YgRQXoB_hq7KTQ?authuser=0&hl=en&rclk=1
BCF Brokerage Inc,not_available,not_available,"7700 NW 79th Pl Unit D-4, Miami, FL 33166",(305) 805-4633,bcfmiami.com,not_available,not_available,not_available,Customs broker,"RMWC+6Q Miami, Florida",https://www.google.com/maps/place/BCF+Brokerage+Inc/data=!4m7!3m6!1s0x88d9ba2e2f332ea5:0xe5b19e972bc8f44b!8m2!3d25.8455807!4d-80.3281224!16s%2Fg%2F1th0nq26!19sChIJpS4zLy662YgRS_TIK5eeseU?authuser=0&hl=en&rclk=1
Astral Freight Services Inc,5.0,9,"10832 NW 27th St, Doral, FL 33172",(305) 599-1651,astralfreight.com,not_available,not_available,not_available,Freight forwarding service,"QJXH+F8 Doral, Florida",https://www.google.com/maps/place/Astral+Freight+Services+Inc/data=!4m7!3m6!1s0x88d9b90c5bd4df03:0x517cbbb99d3ca397!8m2!3d25.7986894!4d-80.3717208!16s%2Fg%2F1vtzj00j!19sChIJA9_UWwy52YgRl6M8nbm7fFE?authuser=0&hl=en&rclk=1
Customs & Trade Services Inc,not_available,not_available,"14100 NW 60th Avenue, Miami Lakes, FL 33014",(305) 477-7088,cbp.gov,not_available,not_available,not_available,Customs broker,"RJGP+XX Doral, Florida",https://www.google.com/maps/place/Customs+%26+Trade+Services+Inc/data=!4m7!3m6!1s0x88d9bc7d7ad12045:0xd625a77f9b284b2e!8m2!3d25.8274438!4d-80.3626226!16s%2Fg%2F1tdkhg73!19sChIJRSDRen282YgRLksom3-nJdY?authuser=0&hl=en&rclk=1
Venezuela Freight,not_available,not_available,"8265 NW 66th St, Miami, FL 33166",(786) 275-3049,venezuelafreight.com,not_available,not_available,not_available,Customs broker,"RMM9+G7 Miami, Florida",https://www.google.com/maps/place/Venezuela+Freight/data=!4m7!3m6!1s0x88d9bbc88baff457:0xd7c5fd74739b732b!8m2!3d25.8338565!4d-80.3317978!16s%2Fg%2F1ptvr8q11!19sChIJV_Svi8i72YgRK3Obc3T9xdc?authuser=0&hl=en&rclk=1
Eduardo E Lozano & CO Inc dba EELCO,not_available,not_available,"8503 NW 80th St Suite 104, Medley, FL 33166",(888) 862-8657,uscustombroker.com,not_available,not_available,not_available,Customs broker,"RMW7+V8 Medley, Florida",https://www.google.com/maps/place/Eduardo+E+Lozano+%26+CO+Inc+dba+EELCO/data=!4m7!3m6!1s0x88d9bba823320cf7:0x3140fb49f3b433fb!8m2!3d25.8472296!4d-80.3366474!16s%2Fg%2F11q4bk5fkc!19sChIJ9wwyI6i72YgR-zO080n7QDE?authuser=0&hl=en&rclk=1
International Trinity Customs Brokers,5.0,33,"2550 Eisenhower Blvd STE 204, Fort Lauderdale, FL 33316",(754) 290-0340,trinitycb.com,not_available,not_available,not_available,Customs broker,"3VRG+J3 Fort Lauderdale, Florida",https://www.google.com/maps/place/International+Trinity+Customs+Brokers/data=!4m7!3m6!1s0x88d9b976dc72bb83:0xc773f462d1dd2452!8m2!3d26.0915875!4d-80.1247623!16s%2Fg%2F11bwqm67_7!19sChIJg7ty3Ha52YgRUiTd0WL0c8c?authuser=0&hl=en&rclk=1
Freight Group USA - Envios a Mexico,4.4,7,"8342 NW 56th St, Doral, FL 33166",(305) 632-8897,not_available,not_available,not_available,not_available,Freight forwarding service,"RMF9+M4 Doral, Florida",https://www.google.com/maps/place/Freight+Group+USA+-+Envios+a+Mexico/data=!4m7!3m6!1s0x88d9bbd0052f9829:0x34f16350de965bd1!8m2!3d25.8241566!4d-80.3322245!16s%2Fg%2F124t3l4ns!19sChIJKZgvBdC72YgR0VuW3lBj8TQ?authuser=0&hl=en&rclk=1
Ralex International Corporation,3.5,30,"2122 NW 99th Ave, Doral, FL 33172",(305) 597-9024,ralexintl.com,not_available,not_available,not_available,Freight forwarding service,"QJVV+M3 Doral, Florida",https://www.google.com/maps/place/Ralex+International+Corporation/data=!4m7!3m6!1s0x88d9b9485430fbd9:0xa2fc8395919fd02d!8m2!3d25.7942018!4d-80.3572783!16s%2Fg%2F1tfry8rk!19sChIJ2fswVEi52YgRLdCfkZWD_KI?authuser=0&hl=en&rclk=1
Savino Del Bene,3.8,31,"7755 NW 41st St Suite 400, Doral, FL 33166",(305) 463-8844,savinodelbene.com,not_available,not_available,not_available,Freight forwarding service,"RM7G+2Q Doral, Florida",https://www.google.com/maps/place/Savino+Del+Bene/data=!4m7!3m6!1s0x88d9bb62c8796105:0x1517ed4467125ded!8m2!3d25.8125781!4d-80.3230409!16s%2Fg%2F1260qbkw2!19sChIJBWF5yGK72YgR7V0SZ0TtFxU?authuser=0&hl=en&rclk=1
OIA Global,5.0,4,"11250 NW 25th St #124, Miami, FL 33172",(305) 887-6007,oiaglobal.com,not_available,not_available,not_available,Freight forwarding service,"QJWC+3Q Miami, Florida",https://www.google.com/maps/place/OIA+Global/data=!4m7!3m6!1s0x88d9bf22d3d8edbd:0x1cf538146a422539!8m2!3d25.7952363!4d-80.3780497!16s%2Fg%2F11fl7p__5y!19sChIJve3Y0yK_2YgROSVCahQ49Rw?authuser=0&hl=en&rclk=1
"USA Customs Compliance, LLC",not_available,not_available,not_available,not_available,usacustomscompliance.com,not_available,not_available,not_available,Customs broker,not_available,"https://www.google.com/maps/place/USA+Customs+Compliance,+LLC/data=!4m7!3m6!1s0x88d9bbde200b7233:0xa3f26632fb8f4632!8m2!3d26.0541815!4d-80.4301795!16s%2Fg%2F11fj8cdmpt!19sChIJM3ILIN672YgRMkaP-zJm8qM?authuser=0&hl=en&rclk=1"
"RIM logistics, ltd.",not_available,not_available,"2335 NW 107th Ave, Miami, FL 33172",(305) 455-3480,rimlogistics.com,not_available,not_available,not_available,Customs broker,"QJWP+24 Miami, Florida","https://www.google.com/maps/place/RIM+logistics,+ltd./data=!4m7!3m6!1s0x88d9bbb845e9102f:0xacd4a414870e33e3!8m2!3d25.7951023!4d-80.3646404!16s%2Fg%2F1tppss5n!19sChIJLxDpRbi72YgR4zMOhxSk1Kw?authuser=0&hl=en&rclk=1"
Western Overseas Corporation,not_available,not_available,"6405 NW 36th St #208, Miami, FL 33166",(305) 477-7377,westernoverseas.com,not_available,not_available,not_available,Customs broker,"RM5X+38 Miami, Florida",https://www.google.com/maps/place/Western+Overseas+Corporation/data=!4m7!3m6!1s0x88d9b90ad5496d15:0xa51019fdec7af15e!8m2!3d25.8077198!4d-80.3016548!16s%2Fg%2F1vp6__2z!19sChIJFW1J1Qq52YgRXvF67P0ZEKU?authuser=0&hl=en&rclk=1
DHL Global Forwarding,3.5,108,"1801 NW 82nd Ave, Doral, FL 33126",not_available,dhl.com,not_available,not_available,not_available,Freight forwarding service,"QMRF+V4 Doral, Florida",https://www.google.com/maps/place/DHL+Global+Forwarding/data=!4m7!3m6!1s0x88d9b97366b1a599:0xa1feb06a411aab98!8m2!3d25.7921468!4d-80.3271594!16s%2Fg%2F1262f35tq!19sChIJmaWxZnO52YgRmKsaQWqw_qE?authuser=0&hl=en&rclk=1
