name,rating,reviews,address,phone,website,hours,email,social_media,category,plus_code,url
Alva Freight International (Freight Forwarder & NVOCC),4.4,17,"7750 NW 46th St, Doral, FL 33166",(305) 403-7755,alvafreight.com,Closed ⋅ Opens 8 AM Thu,not_available,not_available,Freight forwarding service,"RM7H+W6 Doral, Florida",https://www.google.com/maps/place/Alva+Freight+International+%28Freight+Forwarder+%26+NVOCC%29/data=!4m7!3m6!1s0x88d9bbd5b1eeb741:0x69cce2b24a87b268!8m2!3d25.8148668!4d-80.3219217!16s%2Fg%2F1q5gnbz6m!19sChIJQbfusdW72YgRaLKHSrLizGk?authuser=0&hl=en&rclk=1
Doral Freight Logistics Inc,4.9,7,"11450 NW 34th St Suite 100, Doral, FL 33178",(305) 477-1022,doralfreight.com,not_available,not_available,not_available,Freight forwarding service,"RJ38+QP Doral, Florida",https://www.google.com/maps/place/Doral+Freight+Logistics+Inc/data=!4m7!3m6!1s0x88d9bbb9bfa0402d:0x2bdfe993687b97d8!8m2!3d25.8044871!4d-80.3831756!16s%2Fg%2F11bxg0lz3k!19sChIJLUCgv7m72YgR2Jd7aJPp3ys?authuser=0&hl=en&rclk=1
"Expedited World Cargo, Inc.",4.7,18,"9667 NW 33rd St, Doral, FL 33178",(305) 392-5085,ewcnow.com,not_available,not_available,not_available,Freight forwarding service,"RJ4X+7C Doral, Florida","https://www.google.com/maps/place/Expedited+World+Cargo,+Inc./data=!4m7!3m6!1s0x88d9b95aa28f4765:0x8dc300e425f64502!8m2!3d25.805659!4d-80.35147!16s%2Fg%2F1v9gktbf!19sChIJZUePolq52YgRAkX2JeQAw40?authuser=0&hl=en&rclk=1"
Servitrans Cargo Doral,3.7,6,"1736 NW 82nd Ave, Doral, FL 33126",(786) 334-6828,servitranscargo.com,not_available,not_available,not_available,Trucking company,"QMR9+4W Doral, Florida",https://www.google.com/maps/place/Servitrans+Cargo+Doral/data=!4m7!3m6!1s0x88d9b94175fc481d:0xe46733d9aea68332!8m2!3d25.7903337!4d-80.3301267!16s%2Fg%2F11y7v00p27!19sChIJHUj8dUG52YgRMoOmrtkzZ-Q?authuser=0&hl=en&rclk=1
Quick Shipping,3.8,68,"8501 NW 17th St Ste 120, Doral, FL 33126",(305) 594-9378,quickshipping.com,not_available,not_available,not_available,Freight forwarding service,"QMR7+XW Doral, Florida",https://www.google.com/maps/place/Quick+Shipping/data=!4m7!3m6!1s0x88d9b96cdce99cfb:0x2f7cd54398bfbc61!8m2!3d25.7924287!4d-80.3352494!16s%2Fg%2F1ygvt047r!19sChIJ-5zp3Gy52YgRYby_mEPVfC8?authuser=0&hl=en&rclk=1
Express International Freight,4.5,17,"8345 NW 74th St, Doral, FL 33166",(305) 477-4041,eifreight.com,not_available,not_available,not_available,Freight forwarding service,"RMR8+QJ Doral, Florida",https://www.google.com/maps/place/Express+International+Freight/data=!4m7!3m6!1s0x88d9bbb9b8daa49d:0x7b0be54f3484ab55!8m2!3d25.8418788!4d-80.3333935!16s%2Fg%2F1tfcv0f9!19sChIJnaTauLm72YgRVauENE_lC3s?authuser=0&hl=en&rclk=1
Xpress Freight Services,3.7,20,"8550 NW 17th St # 100, Doral, FL 33126",(305) 591-0033,shipwithxpress.com,not_available,not_available,not_available,Freight forwarding service,"QMQ8+95 Doral, Florida",https://www.google.com/maps/place/Xpress+Freight+Services/data=!4m7!3m6!1s0x88d9bbf055555555:0xfcab416abb061be3!8m2!3d25.7884442!4d-80.3346024!16s%2Fg%2F11f72_363y!19sChIJVVVVVfC72YgR4xsGu2pBq_w?authuser=0&hl=en&rclk=1
"Armellini Logistics- Miami, FL",4.1,108,"2811 NW 74th Ave, Doral, FL 33122",(305) 592-5933,armellini.com,not_available,not_available,not_available,Logistics service,"RM2M+3H Doral, Florida","https://www.google.com/maps/place/Armellini+Logistics-+Miami,+FL/data=!4m7!3m6!1s0x88d9b99caae672dd:0x780e4daa63745e5e!8m2!3d25.8002471!4d-80.3160018!16s%2Fg%2F1tsr3_sh!19sChIJ3XLmqpy52YgRXl50Y6pNDng?authuser=0&hl=en&rclk=1"
"Cargo Express International, Inc.",4.0,50,"8501 NW 17th St # 101, Doral, FL 33126",(305) 593-5132,ce-intl.com,not_available,not_available,not_available,Logistics service,"QMR7+HX Doral, Florida","https://www.google.com/maps/place/Cargo+Express+International,+Inc./data=!4m7!3m6!1s0x88d9bbb845e91d6f:0x3f9f80512844144c!8m2!3d25.7914787!4d-80.3350421!16s%2Fg%2F1v_s6pf5!19sChIJbx3pRbi72YgRTBREKFGAnz8?authuser=0&hl=en&rclk=1"
CONTINENTAL FREIGHT FORWARDING,4.5,19,"2301 NW 107th Ave, Doral, FL 33172",(305) 592-8198,cff-inc.com,not_available,not_available,not_available,Freight forwarding service,"QJVJ+MH Doral, Florida",https://www.google.com/maps/place/CONTINENTAL+FREIGHT+FORWARDING/data=!4m7!3m6!1s0x88d9bbf0133502df:0xb5b0a37528fadfdb!8m2!3d25.794222!4d-80.3685052!16s%2Fg%2F11bycg0mpr!19sChIJ3wI1E_C72YgR29_6KHWjsLU?authuser=0&hl=en&rclk=1
"Trans Envios Cargo Express Inc. - El Doral, EE. UU",4.0,71,"10411 NW 28th St SUITE C102 - C103, Doral, FL 33172",(786) 429-5856,trans-envios.com,not_available,not_available,not_available,Freight forwarding service,"QJXM+VR Doral, Florida","https://www.google.com/maps/place/Trans+Envios+Cargo+Express+Inc.+-+El+Doral,+EE.+UU/data=!4m7!3m6!1s0x88d9bbd237ac0583:0x1b246f925a2e7a50!8m2!3d25.7997494!4d-80.3654255!16s%2Fg%2F1tgb84lh!19sChIJgwWsN9K72YgRUHouWpJvJBs?authuser=0&hl=en&rclk=1"
Hellmann Worldwide Logistics,4.1,77,"10450 Doral Blvd, Doral, FL 33178",(305) 406-4500,hellmann.com,not_available,not_available,not_available,Logistics service,"RJ6M+49 Doral, Florida",https://www.google.com/maps/place/Hellmann+Worldwide+Logistics/data=!4m7!3m6!1s0x88d9beab4f0b2ed1:0x31a4f9e65e8f6b80!8m2!3d25.8103318!4d-80.3665242!16s%2Fg%2F1x5qtl5b!19sChIJ0S4LT6u-2YgRgGuPXub5pDE?authuser=0&hl=en&rclk=1
Mundo Nuevo Usa Logistics,4.0,174,"1550 NW 96th Ave, Doral, FL 33172",(786) 558-7582,not_available,not_available,not_available,not_available,Freight forwarding service,"QJQX+CC Doral, Florida",https://www.google.com/maps/place/Mundo+Nuevo+Usa+Logistics/data=!4m7!3m6!1s0x88d9bbb630ddadb7:0xba3f8574fad058ad!8m2!3d25.7885112!4d-80.3513963!16s%2Fg%2F11cjp9ql5l!19sChIJt63dMLa72YgRrVjQ-nSFP7o?authuser=0&hl=en&rclk=1
Freight Transportation Services | CP Broker 🚚,4.6,20,"8383 NW 66th St, Doral, FL 33166",(954) 605-6949,cpbroker.net,not_available,not_available,not_available,Freight forwarding service,"RMM8+FG Doral, Florida",https://www.google.com/maps/place/Freight+Transportation+Services+%7C+CP+Broker+%F0%9F%9A%9A/data=!4m7!3m6!1s0x88d9bb9f2e46cd71:0x2e5ef2072014fc19!8m2!3d25.8336258!4d-80.3336606!16s%2Fg%2F11j8wjxdgn!19sChIJcc1GLp-72YgRGfwUIAfyXi4?authuser=0&hl=en&rclk=1
LogiCarrier Corp,4.9,43,"5065 NW 74th Ave # 7, Miami, FL 33166",(786) 615-2402,logicarrier.com,not_available,not_available,not_available,Freight forwarding service,"RM9M+VF Miami, Florida",https://www.google.com/maps/place/LogiCarrier+Corp/data=!4m7!3m6!1s0x88d9ba2d837a5a47:0x6062ba163f0b8fde!8m2!3d25.8196278!4d-80.3163288!16s%2Fg%2F1pv29wgct!19sChIJR1p6gy262YgR3o8LPxa6YmA?authuser=0&hl=en&rclk=1
"Freight R Us – Freight, Logistics Company | Air, Ocean Freight Service | White Glove Service",4.8,22,"7521 NW 52nd St, Miami, FL 33166",(561) 463-5385,freightrus.net,not_available,not_available,not_available,Freight forwarding service,"RMCJ+98 Miami, Florida","https://www.google.com/maps/place/Freight+R+Us+%E2%80%93+Freight,+Logistics+Company+%7C+Air,+Ocean+Freight+Service+%7C+White+Glove+Service/data=!4m7!3m6!1s0x88d9bbb0fd492607:0x499e0330e735609b!8m2!3d25.8209016!4d-80.319183!16s%2Fg%2F11f66wtnbd!19sChIJByZJ_bC72YgRm2A15zADnkk?authuser=0&hl=en&rclk=1"
Universal Freight and Logistics LLC,4.6,16,"1362 NW 78th Ave, Doral, FL 33126",(786) 699-0871,universalmiami.co,not_available,not_available,not_available,Freight forwarding service,"QMPG+4F Doral, Florida",https://www.google.com/maps/place/Universal+Freight+and+Logistics+LLC/data=!4m7!3m6!1s0x88d9b9e8ae0ca58f:0xb3c9eaad7080a2ef!8m2!3d25.7853143!4d-80.3237952!16s%2Fg%2F11f9_dbpvw!19sChIJj6UMrui52YgR76KAcK3qybM?authuser=0&hl=en&rclk=1
Senaduana Freight Forwarders,4.5,74,"7778 NW 46th St, Doral, FL 33166",(305) 392-6741,senaduana.com,not_available,not_available,not_available,Freight forwarding service,"RM7G+XV Doral, Florida",https://www.google.com/maps/place/Senaduana+Freight+Forwarders/data=!4m7!3m6!1s0x88d9bbd5037eb395:0x8044da6e0726fb7d!8m2!3d25.8148845!4d-80.3228012!16s%2Fg%2F11b61rty5j!19sChIJlbN-A9W72YgRffsmB27aRIA?authuser=0&hl=en&rclk=1
"USA International Freight, Corp.",4.9,39,"7282 NW 66th St, Miami, FL 33166",(305) 593-5515,usaintl.com,not_available,not_available,not_available,Freight forwarding service,"RMMM+8J Miami, Florida","https://www.google.com/maps/place/USA+International+Freight,+Corp./data=!4m7!3m6!1s0x88d9bbc631843959:0x1937e6775371f55!8m2!3d25.8332779!4d-80.3158859!16s%2Fg%2F12m968pt3!19sChIJWTmEMca72YgRVR83dWd-kwE?authuser=0&hl=en&rclk=1"
Cargo Logistics Corp.,5.0,6,"2323 NW 82nd Ave ste 206, Doral, FL 33122",(305) 597-4401,not_available,not_available,not_available,not_available,Freight forwarding service,"QMWC+6V Doral, Florida",https://www.google.com/maps/place/Cargo+Logistics+Corp./data=!4m7!3m6!1s0x88d9bb1259025201:0x9f766eb0c5af8357!8m2!3d25.7955798!4d-80.3277516!16s%2Fg%2F11v02zmj7k!19sChIJAVICWRK72YgRV4OvxbBudp8?authuser=0&hl=en&rclk=1
CP World Cargo Doral,4.5,174,"3008 NW 79th Ave, Doral, FL 33122",(305) 330-5535,melotraecp.com,not_available,not_available,not_available,Freight forwarding service,"RM2F+MV Doral, Florida",https://www.google.com/maps/place/CP+World+Cargo+Doral/data=!4m7!3m6!1s0x88d9b9862145c627:0x6a6336dbb9e4bdf9!8m2!3d25.8017469!4d-80.325302!16s%2Fg%2F11fpp_s2qp!19sChIJJ8ZFIYa52YgR-b3kuds2Y2o?authuser=0&hl=en&rclk=1
NL Cargo Inc,4.0,20,"8600 NW 30th Terrace STE 203, Doral, FL 33122",(305) 593-8446,not_available,not_available,not_available,not_available,Freight forwarding service,"RM27+JV Doral, Florida",https://www.google.com/maps/place/NL+Cargo+Inc/data=!4m7!3m6!1s0x88d9b965800a73bd:0xf24dfa2925ec8297!8m2!3d25.8015559!4d-80.3353303!16s%2Fg%2F1td48shc!19sChIJvXMKgGW52YgRl4LsJSn6TfI?authuser=0&hl=en&rclk=1
"Freight Dispatch Service, INC",4.5,24,"8880 NW 20th St suite j, Miami, FL 33172",(786) 740-3911,fdscarrier.com,not_available,not_available,not_available,Trucking company,"QMR5+QM Miami, Florida","https://www.google.com/maps/place/Freight+Dispatch+Service,+INC/data=!4m7!3m6!1s0x88d9b9a7235e33ab:0x7381198aaf20f83f!8m2!3d25.7918798!4d-80.3408082!16s%2Fg%2F11fky_9scj!19sChIJqzNeI6e52YgRP_ggr4oZgXM?authuser=0&hl=en&rclk=1"
Freight180,4.7,15,"8200 NW 41st St Suite 200-21, Doral, FL 33166",(833) 227-4639,freight180.com,not_available,not_available,not_available,Freight forwarding service,"RM69+CQ Doral, Florida",https://www.google.com/maps/place/Freight180/data=!4m7!3m6!1s0x88d9b9fd7f6880d3:0x5afac1cf98d259a5!8m2!3d25.8110604!4d-80.3306115!16s%2Fg%2F11jpsxjvtg!19sChIJ04Bof_252YgRpVnSmM_B-lo?authuser=0&hl=en&rclk=1
Deluxe Freight LLC,4.5,99,"11401 NW 107th St #100, Miami, FL 33178",(305) 513-0156,deluxefreight.com,not_available,not_available,not_available,Freight forwarding service,"VJC8+CC Miami, Florida",https://www.google.com/maps/place/Deluxe+Freight+LLC/data=!4m7!3m6!1s0x88d9bc8c3901be2d:0xf83a6b8da38e980b!8m2!3d25.8711127!4d-80.3839649!16s%2Fg%2F11cl_hvmnb!19sChIJLb4BOYy82YgRC5iOo41rOvg?authuser=0&hl=en&rclk=1
Star Freight Logistics LLC,4.7,3,"5963 NW 102nd Ave, Doral, FL 33178",(305) 513-9488,starfreight.us,not_available,not_available,not_available,Freight forwarding service,"RJHQ+27 Doral, Florida",https://www.google.com/maps/place/Star+Freight+Logistics+LLC/data=!4m7!3m6!1s0x88d9bbf76695badf:0xde4b88a166733733!8m2!3d25.8276139!4d-80.3617777!16s%2Fg%2F1v5_b74y!19sChIJ37qVZve72YgRMzdzZqGIS94?authuser=0&hl=en&rclk=1
Paradise Freight,4.0,87,"9700 NW 91st Ct, Medley, FL 33178",(305) 889-1110,paradisefreight.com,not_available,not_available,not_available,Freight forwarding service,"VM73+95 Medley, Florida",https://www.google.com/maps/place/Paradise+Freight/data=!4m7!3m6!1s0x88d9bb75a5a23371:0x939a9eaec3f645c0!8m2!3d25.8634675!4d-80.3471008!16s%2Fg%2F1pp2vb1fb!19sChIJcTOipXW72YgRwEX2w66empM?authuser=0&hl=en&rclk=1
Daily Freight Cargo,3.1,16,"8225 NW 30th Terrace, Doral, FL 33122",(786) 547-0463,not_available,not_available,not_available,not_available,Freight forwarding service,"RM29+QV Doral, Florida",https://www.google.com/maps/place/Daily+Freight+Cargo/data=!4m7!3m6!1s0x88d9bbb8459fef7b:0x36c2ec83de107129!8m2!3d25.8018902!4d-80.3303405!16s%2Fg%2F1tmk994t!19sChIJe--fRbi72YgRKXEQ3oPswjY?authuser=0&hl=en&rclk=1
Amad Logistics,4.3,64,"8274 NW 14th St, Doral, FL 33126",(305) 888-0344,amadlogistics.com,not_available,not_available,not_available,Freight forwarding service,"QMP9+5X Doral, Florida",https://www.google.com/maps/place/Amad+Logistics/data=!4m7!3m6!1s0x88d9b90dbec8c66f:0xa6f05891b32bcc51!8m2!3d25.7854837!4d-80.3300944!16s%2Fg%2F1tfklzw2!19sChIJb8bIvg252YgRUcwrs5FY8KY?authuser=0&hl=en&rclk=1
Blue Mail - Freight Forwarder,4.8,4,"3520 NW 115th Ave, Doral, FL 33178",(786) 502-2852,bluemailus.com,not_available,not_available,not_available,Shipping company,"RJ48+G2 Doral, Florida",https://www.google.com/maps/place/Blue+Mail+-+Freight+Forwarder/data=!4m7!3m6!1s0x88d9b9f9d5dea37b:0xa92dfd7f6b0e6eef!8m2!3d25.80625!4d-80.3849152!16s%2Fg%2F11hfbjqdgq!19sChIJe6Pe1fm52YgR724Oa3_9Lak?authuser=0&hl=en&rclk=1
FIAFreight,4.4,19,"2801 NW 74th Ave Suite 104, Doral, FL 33122",(800) 863-2142,fiafreight.com,not_available,not_available,not_available,Transportation service,"QMXM+JR Doral, Florida",https://www.google.com/maps/place/FIAFreight/data=!4m7!3m6!1s0x88d9c77366694c73:0xb28fa68b3332751d!8m2!3d25.7990107!4d-80.3154142!16s%2Fg%2F11j1srmk1y!19sChIJc0xpZnPH2YgRHXUyM4umj7I?authuser=0&hl=en&rclk=1
Gold coast consolidator Inc,4.8,5,"6994 NW 82nd Ave, Miami, FL 33166",(786) 620-6126,not_available,not_available,not_available,not_available,Freight forwarding service,"RMP9+JV Miami, Florida",https://www.google.com/maps/place/Gold+coast+consolidator+Inc/data=!4m7!3m6!1s0x88d9b99a09ca4b13:0x134aa7a3192c8cb!8m2!3d25.8365235!4d-80.3303731!16s%2Fg%2F11cm1blq47!19sChIJE0vKCZq52YgRy8iSMXqqNAE?authuser=0&hl=en&rclk=1
Caribbean American Freight Inc,3.0,2,"9393 NW 13th St, Doral, FL 33172",(305) 592-2225,caribbean-american.com,not_available,not_available,not_available,Freight forwarding service,"QMP2+2J Doral, Florida",https://www.google.com/maps/place/Caribbean+American+Freight+Inc/data=!4m7!3m6!1s0x88d9b93c0344947b:0x4a3ec46f8779528a!8m2!3d25.7850633!4d-80.3483757!16s%2Fg%2F1ts_7dry!19sChIJe5REAzy52YgRilJ5h2_EPko?authuser=0&hl=en&rclk=1
"Sercargo Logistics, Doral, FL.",3.7,62,"1636 NW 82nd Ave, Doral, FL 33126",(786) 580-9021,sercargoexpresshn.com,not_available,not_available,not_available,Shipping service,"QMQ9+JM Doral, Florida","https://www.google.com/maps/place/Sercargo+Logistics,+Doral,+FL./data=!4m7!3m6!1s0x88d9b90cefd30bbf:0xa7f80948dc2166b8!8m2!3d25.7891104!4d-80.3307531!16s%2Fg%2F11c1nxp2t1!19sChIJvwvT7wy52YgRuGYh3EgJ-Kc?authuser=0&hl=en&rclk=1"
M C International Transportation,4.6,69,"8321 NW 68th St, Miami, FL 33166",(305) 805-8228,mcitransport.com,not_available,not_available,not_available,Trucking company,"RMP9+55 Miami, Florida",https://www.google.com/maps/place/M+C+International+Transportation/data=!4m7!3m6!1s0x88d9bbb10ca8379d:0x8bb375681aab2609!8m2!3d25.8354589!4d-80.3320953!16s%2Fg%2F1tgx7dny!19sChIJnTeoDLG72YgRCSarGmh1s4s?authuser=0&hl=en&rclk=1
Everyday Logistics USA,5.0,143,"6371 NW 102nd Ave Apartment 103, Doral, FL 33178",(305) 763-2910,everydaylogisticsusa.com,Closed ⋅ Opens 8 AM Thu,not_available,not_available,Shipping and mailing service,"RJJQ+CC Doral, Florida",https://www.google.com/maps/place/Everyday+Logistics+USA/data=!4m7!3m6!1s0x88d9bbc9f99f3167:0xed565a27e28b2748!8m2!3d25.8310809!4d-80.3614654!16s%2Fg%2F11w1b_kpbc!19sChIJZzGf-cm72YgRSCeL4idaVu0?authuser=0&hl=en&rclk=1
J&J Logistics and Freight Services,4.4,71,"7486 NW 54th St, Miami, FL 33166",(305) 597-9490,jjlogisticsfreight.com,not_available,not_available,not_available,Shipping company,"RMCJ+R6 Miami, Florida",https://www.google.com/maps/place/J%26J+Logistics+and+Freight+Services/data=!4m7!3m6!1s0x88d9ba2d14ef71bb:0xc4dd165ab090a035!8m2!3d25.8220794!4d-80.3194554!16s%2Fg%2F1tz76skx!19sChIJu3HvFC262YgRNaCQsFoW3cQ?authuser=0&hl=en&rclk=1
Hecny Transportation Inc,3.9,21,"1904 NW 82nd Ave, Doral, FL 33126",(305) 594-5882,hecny.com,not_available,not_available,not_available,Freight forwarding service,"QMRC+Q7 Doral, Florida",https://www.google.com/maps/place/Hecny+Transportation+Inc/data=!4m7!3m6!1s0x88d9b973a7fcdff5:0x1f9dcd4b658e9854!8m2!3d25.7919374!4d-80.3293448!16s%2Fg%2F1vf9d516!19sChIJ9d_8p3O52YgRVJiOZUvNnR8?authuser=0&hl=en&rclk=1
Corp Master Freight America,5.0,9,"8950 NW 27th St Suite 313, Doral, FL 33172",(305) 470-1224,masterfreight.com,not_available,not_available,not_available,Freight forwarding service,"QMX5+PG Doral, Florida",https://www.google.com/maps/place/Corp+Master+Freight+America/data=!4m7!3m6!1s0x88d9b96906677f15:0xb8623b4cbf1752ab!8m2!3d25.799345!4d-80.3412246!16s%2Fg%2F1tnhz3p8!19sChIJFX9nBmm52YgRq1IXv0w7Yrg?authuser=0&hl=en&rclk=1
ASIA SHIPPING USA INC,3.9,10,"3470 NW 82nd Ave #890, Doral, FL 33122",(305) 889-1790,asiashipping.co,not_available,not_available,not_available,Freight forwarding service,"RM4C+W3 Doral, Florida",https://www.google.com/maps/place/ASIA+SHIPPING+USA+INC/data=!4m7!3m6!1s0x88d9ba27091441a7:0xac13cdda5c88cf1!8m2!3d25.8072755!4d-80.3298633!16s%2Fg%2F11c2kbzr07!19sChIJp0EUCSe62YgR8YzIpd08wQo?authuser=0&hl=en&rclk=1
Next Day Cargo,4.1,142,"8805 NW 35th Ln, Doral, FL 33172",(305) 477-3451,nextdaycargo.com,not_available,andy@nextdaycargo.con,not_available,Freight forwarding service,"RM56+3C Doral, Florida",https://www.google.com/maps/place/Next+Day+Cargo/data=!4m7!3m6!1s0x88d9b966b73e9343:0x12aec6c1e1a91714!8m2!3d25.8076519!4d-80.3389172!16s%2Fg%2F1td05w25!19sChIJQ5M-t2a52YgRFBep4cHGrhI?authuser=0&hl=en&rclk=1
Lazaro Delivery Corporation,3.7,66,"7451 NW 63rd St, Doral, FL 33166",(305) 629-8948,lazarodelivery.com,not_available,not_available,not_available,Trucking company,"RMJJ+9C Doral, Florida",https://www.google.com/maps/place/Lazaro+Delivery+Corporation/data=!4m7!3m6!1s0x88d9b94595f4f47b:0x1db39223ac98f94f!8m2!3d25.830989!4d-80.3188957!16s%2Fg%2F11btw_yfzt!19sChIJe_T0lUW52YgRT_mYrCOSsx0?authuser=0&hl=en&rclk=1
Kathmar Freight Logistics Services,5.0,11,"11155 NW 33rd St, Doral, FL 33172",(305) 597-9696,kathmarfreight.com,not_available,not_available,not_available,Freight forwarding service,"RJ3F+Q4 Doral, Florida",https://www.google.com/maps/place/Kathmar+Freight+Logistics+Services/data=!4m7!3m6!1s0x88d9bb2a9af6f323:0xfb6417da56e95da7!8m2!3d25.8044702!4d-80.3771632!16s%2Fg%2F11qn6y_drv!19sChIJI_P2miq72YgRp13pVtoXZPs?authuser=0&hl=en&rclk=1
RAPID USA CARGO - Freight Forwarder - Courier & Logistics,4.5,16,"8313 NW 68th St, Miami, FL 33166",(786) 577-0809,rapidusacargo.com,not_available,not_available,not_available,Transportation service,"RMP9+78 Miami, Florida",https://www.google.com/maps/place/RAPID+USA+CARGO+-+Freight+Forwarder+-+Courier+%26+Logistics/data=!4m7!3m6!1s0x88d9bb4ff1ec65ff:0x611aff408221934a!8m2!3d25.8356608!4d-80.3317454!16s%2Fg%2F11dzdfd3mv!19sChIJ_2Xs8U-72YgRSpMhgkD_GmE?authuser=0&hl=en&rclk=1
St. Lucia Express Freight Services,5.0,7,"11450 NW 34th St Suite 100, Doral, FL 33178",(305) 418-4151,stluciaexpress.com,not_available,not_available,not_available,Freight forwarding service,"RJ38+VR Doral, Florida",https://www.google.com/maps/place/St.+Lucia+Express+Freight+Services/data=!4m7!3m6!1s0x88d9bf0f9124e85b:0x96eddc602b825f52!8m2!3d25.804652!4d-80.382993!16s%2Fg%2F11vm6wqrh1!19sChIJW-gkkQ-_2YgRUl-CK2Dc7ZY?authuser=0&hl=en&rclk=1
Hi Tech Air Shipping Inc,4.3,6,"7951 NW 21st St, Doral, FL 33122",(305) 591-7363,hitechairshipping.com,not_available,not_available,not_available,Freight forwarding service,"QMVF+PQ Doral, Florida",https://www.google.com/maps/place/Hi+Tech+Air+Shipping+Inc/data=!4m7!3m6!1s0x88d9b99761aa0547:0xea4d3036a6794b4e!8m2!3d25.7943339!4d-80.3256119!16s%2Fg%2F1tf36rwg!19sChIJRwWqYZe52YgRTkt5pjYwTeo?authuser=0&hl=en&rclk=1
Lion Xpress Inc,5.0,not_available,"2781 NW 82nd Ave, Doral, FL 33122",(305) 909-7840,lionxpress.com,not_available,not_available,not_available,Freight forwarding service,"QMXC+QW Doral, Florida",https://www.google.com/maps/place/Lion+Xpress+Inc/data=!4m7!3m6!1s0x87b781ec0ab42ea5:0xed1b9f5ca8ba197b!8m2!3d25.7994222!4d-80.3276815!16s%2Fg%2F11cmhz14r8!19sChIJpS60CuyBt4cRexm6qFyfG-0?authuser=0&hl=en&rclk=1
West Tech Shipping,2.8,62,"1707 NW 82nd Ave, Doral, FL 33126",(321) 300-6468,westtechshipping.com,not_available,not_available,not_available,Freight forwarding service,"QMRC+49 Doral, Florida",https://www.google.com/maps/place/West+Tech+Shipping/data=!4m7!3m6!1s0x88d90651240b4aab:0xa2bdf17e7fecc6ea!8m2!3d25.790273!4d-80.3290787!16s%2Fg%2F11g6vjsyh5!19sChIJq0oLJFEG2YgR6sbsf37xvaI?authuser=0&hl=en&rclk=1
Cargo Sales Int'l,5.0,24,"8200 NW 41st St Suite 200, Doral, FL 33166",(866) 287-2583,cargosalesintl.com,Open 24 hours,not_available,not_available,Shipping service,"RM69+CQ Doral, Florida",https://www.google.com/maps/place/Cargo+Sales+Int%27l/data=!4m7!3m6!1s0x88d9b97d10c3d21b:0x88f1802ef9700a1a!8m2!3d25.8110604!4d-80.3306115!16s%2Fg%2F11h5q805wz!19sChIJG9LDEH252YgRGgpw-S6A8Yg?authuser=0&hl=en&rclk=1
America's Trans Logistics,4.8,5,"10481 NW 36th St, Doral, FL 33178",(305) 888-6116,atlmiami.com,not_available,not_available,not_available,Freight forwarding service,"RJ5M+37 Doral, Florida",https://www.google.com/maps/place/America%27s+Trans+Logistics/data=!4m7!3m6!1s0x88d9b95ac7c32cc7:0xb3f5467433c2ce4b!8m2!3d25.8077405!4d-80.3668626!16s%2Fg%2F1tdz5mk7!19sChIJxyzDx1q52YgRS87CM3RG9bM?authuser=0&hl=en&rclk=1
Montero Express Cargo,5.0,3,"7705 NW 29th St # 101, Doral, FL 33122",(786) 763-7669,not_available,not_available,not_available,not_available,Freight forwarding service,"RM2G+FW Doral, Florida",https://www.google.com/maps/place/Montero+Express+Cargo/data=!4m7!3m6!1s0x88d9b977ff6e189b:0x236bbbb4cd858082!8m2!3d25.8011698!4d-80.3226627!16s%2Fg%2F1v4207z0!19sChIJmxhu_3e52YgRgoCFzbS7ayM?authuser=0&hl=en&rclk=1
Southeastern Freight Lines,3.2,116,"5875 NW 72nd Ave, Miami, FL 33166",(305) 889-0501,sefl.com,not_available,not_available,not_available,Trucking company,"RMGQ+V2 Miami, Florida",https://www.google.com/maps/place/Southeastern+Freight+Lines/data=!4m7!3m6!1s0x88d9ba30fc8ae205:0xf5e0ae31d16043f5!8m2!3d25.8271289!4d-80.3124899!16s%2Fg%2F1tlkd50z!19sChIJBeKK_DC62YgR9UNg0TGu4PU?authuser=0&hl=en&rclk=1
AB Group Shipping Corp,3.7,116,"6122 NW 74th Ave, Miami, FL 33166",(305) 635-2525,abgroupshipping.com,not_available,not_available,not_available,Logistics service,"RMHJ+M2 Miami, Florida",https://www.google.com/maps/place/AB+Group+Shipping+Corp/data=!4m7!3m6!1s0x88d9bbcaa14bbfbb:0x3f17c5a710bc8cd2!8m2!3d25.8291349!4d-80.3199307!16s%2Fg%2F1tdgw5_8!19sChIJu79Locq72YgR0oy8EKfFFz8?authuser=0&hl=en&rclk=1
Fenix Cargo & Logistics,3.7,82,"7705 NW 46th St, Doral, FL 33195",(844) 933-3649,mifenixcargo.com,not_available,not_available,not_available,Courier service,"RM8H+74 Doral, Florida",https://www.google.com/maps/place/Fenix+Cargo+%26+Logistics/data=!4m7!3m6!1s0x88d9bbd50475c215:0x8c101d235cc42938!8m2!3d25.8157062!4d-80.3221811!16s%2Fg%2F1th29645!19sChIJFcJ1BNW72YgROCnEXCMdEIw?authuser=0&hl=en&rclk=1
A1 International Cargo,4.6,115,"8538 NW 72nd St, Miami, FL 33166",(786) 456-8684,a1internationalcargo.com,not_available,not_available,not_available,Freight forwarding service,"RMQ7+8F Miami, Florida",https://www.google.com/maps/place/A1+International+Cargo/data=!4m7!3m6!1s0x88d9bbb8c52735b7:0xeaa8f6c27e987093!8m2!3d25.8383059!4d-80.3363527!16s%2Fg%2F11g6mwg541!19sChIJtzUnxbi72YgRk3CYfsL2qOo?authuser=0&hl=en&rclk=1
ABF Freight,4.0,67,"6402 NW 74th Ave, Miami, FL 33166",(305) 592-1950,arcb.com,not_available,social@arcb.com,not_available,Trucking company,"RMJJ+VF Miami, Florida",https://www.google.com/maps/place/ABF+Freight/data=!4m7!3m6!1s0x88d9ba34cd53bbbf:0x7f87c2da56674af1!8m2!3d25.8322105!4d-80.3188247!16s%2Fg%2F11c453dsf1!19sChIJv7tTzTS62YgR8UpnVtrCh38?authuser=0&hl=en&rclk=1
SwiftPac Logistics Inc,4.0,22,"2281 NW 82nd Ave, Doral, FL 33122",not_available,swiftpac.com,not_available,not_available,not_available,Shipping company,"QMVC+XG Doral, Florida",https://www.google.com/maps/place/SwiftPac+Logistics+Inc/data=!4m7!3m6!1s0x88d9ba4c84dc011d:0xc54cac4b9e401240!8m2!3d25.794876!4d-80.3287067!16s%2Fg%2F12mkw9dcm!19sChIJHQHchEy62YgRQBJAnkusTMU?authuser=0&hl=en&rclk=1
Astral Freight Services Inc,5.0,9,"10832 NW 27th St, Doral, FL 33172",(305) 599-1651,astralfreight.com,not_available,not_available,not_available,Freight forwarding service,"QJXH+F8 Doral, Florida",https://www.google.com/maps/place/Astral+Freight+Services+Inc/data=!4m7!3m6!1s0x88d9b90c5bd4df03:0x517cbbb99d3ca397!8m2!3d25.7986894!4d-80.3717208!16s%2Fg%2F1vtzj00j!19sChIJA9_UWwy52YgRl6M8nbm7fFE?authuser=0&hl=en&rclk=1
Maromar International Freight Forwarders,5.0,4,"3521 NW 82nd Ave, Doral, FL 33122",(305) 599-3380,not_available,not_available,not_available,not_available,Freight forwarding service,"RM4C+P9 Doral, Florida",https://www.google.com/maps/place/Maromar+International+Freight+Forwarders/data=!4m7!3m6!1s0x88d9b97b9b43fdcb:0x262267cf56945548!8m2!3d25.8067811!4d-80.3290703!16s%2Fg%2F11c508b6m7!19sChIJy_1Dm3u52YgRSFWUVs9nIiY?authuser=0&hl=en&rclk=1
Sterling Transportation,4.1,54,"8201 NW 56th St, Miami, FL 33166",(305) 591-1276,sterlingtransportation.com,not_available,not_available,not_available,Transportation service,"RMF9+XR Miami, Florida",https://www.google.com/maps/place/Sterling+Transportation/data=!4m7!3m6!1s0x88d9bbb10ca8379d:0xca059d8e0b381b13!8m2!3d25.8249649!4d-80.3304363!16s%2Fg%2F1td18n8c!19sChIJnTeoDLG72YgRExs4C46dBco?authuser=0&hl=en&rclk=1
Mvp International Freight Systems,4.6,12,"8012 NW 29th St, Doral, FL 33122",(305) 597-9099,mvp-ifs.com,not_available,not_available,not_available,Freight forwarding service,"RM2F+32 Doral, Florida",https://www.google.com/maps/place/Mvp+International+Freight+Systems/data=!4m7!3m6!1s0x88d9b9775c266e2f:0x58a2b038bc1ef9ae!8m2!3d25.8001657!4d-80.3274392!16s%2Fg%2F1tjy298d!19sChIJL24mXHe52YgRrvkevDiwolg?authuser=0&hl=en&rclk=1
Freight Group USA - Envios a Mexico,4.4,7,"8342 NW 56th St, Doral, FL 33166",(305) 632-8897,not_available,not_available,not_available,not_available,Freight forwarding service,"RMF9+M4 Doral, Florida",https://www.google.com/maps/place/Freight+Group+USA+-+Envios+a+Mexico/data=!4m7!3m6!1s0x88d9bbd0052f9829:0x34f16350de965bd1!8m2!3d25.8241566!4d-80.3322245!16s%2Fg%2F124t3l4ns!19sChIJKZgvBdC72YgR0VuW3lBj8TQ?authuser=0&hl=en&rclk=1
BELUH INTERNATIONAL SERVICES,5.0,18,"5141 NW 79th Ave #7, Doral, FL 33166",(786) 647-0973,beluh.com,not_available,not_available,not_available,Trucking company,"RM9G+XM Doral, Florida",https://www.google.com/maps/place/BELUH+INTERNATIONAL+SERVICES/data=!4m7!3m6!1s0x88d9bbcee26b6121:0x3dd23e9ca2981db4!8m2!3d25.819928!4d-80.3232844!16s%2Fg%2F11fm_754p9!19sChIJIWFr4s672YgRtB2Yopw-0j0?authuser=0&hl=en&rclk=1
MIA Logistics,3.5,2,"8305 NW 27th St # 108, Doral, FL 33122",(305) 929-3680,mialogistics.com,not_available,not_available,not_available,Freight forwarding service,"QMX9+W8 Doral, Florida",https://www.google.com/maps/place/MIA+Logistics/data=!4m7!3m6!1s0x88d9b99d1f4c24e9:0xc65495174a0852ee!8m2!3d25.799788!4d-80.3316422!16s%2Fg%2F11c1w0d8x7!19sChIJ6SRMH5252YgR7lIISheVVMY?authuser=0&hl=en&rclk=1
GM International Freight Forwarders Corp.,4.9,99,"7517 NW 52nd St, Miami, FL 33166",(305) 599-7924,gmfreight.com,not_available,not_available,not_available,Freight forwarding service,"RMCJ+98 Miami, Florida",https://www.google.com/maps/place/GM+International+Freight+Forwarders+Corp./data=!4m7!3m6!1s0x88d9ba280882779f:0xecbc6b19c1853e46!8m2!3d25.8209356!4d-80.3192322!16s%2Fg%2F1tf87x0g!19sChIJn3eCCCi62YgRRj6FwRlrvOw?authuser=0&hl=en&rclk=1
Navis Pack & Ship,4.7,23,"10400 NW 33rd St #110, Doral, FL 33172",(786) 463-0211,gonavis.com,not_available,not_available,not_available,Shipping company,"RJ3M+FM Doral, Florida",https://www.google.com/maps/place/Navis+Pack+%26+Ship/data=!4m7!3m6!1s0x88d9b986d25ee1eb:0x99da899d15b1b0de!8m2!3d25.8036979!4d-80.3657686!16s%2Fg%2F11kqx57h27!19sChIJ6-Fe0oa52YgR3rCxFZ2J2pk?authuser=0&hl=en&rclk=1
All America Freight Services Corporation,4.0,5,"7911 NW 68th St, Miami, FL 33166",(305) 591-2572,allamericafreight.com,not_available,not_available,not_available,Freight forwarding service,"RMPF+5H Miami, Florida",https://www.google.com/maps/place/All+America+Freight+Services+Corporation/data=!4m7!3m6!1s0x88d9beb9ffafe699:0x1b414ac79153ed98!8m2!3d25.835497!4d-80.3260509!16s%2Fg%2F1thghv6t!19sChIJmeav_7m-2YgRmO1TkcdKQRs?authuser=0&hl=en&rclk=1
Cannon Express,2.8,4,"1904 NW 82nd Ave, Doral, FL 33126",(305) 592-8685,cannonexpress.com,not_available,not_available,not_available,Trucking company,"QMRC+V7 Doral, Florida",https://www.google.com/maps/place/Cannon+Express/data=!4m7!3m6!1s0x88d9b973046b6099:0x138b21f16913c03a!8m2!3d25.7921546!4d-80.3293228!16s%2Fg%2F1w15_7bt!19sChIJmWBrBHO52YgROsATafEhixM?authuser=0&hl=en&rclk=1
AIT Worldwide Logistics,2.6,33,"10660 NW 25th St Suite 104, Doral, FL 33172",(305) 551-7705,aitworldwide.com,not_available,not_available,not_available,Logistics service,"QJWM+95 Doral, Florida",https://www.google.com/maps/place/AIT+Worldwide+Logistics/data=!4m7!3m6!1s0x88d9b90a8ca0df0f:0x4b2cf922e39f6329!8m2!3d25.7959226!4d-80.3671152!16s%2Fg%2F1th7z4ct!19sChIJD9-gjAq52YgRKWOf4yL5LEs?authuser=0&hl=en&rclk=1
Chatelain Cargo Services Inc Miami FL USA| A World-Wide Freight Services Company,not_available,not_available,"8900 NW 35th Ln #140, Doral, FL 33172",(305) 552-5212,chatelaincargo.com,not_available,not_available,not_available,Import export company,"RM45+MW Doral, Florida",https://www.google.com/maps/place/Chatelain+Cargo+Services+Inc+Miami+FL+USA%7C+A+World-Wide+Freight+Services+Company/data=!4m7!3m6!1s0x88d9bbbc9983f113:0xab88c27cf300ee3!8m2!3d25.8067214!4d-80.3401539!16s%2Fg%2F11g0llf1j2!19sChIJE_GDmby72YgR4w4wzyeMuAo?authuser=0&hl=en&rclk=1
Trans Air System Inc,4.7,11,"8256 NW 30th Terrace, Doral, FL 33122",(305) 592-1771,not_available,not_available,not_available,not_available,Freight forwarding service,"RM29+GH Doral, Florida",https://www.google.com/maps/place/Trans+Air+System+Inc/data=!4m7!3m6!1s0x88d9b97a9c33db45:0x92b8537e76104936!8m2!3d25.8013668!4d-80.3311197!16s%2Fg%2F1tlqqsw4!19sChIJRdsznHq52YgRNkkQdn5TuJI?authuser=0&hl=en&rclk=1
B&H Worldwide Inc.,5.0,9,"1525 NW 82nd Ave, Doral, FL 33126",(305) 471-0444,bhworldwide.com,not_available,not_available,not_available,Logistics service,"QMQF+94 Doral, Florida",https://www.google.com/maps/place/B%26H+Worldwide+Inc./data=!4m7!3m6!1s0x88d9b951e7eb8d0d:0x9fa373a49cf2cbd3!8m2!3d25.7884402!4d-80.3271301!16s%2Fg%2F11h6v1wy8v!19sChIJDY3r51G52YgR08vynKRzo58?authuser=0&hl=en&rclk=1
Aduanair Cargo & Freight,2.8,6,"5900 NW 99th Ave Bay #6, Doral, FL 33178",(305) 718-3636,aduanaircargo.com,not_available,not_available,not_available,Shipping company,"RJGR+VH Doral, Florida",https://www.google.com/maps/place/Aduanair+Cargo+%26+Freight/data=!4m7!3m6!1s0x88d9bbf085ac90f5:0x3d2a75d392ada9f9!8m2!3d25.8271503!4d-80.3586004!16s%2Fg%2F12hr_s5k4!19sChIJ9ZCshfC72YgR-amtktN1Kj0?authuser=0&hl=en&rclk=1
Continental Services & Carrier,4.2,92,"6045 NW 87th Ave, Miami, FL 33178",(305) 436-2990,contiserca.com,not_available,not_available,not_available,Shipping company,"RMH6+9X Miami, Florida",https://www.google.com/maps/place/Continental+Services+%26+Carrier/data=!4m7!3m6!1s0x88d9bbc49ec968ed:0x981bd364e21860b1!8m2!3d25.8284892!4d-80.3375457!16s%2Fg%2F1wtbvpjs!19sChIJ7WjJnsS72YgRsWAY4mTTG5g?authuser=0&hl=en&rclk=1
Commodity Forwarders Inc,3.0,5,"8150 NW 21st St, Doral, FL 33122",(305) 593-1774,cfiperishables.com,not_available,not_available,not_available,Freight forwarding service,"QMVF+32 Doral, Florida",https://www.google.com/maps/place/Commodity+Forwarders+Inc/data=!4m7!3m6!1s0x88d9b984d776344b:0x952f0d23638deaa8!8m2!3d25.792725!4d-80.3274786!16s%2Fg%2F12640_0yg!19sChIJSzR214S52YgRqOqNYyMNL5U?authuser=0&hl=en&rclk=1
CFT CARGO INC,4.8,22,"7854 NW 46th St, Miami, FL 33166",(305) 592-4534,cftcargo.com,not_available,not_available,not_available,Freight forwarding service,"RM7G+W5 Miami, Florida",https://www.google.com/maps/place/CFT+CARGO+INC/data=!4m7!3m6!1s0x88d9bbd5b1e976d7:0x44eb4960b4dd2c9!8m2!3d25.8148619!4d-80.3246055!16s%2Fg%2F1tj2jpyj!19sChIJ13bpsdW72YgRydJNC5a0TgQ?authuser=0&hl=en&rclk=1
O'Globo Cargo Miami,4.5,44,"4815 NW 79th Ave Unit 05, Doral, FL 33166",(786) 534-9510,oglobocargo.com,not_available,not_available,not_available,Trucking company,"RM9G+32 Doral, Florida",https://www.google.com/maps/place/O%27Globo+Cargo+Miami/data=!4m7!3m6!1s0x88d9b852935245e1:0xb6dbf51daa338078!8m2!3d25.8177459!4d-80.3249602!16s%2Fg%2F11gbkjv56p!19sChIJ4UVSk1K42YgReIAzqh3127Y?authuser=0&hl=en&rclk=1
Global Freight Express,4.4,114,"8417 NW 68th St, Miami, FL 33166",(305) 477-1234,globalfeus.com,not_available,not_available,not_available,Freight forwarding service,"RMP7+FG Miami, Florida",https://www.google.com/maps/place/Global+Freight+Express/data=!4m7!3m6!1s0x88d9bbc7a18f70e1:0xb29088f5925c3b7e!8m2!3d25.8361322!4d-80.3362426!16s%2Fg%2F1tykw5tf!19sChIJ4XCPoce72YgRfjtckvWIkLI?authuser=0&hl=en&rclk=1
Pilot Freight Services,2.4,110,"8120 NW 74th St suite 300, Medley, FL 33166",(305) 599-0832,not_available,not_available,not_available,not_available,Freight forwarding service,"RMQC+P9 Medley, Florida",https://www.google.com/maps/place/Pilot+Freight+Services/data=!4m7!3m6!1s0x88d9b97158c2f9cf:0x44095b7ce7162e97!8m2!3d25.8392714!4d-80.3291215!16s%2Fg%2F11c2plsp07!19sChIJz_nCWHG52YgRly4W53xbCUQ?authuser=0&hl=en&rclk=1
Jauser Cargo Corporation,4.6,13,"2030 NW 95th Ave, Doral, FL 33172",(305) 470-3688,jausercargo.net,not_available,not_available,not_available,Shipping company,"QMV2+44 Doral, Florida",https://www.google.com/maps/place/Jauser+Cargo+Corporation/data=!4m7!3m6!1s0x88d9b97330389665:0x2a46ab41ab73d97e!8m2!3d25.792761!4d-80.3497258!16s%2Fg%2F1tfjgbc1!19sChIJZZY4MHO52YgRftlzq0GrRio?authuser=0&hl=en&rclk=1
Line Cargo Ltda,5.0,2,"3533 NW 82nd Ave, Doral, FL 33122",(305) 280-1389,linecargointl.com,not_available,not_available,not_available,Freight forwarding service,"RM4C+Q9 Doral, Florida",https://www.google.com/maps/place/Line+Cargo+Ltda/data=!4m7!3m6!1s0x88d9b97b8665360f:0x5d9e61ee25e62ce4!8m2!3d25.8068861!4d-80.3290741!16s%2Fg%2F11fm3t_c53!19sChIJDzZlhnu52YgR5CzmJe5hnl0?authuser=0&hl=en&rclk=1
"DIMAR International Cargo, Corp.",4.7,3,"1950 NW 88th Ct, Doral, FL 33172",(305) 477-2477,dimarintl.com,not_available,not_available,not_available,Freight forwarding service,"QMR6+M8 Doral, Florida","https://www.google.com/maps/place/DIMAR+International+Cargo,+Corp./data=!4m7!3m6!1s0x88d9bbc9efe97527:0x8a50ecfa398add11!8m2!3d25.7916257!4d-80.339166!16s%2Fg%2F11c31s23fq!19sChIJJ3Xp78m72YgREd2KOfrsUIo?authuser=0&hl=en&rclk=1"
"Pacific Bonded Carrier, Inc.",4.3,6,"7320 NW 43rd St, Miami, FL 33166",(786) 336-0030,safer.fmcsa.dot.gov,not_available,not_available,not_available,Trucking company,"RM7M+6J Miami, Florida","https://www.google.com/maps/place/Pacific+Bonded+Carrier,+Inc./data=!4m7!3m6!1s0x88d9bb5ff479de1b:0x3d77b1b16680f4e5!8m2!3d25.8130987!4d-80.3159145!16s%2Fg%2F11y4gt4lz3!19sChIJG9559F-72YgR5fSAZrGxdz0?authuser=0&hl=en&rclk=1"
Santo Domingo Shipping Inc,3.9,18,"8103 NW 68th St, Miami, FL 33166",(305) 471-9007,santodomingoshipping.net,Closed ⋅ Opens 8 AM Thu,not_available,not_available,Freight forwarding service,"RMPC+8H Miami, Florida",https://www.google.com/maps/place/Santo+Domingo+Shipping+Inc/data=!4m7!3m6!1s0x88d9ba292ed8ba91:0x2739f151e83e6e93!8m2!3d25.8358474!4d-80.3285828!16s%2Fg%2F1vr1xfmx!19sChIJkbrYLim62YgRk24-6FHxOSc?authuser=0&hl=en&rclk=1
Magnum Freight Corporation,4.4,28,"2600 NW 75th Ave #100, Miami, FL 33122",(305) 269-0900,magnumfreight.com,not_available,not_available,not_available,Freight forwarding service,"QMXJ+GC Miami, Florida",https://www.google.com/maps/place/Magnum+Freight+Corporation/data=!4m7!3m6!1s0x88d9b99d1846b953:0xde7a92caea410454!8m2!3d25.7988405!4d-80.3188902!16s%2Fg%2F1tfrhks9!19sChIJU7lGGJ252YgRVARB6sqSet4?authuser=0&hl=en&rclk=1
Whiting World Wide Inc,4.7,7,"1901 NW 79th Ave, Doral, FL 33126",(305) 594-5811,whitingworldwide.com,not_available,not_available,not_available,Freight forwarding service,"QMRG+RG Doral, Florida",https://www.google.com/maps/place/Whiting+World+Wide+Inc/data=!4m7!3m6!1s0x88d9b974fd62416f:0xe8ecfbbef966228f!8m2!3d25.7921011!4d-80.3237452!16s%2Fg%2F1tflbg6g!19sChIJb0Fi_XS52YgRjyJm-b777Og?authuser=0&hl=en&rclk=1
Go Express Inc,3.0,2,"8811 NW 23rd St, Doral, FL 33172",(305) 471-9004,goexpressincmiami.com,not_available,not_available,not_available,Trucking company,"QMW6+48 Doral, Florida",https://www.google.com/maps/place/Go+Express+Inc/data=!4m7!3m6!1s0x88d9b96bc1167b0b:0x8fd89dd64b07f04c!8m2!3d25.795324!4d-80.3391446!16s%2Fg%2F125_z1x8r!19sChIJC3sWwWu52YgRTPAHS9ad2I8?authuser=0&hl=en&rclk=1
Conavenca,3.9,220,"6371 NW 102nd Ave Apartment 104, Doral, FL 33178",(786) 336-8181,not_available,not_available,reclamos@conavenca.us,not_available,Freight forwarding service,"RJJQ+86 Doral, Florida",https://www.google.com/maps/place/Conavenca/data=!4m7!3m6!1s0x88d9bbee3d4acba7:0x4ce8fed5256e7db5!8m2!3d25.8308567!4d-80.3618919!16s%2Fg%2F11bwh4mmm_!19sChIJp8tKPe672YgRtX1uJdX-6Ew?authuser=0&hl=en&rclk=1
Kelly Group Enterprises Corporation,3.8,13,"7812 NW 46th St, Doral, FL 33166",(305) 436-1800,kellygroup.us,not_available,oscar@kellygroup.us,not_available,Freight forwarding service,"RM7G+WG Doral, Florida",https://www.google.com/maps/place/Kelly+Group+Enterprises+Corporation/data=!4m7!3m6!1s0x88d9bbd5ae3f70d1:0x3914ec095e4a3196!8m2!3d25.8148564!4d-80.3237368!16s%2Fg%2F1tfsj67y!19sChIJ0XA_rtW72YgRljFKXgnsFDk?authuser=0&hl=en&rclk=1
Imperial Freight Brokers,4.0,22,"10890 NW 29th St, Doral, FL 33172",(305) 592-6910,imperialfreight.com,not_available,not_available,not_available,Freight forwarding service,"RJ2G+2R Doral, Florida",https://www.google.com/maps/place/Imperial+Freight+Brokers/data=!4m7!3m6!1s0x88d9b94a55555555:0xe41a0fbda04afb26!8m2!3d25.8000562!4d-80.372878!16s%2Fg%2F11f2wmf8tk!19sChIJVVVVVUq52YgRJvtKoL0PGuQ?authuser=0&hl=en&rclk=1
BM Cargo - Miami,3.8,453,"8400 NW 25th St Suite 100, Doral, FL 33122",(305) 593-5383,bmcargo.com,not_available,not_available,not_available,Freight forwarding service,"QMW8+HR Doral, Florida",https://www.google.com/maps/place/BM+Cargo+-+Miami/data=!4m7!3m6!1s0x88d9b96e112effc5:0x85f8510aff3fceaf!8m2!3d25.796479!4d-80.3328895!16s%2Fg%2F11g_jg5tk!19sChIJxf8uEW652YgRr84__wpR-IU?authuser=0&hl=en&rclk=1
Pak Mail,4.9,51,"10555 NW 41st St Unit 300, Doral, FL 33178",(786) 801-3416,pakmail.com,not_available,not_available,not_available,Shipping company,"RJ7J+4Q Doral, Florida",https://www.google.com/maps/place/Pak+Mail/data=!4m7!3m6!1s0x88d9beac79ede0c7:0x5a750024d42609bb!8m2!3d25.8128691!4d-80.3680031!16s%2Fg%2F11bbxkzp_h!19sChIJx-Dteay-2YgRuwkm1CQAdVo?authuser=0&hl=en&rclk=1
G&G Cargo,4.0,61,"1800 NW 89th Pl, Doral, FL 33172",(305) 477-4766,not_available,not_available,not_available,not_available,Warehouse store,"QMQ4+WV Doral, Florida",https://www.google.com/maps/place/G%26G+Cargo/data=!4m7!3m6!1s0x88d9b9154f92d003:0xa37b8c580fb5a489!8m2!3d25.7898662!4d-80.342805!16s%2Fg%2F11bvcvdg9g!19sChIJA9CSTxW52YgRiaS1D1iMe6M?authuser=0&hl=en&rclk=1
Brit Trading Llc,5.0,4,"8375 NW 53rd Terrace, Doral, FL 33166",(786) 389-4383,not_available,not_available,not_available,not_available,Trucking company,"RMC8+QP Doral, Florida",https://www.google.com/maps/place/Brit+Trading+Llc/data=!4m7!3m6!1s0x88d9bd01d00ef8e5:0x5e5cd3c4e3451285!8m2!3d25.8219972!4d-80.3331708!16s%2Fg%2F11j6z45v55!19sChIJ5fgO0AG92YgRhRJF48TTXF4?authuser=0&hl=en&rclk=1
Aplus World Wide Logistics Corp.,4.7,49,"6994 NW 82nd Ave, Miami, FL 33166",(305) 463-8555,aplusworldwidelogistics.com,not_available,not_available,not_available,Freight forwarding service,"RMP9+JV Miami, Florida",https://www.google.com/maps/place/Aplus+World+Wide+Logistics+Corp./data=!4m7!3m6!1s0x88d9bbb7d7ff3aeb:0x29741331a5f86880!8m2!3d25.8365235!4d-80.3303731!16s%2Fg%2F1q64pdqkl!19sChIJ6zr_17e72YgRgGj4pTETdCk?authuser=0&hl=en&rclk=1
Amcar Freight Inc,4.5,88,"10100 NW 25th St, Miami, FL 33172",(305) 599-8866,amcarfreight.com,not_available,not_available,not_available,Freight forwarding service,"QJWQ+7R Miami, Florida",https://www.google.com/maps/place/Amcar+Freight+Inc/data=!4m7!3m6!1s0x88d9be931a910d2f:0x2edc63d295caaa05!8m2!3d25.7956528!4d-80.3604836!16s%2Fg%2F1hc29y7kl!19sChIJLw2RGpO-2YgRBarKldJj3C4?authuser=0&hl=en&rclk=1
"Transtoria Logistic & Solutions, Inc.",3.6,10,"8348 NW 30th Terrace, Doral, FL 33122",(786) 703-6841,transtoria.com,not_available,not_available,not_available,Logistics service,"RM28+HV Doral, Florida","https://www.google.com/maps/place/Transtoria+Logistic+%26+Solutions,+Inc./data=!4m7!3m6!1s0x88d9b9655808f881:0xc733ac61ab67f59e!8m2!3d25.8013786!4d-80.3327594!16s%2Fg%2F11btv658m0!19sChIJgfgIWGW52YgRnvVnq2GsM8c?authuser=0&hl=en&rclk=1"
"Upper Logistics, Inc.",3.6,7,"1997 NW 87th Ave, Doral, FL 33172",(305) 640-9860,upperlogistics.com,not_available,not_available,not_available,Freight forwarding service,"QMV7+3G Doral, Florida","https://www.google.com/maps/place/Upper+Logistics,+Inc./data=!4m7!3m6!1s0x88d9bf30eb82f59f:0x1e3629e3bf633839!8m2!3d25.7926648!4d-80.3362188!16s%2Fg%2F11fk1qhy_9!19sChIJn_WC6zC_2YgROThjv-MpNh4?authuser=0&hl=en&rclk=1"
United Globe Cargo Inc.,4.8,23,"7235 NW 54th St, Miami, FL 33166",(305) 470-9937,unitedglobecargo.com,not_available,not_available,not_available,Freight forwarding service,"RMFP+83 Miami, Florida",https://www.google.com/maps/place/United+Globe+Cargo+Inc./data=!4m7!3m6!1s0x88d9ba2e1baa7ae9:0x2d437c4ae664d317!8m2!3d25.8232754!4d-80.3148728!16s%2Fg%2F11gty27_s9!19sChIJ6XqqGy662YgRF9Nk5kp8Qy0?authuser=0&hl=en&rclk=1
FA Logistics International Corp.,4.8,153,"8020 NW 71st St, Miami, FL 33166",+58 212-7708514,falogistics.com,not_available,not_available,not_available,Freight forwarding service,"RMPC+XM Miami, Florida",https://www.google.com/maps/place/FA+Logistics+International+Corp./data=!4m7!3m6!1s0x88d9bbb5e538d197:0x80957367082a7f07!8m2!3d25.8374521!4d-80.3283115!16s%2Fg%2F1tggv9ys!19sChIJl9E45bW72YgRB38qCGdzlYA?authuser=0&hl=en&rclk=1
"USA Cargo & Courier, Inc.",5.0,not_available,"5900 NW 97th Ave unit 1, Miami, FL 33178",(305) 592-0342,not_available,not_available,not_available,not_available,Shipping company,"RJHR+4X Miami, Florida","https://www.google.com/maps/place/USA+Cargo+%26+Courier,+Inc./data=!4m7!3m6!1s0x88d9bbf08a46cd1f:0x57cc8117735632d0!8m2!3d25.8278487!4d-80.3575566!16s%2Fg%2F11g6mh959k!19sChIJH81GivC72YgR0DJWcxeBzFc?authuser=0&hl=en&rclk=1"
Quest Cargo,4.5,14,"2400 NW 93rd Ave, Doral, FL 33172",(305) 594-9121,questcargo.com,not_available,not_available,not_available,Freight forwarding service,"QMW3+67 Doral, Florida",https://www.google.com/maps/place/Quest+Cargo/data=!4m7!3m6!1s0x88d9b94173db24f9:0xa248552fc16771fe!8m2!3d25.7955739!4d-80.3468383!16s%2Fg%2F11bwd8szw5!19sChIJ-STbc0G52YgR_nFnwS9VSKI?authuser=0&hl=en&rclk=1
SoloCargo,4.7,13,"7856 NW 71st St, Doral, FL 33166",+58 412-9055245,solocargo.com,not_available,not_available,not_available,Freight forwarding service,"RMPG+W2 Doral, Florida",https://www.google.com/maps/place/SoloCargo/data=!4m7!3m6!1s0x88d9b93c1cad642f:0x7984525e44609f59!8m2!3d25.83726!4d-80.3248836!16s%2Fg%2F11bz0df_m6!19sChIJL2StHDy52YgRWZ9gRF5ShHk?authuser=0&hl=en&rclk=1
Global Cargo Corporation,4.1,42,"8400 NW 90th St, Medley, FL 33166",(305) 513-8555,globalcargo.net,not_available,globalcargo@globalcargo.net,not_available,Freight forwarding service,"VM38+JG Medley, Florida",https://www.google.com/maps/place/Global+Cargo+Corporation/data=!4m7!3m6!1s0x88d9b9727532879f:0x87a4fbe98163f253!8m2!3d25.8540311!4d-80.333722!16s%2Fg%2F1tfq5g4m!19sChIJn4cydXK52YgRU_Jjgen7pIc?authuser=0&hl=en&rclk=1
Inc Intercontinental Cargo Ent,1.0,not_available,"8501 NW 17th St # 100, Doral, FL 33126",(305) 599-2967,not_available,not_available,not_available,not_available,Freight forwarding service,"QMR7+RX Doral, Florida",https://www.google.com/maps/place/Inc+Intercontinental+Cargo+Ent/data=!4m7!3m6!1s0x88d9b96cdd3d4803:0x98e6e82533e8dfd5!8m2!3d25.7920411!4d-80.3350623!16s%2Fg%2F1hc3bf8vl!19sChIJA0g93Wy52YgR1d_oMyXo5pg?authuser=0&hl=en&rclk=1
Gold coast cargo,2.5,4,"1335 NW 98th Ct, Doral, FL 33172",not_available,not_available,not_available,not_available,not_available,Transportation service,"QJPW+98 Doral, Florida",https://www.google.com/maps/place/Gold+coast+cargo/data=!4m7!3m6!1s0x88d9b9715d26e7c7:0xdbec30834f1356c4!8m2!3d25.7858884!4d-80.3542015!16s%2Fg%2F11qqn62ypt!19sChIJx-cmXXG52YgRxFYTT4Mw7Ns?authuser=0&hl=en&rclk=1
JBC International Logistic Systems,4.8,8,"2011 NW 79th Ave, Doral, FL 33198",(305) 639-3488,jetboxcargo.com,not_available,not_available,not_available,Freight forwarding service,"QMVG+3M Doral, Florida",https://www.google.com/maps/place/JBC+International+Logistic+Systems/data=!4m7!3m6!1s0x88d9b97453515c77:0x74ca03b8926e7620!8m2!3d25.7926921!4d-80.3233156!16s%2Fg%2F1trvm75t!19sChIJd1xRU3S52YgRIHZukrgDynQ?authuser=0&hl=en&rclk=1
"U.S. Cargo International, Inc.",5.0,not_available,"2157 NW 79th Ave, Doral, FL 33122",(305) 477-6660,uscargoinc.com,not_available,not_available,not_available,Shipping company,"QMVG+MH Doral, Florida","https://www.google.com/maps/place/U.S.+Cargo+International,+Inc./data=!4m7!3m6!1s0x88d9b976ec2f2a11:0xefd518e455b292c2!8m2!3d25.7941964!4d-80.3236095!16s%2Fg%2F1tfs1wjw!19sChIJESov7Ha52YgRwpKyVeQY1e8?authuser=0&hl=en&rclk=1"
Best Freight Systems Inc,3.3,3,"10800 NW 29th St, Doral, FL 33172",(305) 463-9478,bestfreightsystems.com,not_available,not_available,not_available,Freight forwarding service,"RJ2H+4H Doral, Florida",https://www.google.com/maps/place/Best+Freight+Systems+Inc/data=!4m7!3m6!1s0x88d9beb3da892ce3:0x170da749c436ac07!8m2!3d25.8002613!4d-80.3710755!16s%2Fg%2F1tm8973z!19sChIJ4yyJ2rO-2YgRB6w2xEmnDRc?authuser=0&hl=en&rclk=1
Codotrans Inc,4.3,24,"8550 NW 17th St Ste 110, Doral, FL 33126",(305) 994-3290,codotransinc.com,not_available,not_available,not_available,Freight forwarding service,"QMQ7+9W Doral, Florida",https://www.google.com/maps/place/Codotrans+Inc/data=!4m7!3m6!1s0x88d9b90a7cb2e3ef:0x7bac63279cc26f27!8m2!3d25.7884614!4d-80.335136!16s%2Fg%2F1v4k79pw!19sChIJ7-OyfAq52YgRJ2_CnCdjrHs?authuser=0&hl=en&rclk=1
Miami Freight & Shipping (Powered by JP Logistics Solutions),5.0,not_available,"10125 NW 116th Way, Medley, Miami, FL 33178",(305) 885-0558,jplogisticssolutions.com,not_available,not_available,not_available,Logistics service,"VJCP+VG Miami, Florida",https://www.google.com/maps/place/Miami+Freight+%26+Shipping+%28Powered+by+JP+Logistics+Solutions%29/data=!4m7!3m6!1s0x88d9bb6a78046289:0xf564741b558474e0!8m2!3d25.8722082!4d-80.3636479!16s%2Fg%2F11y4xprzdx!19sChIJiWIEeGq72YgR4HSEVRt0ZPU?authuser=0&hl=en&rclk=1
"D Manganelli Logistics, INC",5.0,28,"8200 NW 33rd St STE 330, Doral, FL 33122",(305) 428-3374,dmanganelli.com,not_available,not_available,not_available,Customs broker,"RM39+7X Doral, Florida","https://www.google.com/maps/place/D+Manganelli+Logistics,+INC/data=!4m7!3m6!1s0x88d9b976dc58ca79:0x7b4bf9584d8b848b!8m2!3d25.8031592!4d-80.3301192!16s%2Fg%2F11clwj0l3b!19sChIJecpY3Ha52YgRi4SLTVj5S3s?authuser=0&hl=en&rclk=1"
Marathon Xpress Inc,4.2,38,"8350 NW 52nd Terrace Suite 301, Miami, FL 33166",(305) 381-5155,mxicarrier.com,not_available,not_available,not_available,Trucking company,"RM98+QW Miami, Florida",https://www.google.com/maps/place/Marathon+Xpress+Inc/data=!4m7!3m6!1s0x88d9bf4c6ef7a49f:0xc47a49cb0f540783!8m2!3d25.8194869!4d-80.3327495!16s%2Fg%2F11g4gx8t34!19sChIJn6T3bky_2YgRgwdUD8tJesQ?authuser=0&hl=en&rclk=1
Flash Air Cargo,4.6,15,"5930 NW 99th Ave Suite 13, Doral, FL 33178",(305) 791-0403,flashaircargo.com,not_available,not_available,not_available,Freight forwarding service,"RJHR+2J Doral, Florida",https://www.google.com/maps/place/Flash+Air+Cargo/data=!4m7!3m6!1s0x88d9beb5e410791d:0xbb8f8e0d09938fc4!8m2!3d25.8275149!4d-80.3583832!16s%2Fg%2F1wyc53z9!19sChIJHXkQ5LW-2YgRxI-TCQ2Oj7s?authuser=0&hl=en&rclk=1
Atlantic Overseas Express Inc.,4.2,17,"8501 NW 17th St #102, Doral, FL 33126",(305) 715-0344,atlanticoverseasexpress.com,not_available,not_available,not_available,Freight forwarding service,"QMR7+PX Doral, Florida",https://www.google.com/maps/place/Atlantic+Overseas+Express+Inc./data=!4m7!3m6!1s0x88d9bbb9b8e08c55:0xc456c3184fe50269!8m2!3d25.7918169!4d-80.3350588!16s%2Fg%2F1q69vf5p5!19sChIJVYzguLm72YgRaQLlTxjDVsQ?authuser=0&hl=en&rclk=1
TL CARGO MIAMI,4.2,125,"8520 NW 66th St, Miami, FL 33166",(786) 409-7088,tlcargo.net,not_available,not_available,not_available,Freight forwarding service,"RMM7+7G Miami, Florida",https://www.google.com/maps/place/TL+CARGO+MIAMI/data=!4m7!3m6!1s0x88d9bb56cb9d82c9:0xfcb5a14f222247ba!8m2!3d25.8331731!4d-80.3362015!16s%2Fg%2F11nx30_db_!19sChIJyYKdy1a72YgRukciIk-htfw?authuser=0&hl=en&rclk=1
Harbor Transport,4.8,8,"7320 NW 70th St, Miami, FL 33166",(305) 863-8979,harbortransport.com,not_available,not_available,not_available,Trucking company,"RMPM+FJ Miami, Florida",https://www.google.com/maps/place/Harbor+Transport/data=!4m7!3m6!1s0x88d9ba4a04561ead:0xe82712cb642b56c2!8m2!3d25.8362489!4d-80.3159982!16s%2Fg%2F1td39157!19sChIJrR5WBEq62YgRwlYrZMsSJ-g?authuser=0&hl=en&rclk=1
LTC Global Logistics LLC,5.0,2,"8000 NW 29th St, Doral, FL 33122",(305) 465-2030,ltcgl.com,not_available,not_available,not_available,Freight forwarding service,"RM2F+62 Doral, Florida",https://www.google.com/maps/place/LTC+Global+Logistics+LLC/data=!4m7!3m6!1s0x88d9b95e99b485df:0x2cddfa2ccb4f8db2!8m2!3d25.8005924!4d-80.3273932!16s%2Fg%2F11p647py4g!19sChIJ34W0mV652YgRso1Pyyz63Sw?authuser=0&hl=en&rclk=1
A1 Courier - A1 Cargo Logistics,4.6,73,"10990 NW 138th St Unit 12, Hialeah Gardens, FL 33018",(305) 766-2337,a1cargologistics.com,not_available,not_available,not_available,Freight forwarding service,"VJXF+67 Hialeah Gardens, Florida",https://www.google.com/maps/place/A1+Courier+-+A1+Cargo+Logistics/data=!4m7!3m6!1s0x88d9bbc83f2fdfeb:0x592b2b6a72d7b61b!8m2!3d25.8980006!4d-80.3768043!16s%2Fg%2F1tczwrd0!19sChIJ698vP8i72YgRG7bXcmorK1k?authuser=0&hl=en&rclk=1
Caribbean Freight Forwarders,4.4,14,"4773 NW 72nd Ave, Miami, FL 33166",(305) 477-2213,not_available,not_available,not_available,not_available,Freight forwarding service,"RM8Q+P8 Miami, Florida",https://www.google.com/maps/place/Caribbean+Freight+Forwarders/data=!4m7!3m6!1s0x88d9ba292edb664d:0xa8548225eac6a11a!8m2!3d25.8168706!4d-80.311628!16s%2Fg%2F1tk68h18!19sChIJTWbbLim62YgRGqHG6iWCVKg?authuser=0&hl=en&rclk=1
