name,rating,reviews,address,phone,website,hours,email,social_media,category,plus_code,url
Freight Transportation Services | CP Broker 🚚,4.6,20,"8383 NW 66th St, Doral, FL 33166",(954) 605-6949,cpbroker.net,not_available,not_available,not_available,Freight forwarding service,"RMM8+FG Doral, Florida",https://www.google.com/maps/place/Freight+Transportation+Services+%7C+CP+Broker+%F0%9F%9A%9A/data=!4m7!3m6!1s0x88d9bb9f2e46cd71:0x2e5ef2072014fc19!8m2!3d25.8336258!4d-80.3336606!16s%2Fg%2F11j8wjxdgn!19sChIJcc1GLp-72YgRGfwUIAfyXi4?authuser=0&hl=en&rclk=1
Imperial Freight Brokers,4.0,22,"10890 NW 29th St, Doral, FL 33172",(305) 592-6910,imperialfreight.com,not_available,not_available,not_available,Freight forwarding service,"RJ2G+2R Doral, Florida",https://www.google.com/maps/place/Imperial+Freight+Brokers/data=!4m7!3m6!1s0x88d9b94a55555555:0xe41a0fbda04afb26!8m2!3d25.8000562!4d-80.372878!16s%2Fg%2F11f2wmf8tk!19sChIJVVVVVUq52YgRJvtKoL0PGuQ?authuser=0&hl=en&rclk=1
STT Logistics Group,4.7,"1,919","1150 NW 72nd Ave, Miami, FL 33126",(786) 709-9664,sttlogisticsgroup.com,not_available,info@sttlg.us,not_available,Logistics service,"QMJP+MQ Miami, Florida",https://www.google.com/maps/place/STT+Logistics+Group/data=!4m7!3m6!1s0x88d9b9a276bdae05:0x7331d67277c86e9a!8m2!3d25.7817418!4d-80.3130847!16s%2Fg%2F11j0v2_ml3!19sChIJBa69dqK52YgRmm7Id3LWMXM?authuser=0&hl=en&rclk=1
Compass Freight Brokers Inc,5.0,5,"8900 NW 35th Ln #140, Doral, FL 33172",(305) 363-2007,compassfreightbrokers.com,Closed ⋅ Opens 8:30 AM Thu,not_available,not_available,Freight forwarding service,"RM45+PQ Doral, Florida",https://www.google.com/maps/place/Compass+Freight+Brokers+Inc/data=!4m7!3m6!1s0x88d9b9471de66c7d:0xc4eb00548daed239!8m2!3d25.8067777!4d-80.340567!16s%2Fg%2F11fsvr7_wf!19sChIJfWzmHUe52YgROdKujVQA68Q?authuser=0&hl=en&rclk=1
US Freight Brokers Inc,2.0,2,"5121 NW 79th Ave, Doral, FL 33166",(786) 368-3302,not_available,not_available,not_available,not_available,Freight forwarding service,"RM9F+XX Doral, Florida",https://www.google.com/maps/place/US+Freight+Brokers+Inc/data=!4m7!3m6!1s0x88d9bbd3eb413de3:0xc71f4f4995e6b9fd!8m2!3d25.8199674!4d-80.3250099!16s%2Fg%2F1vg6vjtr!19sChIJ4z1B69O72YgR_bnmlUlPH8c?authuser=0&hl=en&rclk=1
"Expedited World Cargo, Inc.",4.7,18,"9667 NW 33rd St, Doral, FL 33178",(305) 392-5085,ewcnow.com,not_available,not_available,not_available,Freight forwarding service,"RJ4X+7C Doral, Florida","https://www.google.com/maps/place/Expedited+World+Cargo,+Inc./data=!4m7!3m6!1s0x88d9b95aa28f4765:0x8dc300e425f64502!8m2!3d25.805659!4d-80.35147!16s%2Fg%2F1v9gktbf!19sChIJZUePolq52YgRAkX2JeQAw40?authuser=0&hl=en&rclk=1"
"D Manganelli Logistics, INC",5.0,28,"8200 NW 33rd St STE 330, Doral, FL 33122",(305) 428-3374,dmanganelli.com,not_available,not_available,not_available,Customs broker,"RM39+7X Doral, Florida","https://www.google.com/maps/place/D+Manganelli+Logistics,+INC/data=!4m7!3m6!1s0x88d9b976dc58ca79:0x7b4bf9584d8b848b!8m2!3d25.8031592!4d-80.3301192!16s%2Fg%2F11clwj0l3b!19sChIJecpY3Ha52YgRi4SLTVj5S3s?authuser=0&hl=en&rclk=1"
Commodity Forwarders Inc,3.0,5,"8150 NW 21st St, Doral, FL 33122",(305) 593-1774,cfiperishables.com,not_available,not_available,not_available,Freight forwarding service,"QMVF+32 Doral, Florida",https://www.google.com/maps/place/Commodity+Forwarders+Inc/data=!4m7!3m6!1s0x88d9b984d776344b:0x952f0d23638deaa8!8m2!3d25.792725!4d-80.3274786!16s%2Fg%2F12640_0yg!19sChIJSzR214S52YgRqOqNYyMNL5U?authuser=0&hl=en&rclk=1
Armellini Freight Brokerage,4.0,12,"2811 NW 74th Ave, Miami, FL 33122",(305) 592-7008,armellinifreightbrokerage.com,not_available,not_available,not_available,Transportation service,"RM2M+39 Miami, Florida",https://www.google.com/maps/place/Armellini+Freight+Brokerage/data=!4m7!3m6!1s0x88d9b99caa40746d:0x6c865e32c8476!8m2!3d25.8002093!4d-80.3165777!16s%2Fg%2F11c58286qf!19sChIJbXRAqpy52YgRdoQs42XIBgA?authuser=0&hl=en&rclk=1
Hecny Transportation Inc,3.9,21,"1904 NW 82nd Ave, Doral, FL 33126",(305) 594-5882,hecny.com,not_available,not_available,not_available,Freight forwarding service,"QMRC+Q7 Doral, Florida",https://www.google.com/maps/place/Hecny+Transportation+Inc/data=!4m7!3m6!1s0x88d9b973a7fcdff5:0x1f9dcd4b658e9854!8m2!3d25.7919374!4d-80.3293448!16s%2Fg%2F1vf9d516!19sChIJ9d_8p3O52YgRVJiOZUvNnR8?authuser=0&hl=en&rclk=1
Kathmar Freight Logistics Services,5.0,11,"11155 NW 33rd St, Doral, FL 33172",(305) 597-9696,kathmarfreight.com,not_available,not_available,not_available,Freight forwarding service,"RJ3F+Q4 Doral, Florida",https://www.google.com/maps/place/Kathmar+Freight+Logistics+Services/data=!4m7!3m6!1s0x88d9bb2a9af6f323:0xfb6417da56e95da7!8m2!3d25.8044702!4d-80.3771632!16s%2Fg%2F11qn6y_drv!19sChIJI_P2miq72YgRp13pVtoXZPs?authuser=0&hl=en&rclk=1
Doral Freight Logistics Inc,4.9,7,"11450 NW 34th St Suite 100, Doral, FL 33178",(305) 477-1022,doralfreight.com,not_available,not_available,not_available,Freight forwarding service,"RJ38+QP Doral, Florida",https://www.google.com/maps/place/Doral+Freight+Logistics+Inc/data=!4m7!3m6!1s0x88d9bbb9bfa0402d:0x2bdfe993687b97d8!8m2!3d25.8044871!4d-80.3831756!16s%2Fg%2F11bxg0lz3k!19sChIJLUCgv7m72YgR2Jd7aJPp3ys?authuser=0&hl=en&rclk=1
Elite Broker Services,4.5,34,"8566 NW 72nd St, Doral, FL 33166",(786) 631-7203,elitebrokerservicescorp.com,not_available,not_available,not_available,Freight forwarding service,"RMQ7+F7 Doral, Florida",https://www.google.com/maps/place/Elite+Broker+Services/data=!4m7!3m6!1s0x88d9bb08fb80eb53:0x5157c52e4196d9b1!8m2!3d25.8387352!4d-80.3368528!16s%2Fg%2F11fmprnjb_!19sChIJU-uA-wi72YgRsdmWQS7FV1E?authuser=0&hl=en&rclk=1
Corp Master Freight America,5.0,9,"8950 NW 27th St Suite 313, Doral, FL 33172",(305) 470-1224,masterfreight.com,not_available,not_available,not_available,Freight forwarding service,"QMX5+PG Doral, Florida",https://www.google.com/maps/place/Corp+Master+Freight+America/data=!4m7!3m6!1s0x88d9b96906677f15:0xb8623b4cbf1752ab!8m2!3d25.799345!4d-80.3412246!16s%2Fg%2F1tnhz3p8!19sChIJFX9nBmm52YgRq1IXv0w7Yrg?authuser=0&hl=en&rclk=1
CONTINENTAL FREIGHT FORWARDING,4.5,19,"2301 NW 107th Ave, Doral, FL 33172",(305) 592-8198,cff-inc.com,not_available,not_available,not_available,Freight forwarding service,"QJVJ+MH Doral, Florida",https://www.google.com/maps/place/CONTINENTAL+FREIGHT+FORWARDING/data=!4m7!3m6!1s0x88d9bbf0133502df:0xb5b0a37528fadfdb!8m2!3d25.794222!4d-80.3685052!16s%2Fg%2F11bycg0mpr!19sChIJ3wI1E_C72YgR29_6KHWjsLU?authuser=0&hl=en&rclk=1
Alva Freight International (Freight Forwarder & NVOCC),4.4,17,"7750 NW 46th St, Doral, FL 33166",(305) 403-7755,alvafreight.com,Closed ⋅ Opens 8 AM Thu,not_available,not_available,Freight forwarding service,"RM7H+W6 Doral, Florida",https://www.google.com/maps/place/Alva+Freight+International+%28Freight+Forwarder+%26+NVOCC%29/data=!4m7!3m6!1s0x88d9bbd5b1eeb741:0x69cce2b24a87b268!8m2!3d25.8148668!4d-80.3219217!16s%2Fg%2F1q5gnbz6m!19sChIJQbfusdW72YgRaLKHSrLizGk?authuser=0&hl=en&rclk=1
Universal Freight and Logistics LLC,4.6,16,"1362 NW 78th Ave, Doral, FL 33126",(786) 699-0871,universalmiami.co,not_available,not_available,not_available,Freight forwarding service,"QMPG+4F Doral, Florida",https://www.google.com/maps/place/Universal+Freight+and+Logistics+LLC/data=!4m7!3m6!1s0x88d9b9e8ae0ca58f:0xb3c9eaad7080a2ef!8m2!3d25.7853143!4d-80.3237952!16s%2Fg%2F11f9_dbpvw!19sChIJj6UMrui52YgR76KAcK3qybM?authuser=0&hl=en&rclk=1
GM International Freight Forwarders Corp.,4.9,99,"7517 NW 52nd St, Miami, FL 33166",(305) 599-7924,gmfreight.com,not_available,not_available,not_available,Freight forwarding service,"RMCJ+98 Miami, Florida",https://www.google.com/maps/place/GM+International+Freight+Forwarders+Corp./data=!4m7!3m6!1s0x88d9ba280882779f:0xecbc6b19c1853e46!8m2!3d25.8209356!4d-80.3192322!16s%2Fg%2F1tf87x0g!19sChIJn3eCCCi62YgRRj6FwRlrvOw?authuser=0&hl=en&rclk=1
Ameritrans Express Inc,5.0,3,"7215 NW 41st St Bay K, Miami, FL 33166",(305) 591-8111,not_available,not_available,not_available,not_available,Customs broker,"RM6P+PH Miami, Florida",https://www.google.com/maps/place/Ameritrans+Express+Inc/data=!4m7!3m6!1s0x88d9b98766c32877:0x96bf634671656cb3!8m2!3d25.8118465!4d-80.3135623!16s%2Fg%2F1v9lcl9k!19sChIJdyjDZoe52YgRs2xlcUZjv5Y?authuser=0&hl=en&rclk=1
Lufran International Inc,4.2,15,"2250 NW 96th Ave #201, Doral, FL 33172",(305) 594-1070,lufran-intl.com,not_available,not_available,not_available,Customs broker,"QJVX+PF Doral, Florida",https://www.google.com/maps/place/Lufran+International+Inc/data=!4m7!3m6!1s0x88d9b053ab4d9a63:0xc3f5462b8d383062!8m2!3d25.794317!4d-80.351339!16s%2Fg%2F1tfqrr9m!19sChIJY5pNq1Ow2YgRYjA4jStG9cM?authuser=0&hl=en&rclk=1
Cargo Sales Int'l,5.0,24,"8200 NW 41st St Suite 200, Doral, FL 33166",(866) 287-2583,cargosalesintl.com,Open 24 hours,not_available,not_available,Shipping service,"RM69+CQ Doral, Florida",https://www.google.com/maps/place/Cargo+Sales+Int%27l/data=!4m7!3m6!1s0x88d9b97d10c3d21b:0x88f1802ef9700a1a!8m2!3d25.8110604!4d-80.3306115!16s%2Fg%2F11h5q805wz!19sChIJG9LDEH252YgRGgpw-S6A8Yg?authuser=0&hl=en&rclk=1
Smart Transport Inc - Freight Broker,5.0,4,"2222 W 79th St, Hialeah, FL 33016",(305) 333-6936,truckyourfreight.com,not_available,not_available,not_available,Logistics service,"VMVC+MF Hialeah, Florida",https://www.google.com/maps/place/Smart+Transport+Inc+-+Freight+Broker/data=!4m7!3m6!1s0x88d9bb28b1347c27:0xb8e0c1d365205d35!8m2!3d25.8941625!4d-80.3287642!16s%2Fg%2F11s0tbf8p_!19sChIJJ3w0sSi72YgRNV0gZdPB4Lg?authuser=0&hl=en&rclk=1
FIAFreight,4.4,19,"2801 NW 74th Ave Suite 104, Doral, FL 33122",(800) 863-2142,fiafreight.com,not_available,not_available,not_available,Transportation service,"QMXM+JR Doral, Florida",https://www.google.com/maps/place/FIAFreight/data=!4m7!3m6!1s0x88d9c77366694c73:0xb28fa68b3332751d!8m2!3d25.7990107!4d-80.3154142!16s%2Fg%2F11j1srmk1y!19sChIJc0xpZnPH2YgRHXUyM4umj7I?authuser=0&hl=en&rclk=1
Ramps Logistics LLC.,5.0,not_available,"1940 NW 82nd Ave, Doral, FL 33122",(305) 906-5168,rampslogistics.com,not_available,not_available,not_available,Freight forwarding service,"QMVC+45 Doral, Florida",https://www.google.com/maps/place/Ramps+Logistics+LLC./data=!4m7!3m6!1s0x88d9b973ac2cf4d3:0xa1358ab6f822db0d!8m2!3d25.7927773!4d-80.329504!16s%2Fg%2F11gfgzs3pg!19sChIJ0_QsrHO52YgRDdsi-LaKNaE?authuser=0&hl=en&rclk=1
American Wings,4.1,14,"3000 NW 79th Ave, Doral, FL 33122",(305) 477-7733,americanwingsfl.com,not_available,not_available,not_available,Freight forwarding service,"RM2F+QV Doral, Florida",https://www.google.com/maps/place/American+Wings/data=!4m7!3m6!1s0x88d9b979c4a80b73:0xc9e97deb47a4d735!8m2!3d25.8018966!4d-80.3253051!16s%2Fg%2F1tg4m5d3!19sChIJcwuoxHm52YgRNdekR-t96ck?authuser=0&hl=en&rclk=1
Doral Customs Brokers,5.0,38,"8805 NW 35th Ln, Doral, FL 33172",(786) 224-0500,doralcustomsbrokers.com,not_available,not_available,not_available,Customs broker,"RM56+58 Doral, Florida",https://www.google.com/maps/place/Doral+Customs+Brokers/data=!4m7!3m6!1s0x88d9b966b4e5a7e9:0x878baed6fc9a65d1!8m2!3d25.8078898!4d-80.3391653!16s%2Fg%2F11bvt8g624!19sChIJ6afltGa52YgR0WWa_Naui4c?authuser=0&hl=en&rclk=1
Whiting World Wide Inc,4.7,7,"1901 NW 79th Ave, Doral, FL 33126",(305) 594-5811,whitingworldwide.com,not_available,not_available,not_available,Freight forwarding service,"QMRG+RG Doral, Florida",https://www.google.com/maps/place/Whiting+World+Wide+Inc/data=!4m7!3m6!1s0x88d9b974fd62416f:0xe8ecfbbef966228f!8m2!3d25.7921011!4d-80.3237452!16s%2Fg%2F1tflbg6g!19sChIJb0Fi_XS52YgRjyJm-b777Og?authuser=0&hl=en&rclk=1
Magnum Freight Corporation,4.4,28,"2600 NW 75th Ave #100, Miami, FL 33122",(305) 269-0900,magnumfreight.com,not_available,not_available,not_available,Freight forwarding service,"QMXJ+GC Miami, Florida",https://www.google.com/maps/place/Magnum+Freight+Corporation/data=!4m7!3m6!1s0x88d9b99d1846b953:0xde7a92caea410454!8m2!3d25.7988405!4d-80.3188902!16s%2Fg%2F1tfrhks9!19sChIJU7lGGJ252YgRVARB6sqSet4?authuser=0&hl=en&rclk=1
L R Brokers,5.0,not_available,"3555 NW 77th Ave, Doral, FL 33122",(305) 594-4030,lrbrokers.com,not_available,not_available,not_available,Customs broker,"RM3H+VX Doral, Florida",https://www.google.com/maps/place/L+R+Brokers/data=!4m7!3m6!1s0x88d9b982143a659f:0x6d8ad7711f9897d6!8m2!3d25.8046572!4d-80.3200671!16s%2Fg%2F1thn69nn!19sChIJn2U6FIK52YgR1peYH3HXim0?authuser=0&hl=en&rclk=1
Xpress Freight Services,3.7,20,"8550 NW 17th St # 100, Doral, FL 33126",(305) 591-0033,shipwithxpress.com,not_available,not_available,not_available,Freight forwarding service,"QMQ8+95 Doral, Florida",https://www.google.com/maps/place/Xpress+Freight+Services/data=!4m7!3m6!1s0x88d9bbf055555555:0xfcab416abb061be3!8m2!3d25.7884442!4d-80.3346024!16s%2Fg%2F11f72_363y!19sChIJVVVVVfC72YgR4xsGu2pBq_w?authuser=0&hl=en&rclk=1
"Armellini Logistics- Miami, FL",4.1,108,"2811 NW 74th Ave, Doral, FL 33122",(305) 592-5933,armellini.com,not_available,not_available,not_available,Logistics service,"RM2M+3H Doral, Florida","https://www.google.com/maps/place/Armellini+Logistics-+Miami,+FL/data=!4m7!3m6!1s0x88d9b99caae672dd:0x780e4daa63745e5e!8m2!3d25.8002471!4d-80.3160018!16s%2Fg%2F1tsr3_sh!19sChIJ3XLmqpy52YgRXl50Y6pNDng?authuser=0&hl=en&rclk=1"
A Customs Brokerage,4.2,10,"8400 NW 36th St Suite 100, Doral, FL 33166",(305) 805-6797,acb-us.com,not_available,not_available,not_available,Customs broker,"RM58+MR Doral, Florida",https://www.google.com/maps/place/A+Customs+Brokerage/data=!4m7!3m6!1s0x88d9bbdaeb0cc46f:0x80b96c87b841f8c0!8m2!3d25.8091906!4d-80.3328895!16s%2Fg%2F1vzn6c84!19sChIJb8QM69q72YgRwPhBuIdsuYA?authuser=0&hl=en&rclk=1
EvoluXion Y LLC,5.0,6,"8195 NW 54th St, Doral, FL 33166",(305) 510-4393,evoluxiony.com,not_available,not_available,not_available,Transportation service,"RMFC+37 Doral, Florida",https://www.google.com/maps/place/EvoluXion+Y+LLC/data=!4m7!3m6!1s0x88d9bbcbf9ad45a1:0xefe3a701e578459!8m2!3d25.8227445!4d-80.3293224!16s%2Fg%2F11h7d10tvc!19sChIJoUWt-cu72YgRWYRXHnA6_g4?authuser=0&hl=en&rclk=1
Express International Freight,4.5,17,"8345 NW 74th St, Doral, FL 33166",(305) 477-4041,eifreight.com,not_available,not_available,not_available,Freight forwarding service,"RMR8+QJ Doral, Florida",https://www.google.com/maps/place/Express+International+Freight/data=!4m7!3m6!1s0x88d9bbb9b8daa49d:0x7b0be54f3484ab55!8m2!3d25.8418788!4d-80.3333935!16s%2Fg%2F1tfcv0f9!19sChIJnaTauLm72YgRVauENE_lC3s?authuser=0&hl=en&rclk=1
Deluxe Freight LLC,4.5,99,"11401 NW 107th St #100, Miami, FL 33178",(305) 513-0156,deluxefreight.com,not_available,not_available,not_available,Freight forwarding service,"VJC8+CC Miami, Florida",https://www.google.com/maps/place/Deluxe+Freight+LLC/data=!4m7!3m6!1s0x88d9bc8c3901be2d:0xf83a6b8da38e980b!8m2!3d25.8711127!4d-80.3839649!16s%2Fg%2F11cl_hvmnb!19sChIJLb4BOYy82YgRC5iOo41rOvg?authuser=0&hl=en&rclk=1
Mvp International Freight Systems,4.6,12,"8012 NW 29th St, Doral, FL 33122",(305) 597-9099,mvp-ifs.com,not_available,not_available,not_available,Freight forwarding service,"RM2F+32 Doral, Florida",https://www.google.com/maps/place/Mvp+International+Freight+Systems/data=!4m7!3m6!1s0x88d9b9775c266e2f:0x58a2b038bc1ef9ae!8m2!3d25.8001657!4d-80.3274392!16s%2Fg%2F1tjy298d!19sChIJL24mXHe52YgRrvkevDiwolg?authuser=0&hl=en&rclk=1
UTB LOGISTICS,3.1,55,"14750 NW 77th Ct #200, Miami Lakes, FL 33016",(305) 819-3000,utblogistics.com,not_available,info@utblogistics.com,not_available,Logistics service,"WM5F+2G Miami Lakes, Florida",https://www.google.com/maps/place/UTB+LOGISTICS/data=!4m7!3m6!1s0x88d9a50ff4aee745:0x77f37b7d002fd56b!8m2!3d25.907555!4d-80.326244!16s%2Fg%2F11pkcszztx!19sChIJReeu9A-l2YgRa9UvAH1783c?authuser=0&hl=en&rclk=1
Transcargo Brokers Inc.,4.7,7,"2535A NW 72nd Ave, Miami, FL 33122",(305) 594-1928,transcargobrokers.com,not_available,not_available,not_available,Customs broker,"QMXP+4X Miami, Florida",https://www.google.com/maps/place/Transcargo+Brokers+Inc./data=!4m7!3m6!1s0x88d9b99ae2ee9985:0x3f79fdb93076455a!8m2!3d25.7978433!4d-80.3125284!16s%2Fg%2F1tqg13z0!19sChIJhZnu4pq52YgRWkV2MLn9eT8?authuser=0&hl=en&rclk=1
Amad Logistics,4.3,64,"8274 NW 14th St, Doral, FL 33126",(305) 888-0344,amadlogistics.com,not_available,not_available,not_available,Freight forwarding service,"QMP9+5X Doral, Florida",https://www.google.com/maps/place/Amad+Logistics/data=!4m7!3m6!1s0x88d9b90dbec8c66f:0xa6f05891b32bcc51!8m2!3d25.7854837!4d-80.3300944!16s%2Fg%2F1tfklzw2!19sChIJb8bIvg252YgRUcwrs5FY8KY?authuser=0&hl=en&rclk=1
Astral Freight Services Inc,5.0,9,"10832 NW 27th St, Doral, FL 33172",(305) 599-1651,astralfreight.com,not_available,not_available,not_available,Freight forwarding service,"QJXH+F8 Doral, Florida",https://www.google.com/maps/place/Astral+Freight+Services+Inc/data=!4m7!3m6!1s0x88d9b90c5bd4df03:0x517cbbb99d3ca397!8m2!3d25.7986894!4d-80.3717208!16s%2Fg%2F1vtzj00j!19sChIJA9_UWwy52YgRl6M8nbm7fFE?authuser=0&hl=en&rclk=1
Star Freight Logistics LLC,4.7,3,"5963 NW 102nd Ave, Doral, FL 33178",(305) 513-9488,starfreight.us,not_available,not_available,not_available,Freight forwarding service,"RJHQ+27 Doral, Florida",https://www.google.com/maps/place/Star+Freight+Logistics+LLC/data=!4m7!3m6!1s0x88d9bbf76695badf:0xde4b88a166733733!8m2!3d25.8276139!4d-80.3617777!16s%2Fg%2F1v5_b74y!19sChIJ37qVZve72YgRMzdzZqGIS94?authuser=0&hl=en&rclk=1
Ram's Cargo Brokers,5.0,not_available,"4815 NW 79th Ave UNIT 12, Doral, FL 33166",(305) 591-8277,ramscargo.com,not_available,not_available,not_available,Customs broker,"RM9F+4X Doral, Florida",https://www.google.com/maps/place/Ram%27s+Cargo+Brokers/data=!4m7!3m6!1s0x88d9b97e7a6df457:0xac889ba0cea15db5!8m2!3d25.817771!4d-80.32501!16s%2Fg%2F1tfpkmg5!19sChIJV_Rten652YgRtV2hzqCbiKw?authuser=0&hl=en&rclk=1
C and R Customs Brokers Inc.,4.8,82,"2375 NW 70th Ave Unit B-10, Miami, FL 33122",(305) 885-5244,crcustomsbrokers.com,not_available,not_available,not_available,Customs broker,"QMWR+64 Miami, Florida",https://www.google.com/maps/place/C+and+R+Customs+Brokers+Inc./data=!4m7!3m6!1s0x88d9ba521634f6a1:0x702d13a4062b36b3!8m2!3d25.7956117!4d-80.3097232!16s%2Fg%2F11bbrmnl4d!19sChIJofY0FlK62YgRszYrBqQTLXA?authuser=0&hl=en&rclk=1
MH Logistics,5.0,12,"3042 NW 73rd St Suite 4, Miami, FL 33147",(786) 937-5352,mhls.co,not_available,not_available,not_available,Freight forwarding service,"RQR3+29 Miami, Florida",https://www.google.com/maps/place/MH+Logistics/data=!4m7!3m6!1s0x88d9b1cd039e420b:0x3c934124341baee6!8m2!3d25.8400393!4d-80.2466008!16s%2Fg%2F11kqlt2jd0!19sChIJC0KeA82x2YgR5q4bNCRBkzw?authuser=0&hl=en&rclk=1
Freight Group USA - Envios a Mexico,4.4,7,"8342 NW 56th St, Doral, FL 33166",(305) 632-8897,not_available,not_available,not_available,not_available,Freight forwarding service,"RMF9+M4 Doral, Florida",https://www.google.com/maps/place/Freight+Group+USA+-+Envios+a+Mexico/data=!4m7!3m6!1s0x88d9bbd0052f9829:0x34f16350de965bd1!8m2!3d25.8241566!4d-80.3322245!16s%2Fg%2F124t3l4ns!19sChIJKZgvBdC72YgR0VuW3lBj8TQ?authuser=0&hl=en&rclk=1
LogiCarrier Corp,4.9,43,"5065 NW 74th Ave # 7, Miami, FL 33166",(786) 615-2402,logicarrier.com,not_available,not_available,not_available,Freight forwarding service,"RM9M+VF Miami, Florida",https://www.google.com/maps/place/LogiCarrier+Corp/data=!4m7!3m6!1s0x88d9ba2d837a5a47:0x6062ba163f0b8fde!8m2!3d25.8196278!4d-80.3163288!16s%2Fg%2F1pv29wgct!19sChIJR1p6gy262YgR3o8LPxa6YmA?authuser=0&hl=en&rclk=1
St. Lucia Express Freight Services,5.0,7,"11450 NW 34th St Suite 100, Doral, FL 33178",(305) 418-4151,stluciaexpress.com,not_available,not_available,not_available,Freight forwarding service,"RJ38+VR Doral, Florida",https://www.google.com/maps/place/St.+Lucia+Express+Freight+Services/data=!4m7!3m6!1s0x88d9bf0f9124e85b:0x96eddc602b825f52!8m2!3d25.804652!4d-80.382993!16s%2Fg%2F11vm6wqrh1!19sChIJW-gkkQ-_2YgRUl-CK2Dc7ZY?authuser=0&hl=en&rclk=1
Caribbean American Freight Inc,3.0,2,"9393 NW 13th St, Doral, FL 33172",(305) 592-2225,caribbean-american.com,not_available,not_available,not_available,Freight forwarding service,"QMP2+2J Doral, Florida",https://www.google.com/maps/place/Caribbean+American+Freight+Inc/data=!4m7!3m6!1s0x88d9b93c0344947b:0x4a3ec46f8779528a!8m2!3d25.7850633!4d-80.3483757!16s%2Fg%2F1ts_7dry!19sChIJe5REAzy52YgRilJ5h2_EPko?authuser=0&hl=en&rclk=1
"Cargo Brokers International, Inc.",5.0,not_available,"1751 NW 129th Ave suite 115, Miami, FL 33182",(305) 477-3990,cargobrokers.com,not_available,not_available,not_available,Freight forwarding service,"QHRW+35 Miami, Florida","https://www.google.com/maps/place/Cargo+Brokers+International,+Inc./data=!4m7!3m6!1s0x88d9beb151fbbb4b:0x162c906ebd008314!8m2!3d25.7901848!4d-80.4046176!16s%2Fg%2F1v8y4v51!19sChIJS7v7UbG-2YgRFIMAvW6QLBY?authuser=0&hl=en&rclk=1"
"USA International Freight, Corp.",4.9,39,"7282 NW 66th St, Miami, FL 33166",(305) 593-5515,usaintl.com,not_available,not_available,not_available,Freight forwarding service,"RMMM+8J Miami, Florida","https://www.google.com/maps/place/USA+International+Freight,+Corp./data=!4m7!3m6!1s0x88d9bbc631843959:0x1937e6775371f55!8m2!3d25.8332779!4d-80.3158859!16s%2Fg%2F12m968pt3!19sChIJWTmEMca72YgRVR83dWd-kwE?authuser=0&hl=en&rclk=1"
"M.C. Int’l Freight Forwarders, Inc",3.9,14,"7700 NW 79th Pl suite d-1, Medley, FL 33166",(305) 406-2214,mciff.com,not_available,not_available,not_available,Freight forwarding service,"RMVC+WM Medley, Florida","https://www.google.com/maps/place/M.C.+Int%E2%80%99l+Freight+Forwarders,+Inc/data=!4m7!3m6!1s0x88d9bbb10ca8379f:0x32de42b2f52bd1eb!8m2!3d25.844843!4d-80.328309!16s%2Fg%2F1trtw3g6!19sChIJnzeoDLG72YgR69Er9bJC3jI?authuser=0&hl=en&rclk=1"
Harmonized Freight Brokers,not_available,not_available,"9990 NW 14th St STE 101, Doral, FL 33172",(305) 591-8946,not_available,not_available,not_available,not_available,Freight forwarding service,"QJPR+6J Doral, Florida",https://www.google.com/maps/place/Harmonized+Freight+Brokers/data=!4m7!3m6!1s0x88d9b9353f9a96fb:0xcb81d13d355863ba!8m2!3d25.7856233!4d-80.3584771!16s%2Fg%2F1vxf_zms!19sChIJ-5aaPzW52YgRumNYNT3Rgcs?authuser=0&hl=en&rclk=1
WT Cargo,4.8,6,"3620 NW 114th Ave, Doral, FL 33178",(305) 717-5400,wtcargo.com,not_available,not_available,not_available,Freight forwarding service,"RJ59+35 Doral, Florida",https://www.google.com/maps/place/WT+Cargo/data=!4m7!3m6!1s0x88d9bea486e2ff91:0xc71fc619c50e819d!8m2!3d25.8077404!4d-80.3821245!16s%2Fg%2F1ptyssv2x!19sChIJkf_ihqS-2YgRnYEOxRnGH8c?authuser=0&hl=en&rclk=1
Chatelain Cargo Services Inc Miami FL USA| A World-Wide Freight Services Company,not_available,not_available,"8900 NW 35th Ln #140, Doral, FL 33172",(305) 552-5212,chatelaincargo.com,not_available,not_available,not_available,Import export company,"RM45+MW Doral, Florida",https://www.google.com/maps/place/Chatelain+Cargo+Services+Inc+Miami+FL+USA%7C+A+World-Wide+Freight+Services+Company/data=!4m7!3m6!1s0x88d9bbbc9983f113:0xab88c27cf300ee3!8m2!3d25.8067214!4d-80.3401539!16s%2Fg%2F11g0llf1j2!19sChIJE_GDmby72YgR4w4wzyeMuAo?authuser=0&hl=en&rclk=1
J.D. Brokers & Forwarding Co.,4.0,23,"10201 NW 112th Ave Suite 1, Miami, FL 33178",(305) 883-0848,jdbrokerco.com,not_available,not_available,not_available,Logistics service,"VJ8C+3C Miami, Florida",https://www.google.com/maps/place/J.D.+Brokers+%26+Forwarding+Co./data=!4m7!3m6!1s0x88d9b965800a73bb:0x28f2c78aa3354b9!8m2!3d25.8652048!4d-80.3788838!16s%2Fg%2F11cjpflylf!19sChIJu3MKgGW52YgRuVQzqngsjwI?authuser=0&hl=en&rclk=1
"Almax Cargo, LLC",4.3,15,"10300 NW 19th St #111, Doral, FL 33172",(786) 888-2270,almaxcargo.com,not_available,not_available,not_available,Freight forwarding service,"QJRM+5X Doral, Florida","https://www.google.com/maps/place/Almax+Cargo,+LLC/data=!4m7!3m6!1s0x88d9beb04fb3975b:0xc88d1dc0a5e4fe27!8m2!3d25.7904869!4d-80.3650883!16s%2Fg%2F11bzwnhd6r!19sChIJW5ezT7C-2YgRJ_7kpcAdjcg?authuser=0&hl=en&rclk=1"
Alpha Brokers Corp,3.7,6,"2875 NW 82nd Ave, Miami, FL 33122",(305) 594-9290,alphabrokers.com,not_available,not_available,not_available,Customs broker,"QMXC+XF Miami, Florida",https://www.google.com/maps/place/Alpha+Brokers+Corp/data=!4m7!3m6!1s0x88d9b970fd3aedad:0x2e306d2d47c724e4!8m2!3d25.7999206!4d-80.3287985!16s%2Fg%2F1tlvqb76!19sChIJre06_XC52YgR5CTHRy1tMC4?authuser=0&hl=en&rclk=1
International Trade Brokers and Forwarders,5.0,10,"2261 NW 66th Ave #221, Miami, FL 33122",(305) 874-2225,itbfusa.com,not_available,not_available,not_available,Customs broker,"QMWW+9F Miami, Florida",https://www.google.com/maps/place/International+Trade+Brokers+and+Forwarders/data=!4m7!3m6!1s0x88d9b0e198f9346d:0xe3ed253149b0f88a!8m2!3d25.795979!4d-80.3038289!16s%2Fg%2F1tftxrt2!19sChIJbTT5mOGw2YgRiviwSTEl7eM?authuser=0&hl=en&rclk=1
TeamFreight,5.0,4,"4420 NW 74th Ave, Miami, FL 33166",(305) 468-1812,teamfreight.us,not_available,not_available,not_available,Freight forwarding service,"RM7J+R8 Miami, Florida",https://www.google.com/maps/place/TeamFreight/data=!4m7!3m6!1s0x88d9b927bff0035f:0xadfdd2d5f3784833!8m2!3d25.8146166!4d-80.3192293!16s%2Fg%2F11clw0m3m9!19sChIJXwPwvye52YgRM0h489XS_a0?authuser=0&hl=en&rclk=1
"Freight R Us – Freight, Logistics Company | Air, Ocean Freight Service | White Glove Service",4.8,22,"7521 NW 52nd St, Miami, FL 33166",(561) 463-5385,freightrus.net,not_available,not_available,not_available,Freight forwarding service,"RMCJ+98 Miami, Florida","https://www.google.com/maps/place/Freight+R+Us+%E2%80%93+Freight,+Logistics+Company+%7C+Air,+Ocean+Freight+Service+%7C+White+Glove+Service/data=!4m7!3m6!1s0x88d9bbb0fd492607:0x499e0330e735609b!8m2!3d25.8209016!4d-80.319183!16s%2Fg%2F11f66wtnbd!19sChIJByZJ_bC72YgRm2A15zADnkk?authuser=0&hl=en&rclk=1"
Terra Global Logistics - Freight Forwarding Miami Fl,4.2,29,"11767 S Dixie Hwy, Miami, FL 33156",(844) 594-6684,terrafreightforwarder.com,not_available,not_available,not_available,Freight forwarding service,"MM6F+CX Miami, Florida",https://www.google.com/maps/place/Terra+Global+Logistics+-+Freight+Forwarding+Miami+Fl/data=!4m7!3m6!1s0x88d9c6f9db5e0aa9:0x83c0b87d209f9e2b!8m2!3d25.6611249!4d-80.3251187!16s%2Fg%2F11f_kmttks!19sChIJqQpe2_nG2YgRK56fIH24wIM?authuser=0&hl=en&rclk=1
Priority Customs Broker,4.6,11,"3650 NW 82nd Ave Suite 407, Doral, FL 33166",(305) 591-1440,prioritycb.com,not_available,not_available,not_available,Customs broker,"RM59+9X Doral, Florida",https://www.google.com/maps/place/Priority+Customs+Broker/data=!4m7!3m6!1s0x88d9b99ba85a7cf3:0x287845137c51a39c!8m2!3d25.8084578!4d-80.330033!16s%2Fg%2F11b75fmbwx!19sChIJ83xaqJu52YgRnKNRfBNFeCg?authuser=0&hl=en&rclk=1
HPL Apollo,3.3,55,"10450 Doral Blvd #206, Doral, FL 33178",(305) 594-4995,hplapollo.com,not_available,not_available,not_available,Freight forwarding service,"RJ5M+P7 Doral, Florida",https://www.google.com/maps/place/HPL+Apollo/data=!4m7!3m6!1s0x88d9bfafb4b89669:0xc057125d4a0fe27d!8m2!3d25.8093738!4d-80.3668136!16s%2Fg%2F11g234v6fs!19sChIJaZa4tK-_2YgRfeIPSl0SV8A?authuser=0&hl=en&rclk=1
"Air Sea Shipping, Inc",3.8,6,"1955 NW 72nd Ave, Miami, FL 33126",(305) 592-5176,airseaship.com,not_available,not_available,not_available,Freight forwarding service,"QMRQ+V4 Miami, Florida","https://www.google.com/maps/place/Air+Sea+Shipping,+Inc/data=!4m7!3m6!1s0x88d9b999baa496ef:0x815116ea4bacf14b!8m2!3d25.7921772!4d-80.3121504!16s%2Fg%2F11fhqjx5r1!19sChIJ75akupm52YgRS_GsS-oWUYE?authuser=0&hl=en&rclk=1"
"Overseas Freight Solutions, LLC.",4.1,27,"13250 NW 25th St STE 102, Miami, FL 33182",(305) 463-7060,overseasfreight.com,not_available,info@overseasfreight.com,not_available,Freight forwarding service,"QHWQ+GC Miami, Florida","https://www.google.com/maps/place/Overseas+Freight+Solutions,+LLC./data=!4m7!3m6!1s0x88d9beb0fac27655:0xee4d68a840861a96!8m2!3d25.7963054!4d-80.4114256!16s%2Fg%2F1tdg404c!19sChIJVXbC-rC-2YgRlhqGQKhoTe4?authuser=0&hl=en&rclk=1"
Worldwide Cargo Express Inc,5.0,3,"6940 NW 12th St, Doral, FL 33126",(305) 594-3777,wessco.com,not_available,not_available,not_available,Freight forwarding service,"QMJQ+XR Doral, Florida",https://www.google.com/maps/place/Worldwide+Cargo+Express+Inc/data=!4m7!3m6!1s0x88d9b9c07f47d755:0x4fce426ce3d7413f!8m2!3d25.7824642!4d-80.3104563!16s%2Fg%2F1tftg37j!19sChIJVddHf8C52YgRP0HX42xCzk8?authuser=0&hl=en&rclk=1
BELUH INTERNATIONAL SERVICES,5.0,18,"5141 NW 79th Ave #7, Doral, FL 33166",(786) 647-0973,beluh.com,not_available,not_available,not_available,Trucking company,"RM9G+XM Doral, Florida",https://www.google.com/maps/place/BELUH+INTERNATIONAL+SERVICES/data=!4m7!3m6!1s0x88d9bbcee26b6121:0x3dd23e9ca2981db4!8m2!3d25.819928!4d-80.3232844!16s%2Fg%2F11fm_754p9!19sChIJIWFr4s672YgRtB2Yopw-0j0?authuser=0&hl=en&rclk=1
Customs Broker Miami,4.3,24,"2550 NW 72nd Ave #110, Miami, FL 33122",(786) 223-5983,customs-broker-miami.com,not_available,not_available,not_available,Customs broker,"QMXP+7M Miami, Florida",https://www.google.com/maps/place/Customs+Broker+Miami/data=!4m7!3m6!1s0x88d9b7702e4e7229:0x387c992fddf84f8b!8m2!3d25.7982379!4d-80.3133484!16s%2Fg%2F1hc1ylzdz!19sChIJKXJOLnC32YgRi0_43S-ZfDg?authuser=0&hl=en&rclk=1
CTS GLOBAL SUPPLY CHAIN SOLUTIONS,5.0,2,"2105 NW 102nd Ave, Doral, FL 33172",(786) 563-1646,ctsglobalsolutions.com,not_available,not_available,not_available,Logistics service,"QJVQ+QQ Doral, Florida",https://www.google.com/maps/place/CTS+GLOBAL+SUPPLY+CHAIN+SOLUTIONS/data=!4m7!3m6!1s0x88d9b93b44f76187:0xd77d7355df6aaf4f!8m2!3d25.7943826!4d-80.3605358!16s%2Fg%2F11vc73lncl!19sChIJh2H3RDu52YgRT69q31Vzfdc?authuser=0&hl=en&rclk=1
Interglobal Logistics Corp.,5.0,5,"8750 NW 36th St # 620, Doral, FL 33178",(305) 470-9989,intergloballogistics.com,not_available,not_available,not_available,Freight forwarding service,"RM56+QC Doral, Florida",https://www.google.com/maps/place/Interglobal+Logistics+Corp./data=!4m7!3m6!1s0x88d9b97c7b83a325:0xd895a000952d1a1e!8m2!3d25.8094753!4d-80.3389541!16s%2Fg%2F1tftrx5n!19sChIJJaODe3y52YgRHhotlQCgldg?authuser=0&hl=en&rclk=1
"Freight Dispatch Service, INC",4.5,24,"8880 NW 20th St suite j, Miami, FL 33172",(786) 740-3911,fdscarrier.com,not_available,not_available,not_available,Trucking company,"QMR5+QM Miami, Florida","https://www.google.com/maps/place/Freight+Dispatch+Service,+INC/data=!4m7!3m6!1s0x88d9b9a7235e33ab:0x7381198aaf20f83f!8m2!3d25.7918798!4d-80.3408082!16s%2Fg%2F11fky_9scj!19sChIJqzNeI6e52YgRP_ggr4oZgXM?authuser=0&hl=en&rclk=1"
A1 International Cargo,4.6,115,"8538 NW 72nd St, Miami, FL 33166",(786) 456-8684,a1internationalcargo.com,not_available,not_available,not_available,Freight forwarding service,"RMQ7+8F Miami, Florida",https://www.google.com/maps/place/A1+International+Cargo/data=!4m7!3m6!1s0x88d9bbb8c52735b7:0xeaa8f6c27e987093!8m2!3d25.8383059!4d-80.3363527!16s%2Fg%2F11g6mwg541!19sChIJtzUnxbi72YgRk3CYfsL2qOo?authuser=0&hl=en&rclk=1
"LILLY + Associates International Freight Forwarders, Inc.",4.3,29,"11430 NW 122nd St Suite 400, Medley, FL 33178",(305) 513-9540,shiplilly.com,not_available,not_available,not_available,Freight forwarding service,"VJJ8+C7 Medley, Florida","https://www.google.com/maps/place/LILLY+%2B+Associates+International+Freight+Forwarders,+Inc./data=!4m7!3m6!1s0x88d9b9503e358eff:0x69776c2f9d1f9891!8m2!3d25.8810152!4d-80.3842544!16s%2Fg%2F1tf6m_nf!19sChIJ_441PlC52YgRkZgfnS9sd2k?authuser=0&hl=en&rclk=1"
Skyone Logistics LLC,5.0,8,"8355 NW 66th St, Doral, FL 33166",(305) 322-3243,skyonelogistica.com,not_available,not_available,not_available,Shipping service,"RMM8+FR Doral, Florida",https://www.google.com/maps/place/Skyone+Logistics+LLC/data=!4m7!3m6!1s0x88d9bbaa3a495245:0x853fbc0bcbb56f7a!8m2!3d25.8336347!4d-80.3329851!16s%2Fg%2F11y4lwmkjr!19sChIJRVJJOqq72YgRem-1ywu8P4U?authuser=0&hl=en&rclk=1
Aplus World Wide Logistics Corp.,4.7,49,"6994 NW 82nd Ave, Miami, FL 33166",(305) 463-8555,aplusworldwidelogistics.com,not_available,not_available,not_available,Freight forwarding service,"RMP9+JV Miami, Florida",https://www.google.com/maps/place/Aplus+World+Wide+Logistics+Corp./data=!4m7!3m6!1s0x88d9bbb7d7ff3aeb:0x29741331a5f86880!8m2!3d25.8365235!4d-80.3303731!16s%2Fg%2F1q64pdqkl!19sChIJ6zr_17e72YgRgGj4pTETdCk?authuser=0&hl=en&rclk=1
freight by truck,not_available,not_available,"8600 NW 30th Terrace, Doral, FL 33122",(877) 482-9902,not_available,not_available,not_available,not_available,Transportation service,"RM27+JW Doral, Florida",https://www.google.com/maps/place/freight+by+truck/data=!4m7!3m6!1s0x88d9b96f7f6aaaab:0x4cd055a358c88afb!8m2!3d25.8015494!4d-80.3352421!16s%2Fg%2F11fx7wf4yp!19sChIJq6pqf2-52YgR-4rIWKNV0Ew?authuser=0&hl=en&rclk=1
Super Cargo GS Inc,3.7,3,"8349 NW 68th St, Miami, FL 33166",(305) 303-6342,supercargogs.com,not_available,not_available,not_available,Trucking company,"RMVH+VJ Miami, Florida",https://www.google.com/maps/place/Super+Cargo+GS+Inc/data=!4m7!3m6!1s0x88d9ba4cd607a793:0x7f0f5d2b51770658!8m2!3d25.8446678!4d-80.3208959!16s%2Fg%2F11c1vj6krw!19sChIJk6cH1ky62YgRWAZ3UStdD38?authuser=0&hl=en&rclk=1
West Tech Shipping,2.8,62,"1707 NW 82nd Ave, Doral, FL 33126",(321) 300-6468,westtechshipping.com,not_available,not_available,not_available,Freight forwarding service,"QMRC+49 Doral, Florida",https://www.google.com/maps/place/West+Tech+Shipping/data=!4m7!3m6!1s0x88d90651240b4aab:0xa2bdf17e7fecc6ea!8m2!3d25.790273!4d-80.3290787!16s%2Fg%2F11g6vjsyh5!19sChIJq0oLJFEG2YgR6sbsf37xvaI?authuser=0&hl=en&rclk=1
Beagle Shipping Inc,5.0,not_available,"2801 NW 74th Ave # 107, Miami, FL 33122",(305) 599-8095,beagleshippingusa.com,not_available,not_available,not_available,Shipping company,"QMXM+JR Miami, Florida",https://www.google.com/maps/place/Beagle+Shipping+Inc/data=!4m7!3m6!1s0x88d9b99ca1d60eb7:0x4f87f1b533f5f84!8m2!3d25.7990097!4d-80.3154145!16s%2Fg%2F1tk23r55!19sChIJtw7WoZy52YgRhF8_Uxt_-AQ?authuser=0&hl=en&rclk=1
Access global express LLC ( AGX ),not_available,not_available,"8244 NW 14th St, Doral, FL 33126",(305) 724-5425,not_available,not_available,not_available,not_available,Shipping company,"QMPC+73 Doral, Florida",https://www.google.com/maps/place/Access+global+express+LLC+%28+AGX+%29/data=!4m7!3m6!1s0x88d9b971a962d253:0x1feae8862d8e7484!8m2!3d25.7856982!4d-80.3298225!16s%2Fg%2F11px9rfspy!19sChIJU9JiqXG52YgRhHSOLYbo6h8?authuser=0&hl=en&rclk=1
"A1 Worldwide Logistics, Inc.",4.8,239,"1035 NE 125th St #320, North Miami, FL 33161",(305) 912-0631,a1worldwidelogistics.com,not_available,not_available,not_available,Customs broker,"VRRC+8V North Miami, Florida","https://www.google.com/maps/place/A1+Worldwide+Logistics,+Inc./data=!4m7!3m6!1s0x88d9bb2c3291fd39:0x81c8608ebf8536fd!8m2!3d25.8908533!4d-80.1778216!16s%2Fg%2F11c0qgmq5z!19sChIJOf2RMiy72YgR_TaFv45gyIE?authuser=0&hl=en&rclk=1"
J&J Logistics and Freight Services,4.4,71,"7486 NW 54th St, Miami, FL 33166",(305) 597-9490,jjlogisticsfreight.com,not_available,not_available,not_available,Shipping company,"RMCJ+R6 Miami, Florida",https://www.google.com/maps/place/J%26J+Logistics+and+Freight+Services/data=!4m7!3m6!1s0x88d9ba2d14ef71bb:0xc4dd165ab090a035!8m2!3d25.8220794!4d-80.3194554!16s%2Fg%2F1tz76skx!19sChIJu3HvFC262YgRNaCQsFoW3cQ?authuser=0&hl=en&rclk=1
Lusso Transport,5.0,21,"8333 NW 53rd St SUITE 450, Doral, FL 33166",(305) 747-3368,lussotransport.com,not_available,not_available,not_available,Vehicle shipping agent,"RMC9+P3 Doral, Florida",https://www.google.com/maps/place/Lusso+Transport/data=!4m7!3m6!1s0x88d9bb6150ec7e45:0x1e91d37f29b8e7e2!8m2!3d25.8218444!4d-80.3322642!16s%2Fg%2F11yjlskg_1!19sChIJRX7sUGG72YgR4ue4KX_TkR4?authuser=0&hl=en&rclk=1
Bringer Customs Broker,4.3,6,"8351 NW 21st St, Miami, FL 33122",(888) 327-4643,bringercustomsbroker.com,not_available,not_available,not_available,Customs broker,"QMV9+HJ Miami, Florida",https://www.google.com/maps/place/Bringer+Customs+Broker/data=!4m7!3m6!1s0x88d9b97241993b91:0x93cc65a7c6b3272d!8m2!3d25.7939873!4d-80.3309368!16s%2Fg%2F11c5wmsk3d!19sChIJkTuZQXK52YgRLSezxqdlzJM?authuser=0&hl=en&rclk=1
APM Logistics & Transportation LLC,3.9,22,"7810 NW 52nd St, Doral, FL 33166",(305) 456-0283,apmlogistics.us,Closed ⋅ Opens 9 AM Thu,not_available,not_available,Refrigerated transport service,"RMCG+5C Doral, Florida",https://www.google.com/maps/place/APM+Logistics+%26+Transportation+LLC/data=!4m7!3m6!1s0x88d9bbd3a74f1907:0x86053a2207eb9435!8m2!3d25.8204392!4d-80.3239106!16s%2Fg%2F11c54_glsb!19sChIJBxlPp9O72YgRNZTrByI6BYY?authuser=0&hl=en&rclk=1
JBC International Logistic Systems,4.8,8,"2011 NW 79th Ave, Doral, FL 33198",(305) 639-3488,jetboxcargo.com,not_available,not_available,not_available,Freight forwarding service,"QMVG+3M Doral, Florida",https://www.google.com/maps/place/JBC+International+Logistic+Systems/data=!4m7!3m6!1s0x88d9b97453515c77:0x74ca03b8926e7620!8m2!3d25.7926921!4d-80.3233156!16s%2Fg%2F1trvm75t!19sChIJd1xRU3S52YgRIHZukrgDynQ?authuser=0&hl=en&rclk=1
OnBoard Logistics,4.1,54,"6745 NW 36th St suite 260, Miami, FL 33166",(305) 471-0201,onboardlogistics.net,not_available,not_available,not_available,Freight forwarding service,"RM7V+6G Miami, Florida",https://www.google.com/maps/place/OnBoard+Logistics/data=!4m7!3m6!1s0x88d9bbc288ffb46b:0x44dd9fbdedcb8f70!8m2!3d25.8130797!4d-80.3061654!16s%2Fg%2F11h11kjkt_!19sChIJa7T_iMK72YgRcI_L7b2f3UQ?authuser=0&hl=en&rclk=1
Sunshine Auto Transport's Doral,3.0,2,"2020 NW 92nd Ave, Doral, FL 33172",(786) 243-6804,sunshinestateautotransport.com,not_available,not_available,not_available,Vehicle shipping agent,"QMV3+8X Doral, Florida",https://www.google.com/maps/place/Sunshine+Auto+Transport%27s+Doral/data=!4m7!3m6!1s0x88d9b9f12864a5d7:0xec37616d485ce02b!8m2!3d25.7933008!4d-80.345044!16s%2Fg%2F11whm2g3h5!19sChIJ16VkKPG52YgRK-BcSG1hN-w?authuser=0&hl=en&rclk=1
Gateway Logistics Group,3.7,3,"7700 NW 79th Pl UNIT 3, Miami, FL 33166",(305) 597-9997,gateway-group.com,not_available,not_available,not_available,Freight forwarding service,"RMWC+2P Miami, Florida",https://www.google.com/maps/place/Gateway+Logistics+Group/data=!4m7!3m6!1s0x88d9b90c6355df31:0xe6cd7d1f255d105d!8m2!3d25.8450289!4d-80.3281281!16s%2Fg%2F1tdp1839!19sChIJMd9VYwy52YgRXRBdJR99zeY?authuser=0&hl=en&rclk=1
Vortex Worldwide Logistics,4.2,12,"3301 NW 97th Ave, Doral, FL 33172",(305) 715-9090,vortexwl.com,not_available,not_available,not_available,Freight forwarding service,"RJ3W+VR Doral, Florida",https://www.google.com/maps/place/Vortex+Worldwide+Logistics/data=!4m7!3m6!1s0x88d9b94a02f9bff3:0xc10eb595f93d1614!8m2!3d25.8046342!4d-80.3528938!16s%2Fg%2F1tvr_j64!19sChIJ87_5Akq52YgRFBY9-ZW1DsE?authuser=0&hl=en&rclk=1
All America Freight Services Corporation,4.0,5,"7911 NW 68th St, Miami, FL 33166",(305) 591-2572,allamericafreight.com,not_available,not_available,not_available,Freight forwarding service,"RMPF+5H Miami, Florida",https://www.google.com/maps/place/All+America+Freight+Services+Corporation/data=!4m7!3m6!1s0x88d9beb9ffafe699:0x1b414ac79153ed98!8m2!3d25.835497!4d-80.3260509!16s%2Fg%2F1thghv6t!19sChIJmeav_7m-2YgRmO1TkcdKQRs?authuser=0&hl=en&rclk=1
Montero Express Cargo,5.0,3,"7705 NW 29th St # 101, Doral, FL 33122",(786) 763-7669,not_available,not_available,not_available,not_available,Freight forwarding service,"RM2G+FW Doral, Florida",https://www.google.com/maps/place/Montero+Express+Cargo/data=!4m7!3m6!1s0x88d9b977ff6e189b:0x236bbbb4cd858082!8m2!3d25.8011698!4d-80.3226627!16s%2Fg%2F1v4207z0!19sChIJmxhu_3e52YgRgoCFzbS7ayM?authuser=0&hl=en&rclk=1
Customized Brokers,3.0,2,"10205 NW 108th Ave #1, Miami, FL 33178",(305) 471-8989,crow.ly,not_available,not_available,not_available,Customs broker,"VJ8H+62 Miami, Florida",https://www.google.com/maps/place/Customized+Brokers/data=!4m7!3m6!1s0x88d9b90b0106d61d:0x2069de2bb13d3be5!8m2!3d25.8655517!4d-80.3724835!16s%2Fg%2F12639t4v0!19sChIJHdYGAQu52YgR5Ts9sSveaSA?authuser=0&hl=en&rclk=1
Emmanuel Customs Brokers,5.0,not_available,"8200 NW 41st St, Doral, FL 33166",(305) 224-8094,emmanuelcb.com,not_available,not_available,not_available,Customs broker,"RM69+6R Doral, Florida",https://www.google.com/maps/place/Emmanuel+Customs+Brokers/data=!4m7!3m6!1s0x88d9b97d10bfffff:0xf71314bd3f29f93a!8m2!3d25.8105127!4d-80.3304572!16s%2Fg%2F11g0k16m8c!19sChIJ__-_EH252YgROvkpP70UE_c?authuser=0&hl=en&rclk=1
Rapid Export Services LLC,4.9,31,"8388 NW 68th St, Miami, FL 33166",(786) 871-5610,rapidexportusa.com,not_available,not_available,not_available,Exporter,"RMP8+2H Miami, Florida",https://www.google.com/maps/place/Rapid+Export+Services+LLC/data=!4m7!3m6!1s0x88d9bbc7c03442f1:0xd0284b60b78af1a3!8m2!3d25.8350745!4d-80.3335313!16s%2Fg%2F1td2vpzz!19sChIJ8UI0wMe72YgRo_GKt2BLKNA?authuser=0&hl=en&rclk=1
All Ports Transport,not_available,not_available,"7791 NW 46th St STE 326, Doral, FL 33166",(305) 463-7625,all-ports.com,not_available,not_available,not_available,Logistics service,"RM8G+7H Doral, Florida",https://www.google.com/maps/place/All+Ports+Transport/data=!4m7!3m6!1s0x88d9bc9f397a0447:0x8aa3368e8226a693!8m2!3d25.815741!4d-80.323569!16s%2Fg%2F1tmk994_!19sChIJRwR6OZ-82YgRk6Ymgo42o4o?authuser=0&hl=en&rclk=1
United Globe Cargo Inc.,4.8,23,"7235 NW 54th St, Miami, FL 33166",(305) 470-9937,unitedglobecargo.com,not_available,not_available,not_available,Freight forwarding service,"RMFP+83 Miami, Florida",https://www.google.com/maps/place/United+Globe+Cargo+Inc./data=!4m7!3m6!1s0x88d9ba2e1baa7ae9:0x2d437c4ae664d317!8m2!3d25.8232754!4d-80.3148728!16s%2Fg%2F11gty27_s9!19sChIJ6XqqGy662YgRF9Nk5kp8Qy0?authuser=0&hl=en&rclk=1
Avil cargo,5.0,20,"8070 NW 71st St, Miami, FL 33166",(305) 833-2521,avilcargousa.com,not_available,not_available,not_available,Freight forwarding service,"RMQC+3G Miami, Florida",https://www.google.com/maps/place/Avil+cargo/data=!4m7!3m6!1s0x88d9bb06c94a5ccb:0x10d8c073dd5a0537!8m2!3d25.837642!4d-80.3286633!16s%2Fg%2F11h1n_f73v!19sChIJy1xKyQa72YgRNwVa3XPA2BA?authuser=0&hl=en&rclk=1
ATC Cargo Inc,4.3,24,"8586 NW 72nd St, Miami, FL 33166",(305) 397-0754,atccargo.net,not_available,not_available,not_available,Freight forwarding service,"RMQ7+95 Miami, Florida",https://www.google.com/maps/place/ATC+Cargo+Inc/data=!4m7!3m6!1s0x88d9bbf10e58e0b5:0x12aa2318d74857fc!8m2!3d25.8384392!4d-80.3371218!16s%2Fg%2F1tgzc49m!19sChIJteBYDvG72YgR_FdI1xgjqhI?authuser=0&hl=en&rclk=1
TEMMA FREIGHT LOGISTIC INC,4.3,8,"8443 NW 68th St, Miami, FL 33166",(305) 597-8222,not_available,not_available,not_available,not_available,Freight forwarding service,"RMP7+7V Miami, Florida",https://www.google.com/maps/place/TEMMA+FREIGHT+LOGISTIC+INC/data=!4m7!3m6!1s0x88d9bbc7c21df359:0x30cee4b9777eb831!8m2!3d25.8357092!4d-80.3353234!16s%2Fg%2F1tj4c8v9!19sChIJWfMdwse72YgRMbh-d7nkzjA?authuser=0&hl=en&rclk=1
Maat International,5.0,not_available,"6994 NW 82nd Ave, Miami, FL 33166",(305) 340-6667,maatinternationalc.com,not_available,not_available,not_available,not_available,"RMP9+JX Miami, Florida",https://www.google.com/maps/place/Maat+International/data=!4m7!3m6!1s0x88d9bbc827ef2079:0xaa3563bf27bd3d29!8m2!3d25.83653!4d-80.330094!16s%2Fg%2F11lzfjvgn3!19sChIJeSDvJ8i72YgRKT29J79jNao?authuser=0&hl=en&rclk=1
OIA Global,5.0,4,"11250 NW 25th St #124, Miami, FL 33172",(305) 887-6007,oiaglobal.com,not_available,not_available,not_available,Freight forwarding service,"QJWC+3Q Miami, Florida",https://www.google.com/maps/place/OIA+Global/data=!4m7!3m6!1s0x88d9bf22d3d8edbd:0x1cf538146a422539!8m2!3d25.7952363!4d-80.3780497!16s%2Fg%2F11fl7p__5y!19sChIJve3Y0yK_2YgROSVCahQ49Rw?authuser=0&hl=en&rclk=1
LTC Global Logistics LLC,5.0,2,"8000 NW 29th St, Doral, FL 33122",(305) 465-2030,ltcgl.com,not_available,not_available,not_available,Freight forwarding service,"RM2F+62 Doral, Florida",https://www.google.com/maps/place/LTC+Global+Logistics+LLC/data=!4m7!3m6!1s0x88d9b95e99b485df:0x2cddfa2ccb4f8db2!8m2!3d25.8005924!4d-80.3273932!16s%2Fg%2F11p647py4g!19sChIJ34W0mV652YgRso1Pyyz63Sw?authuser=0&hl=en&rclk=1
BOXEX | BOX EXPRESS Courier | Doral Miami,4.0,13,"2025 NW 102nd Ave STE 109, Doral, FL 33172",(305) 938-5658,boxexpress.us,not_available,not_available,not_available,Shipping and mailing service,"QJVQ+5V Doral, Florida",https://www.google.com/maps/place/BOXEX+%7C+BOX+EXPRESS+Courier+%7C+Doral+Miami/data=!4m7!3m6!1s0x88d9b99afe4528e5:0x3b64dace528d958f!8m2!3d25.7929131!4d-80.3603565!16s%2Fg%2F1tf668fb!19sChIJ5ShF_pq52YgRj5WNUs7aZDs?authuser=0&hl=en&rclk=1
"Transtoria Logistic & Solutions, Inc.",3.6,10,"8348 NW 30th Terrace, Doral, FL 33122",(786) 703-6841,transtoria.com,not_available,not_available,not_available,Logistics service,"RM28+HV Doral, Florida","https://www.google.com/maps/place/Transtoria+Logistic+%26+Solutions,+Inc./data=!4m7!3m6!1s0x88d9b9655808f881:0xc733ac61ab67f59e!8m2!3d25.8013786!4d-80.3327594!16s%2Fg%2F11btv658m0!19sChIJgfgIWGW52YgRnvVnq2GsM8c?authuser=0&hl=en&rclk=1"
Dawn Freight Inc,4.8,4,"4430 NW 74th Ave, Miami, FL 33166",(305) 597-1545,dawnfreight.net,not_available,not_available,not_available,Freight forwarding service,"RM7J+R2 Miami, Florida",https://www.google.com/maps/place/Dawn+Freight+Inc/data=!4m7!3m6!1s0x88d9ba2a4b93621f:0xe36d73bf71d67cdd!8m2!3d25.8146183!4d-80.3199885!16s%2Fg%2F1tghdyvh!19sChIJH2KTSyq62YgR3XzWcb9zbeM?authuser=0&hl=en&rclk=1
"FedEx Trade Networks Transport & Brokerage, Inc.",4.1,11,"701 Waterford Way Suite 500, Miami, FL 33126",(305) 592-5497,ftn.fedex.com,not_available,not_available,"{""twitter"": ""x.com/us""}",Freight forwarding service,"QPH3+J5 Miami, Florida","https://www.google.com/maps/place/FedEx+Trade+Networks+Transport+%26+Brokerage,+Inc./data=!4m7!3m6!1s0x88d9b9c7cd0032d3:0xf4e154312cbaabc3!8m2!3d25.7791031!4d-80.2970278!16s%2Fg%2F1tfxhh7m!19sChIJ0zIAzce52YgRw6u6LDFU4fQ?authuser=0&hl=en&rclk=1"
Interamerican R Corporation,3.7,6,"8043 NW 67th St, Miami, FL 33166",(305) 477-1210,interamericanr.com,not_available,not_available,not_available,Freight forwarding service,"RMMC+RV Miami, Florida",https://www.google.com/maps/place/Interamerican+R+Corporation/data=!4m7!3m6!1s0x88d9bbc997ac1245:0xac0b3b26db37ef7d!8m2!3d25.8346133!4d-80.3278189!16s%2Fg%2F1tf2ylts!19sChIJRRKsl8m72YgRfe832yY7C6w?authuser=0&hl=en&rclk=1
Road International Corporation,4.0,4,"8333 NW 66th St, Miami, FL 33166",(305) 436-3120,roadinternational.net,not_available,not_available,not_available,Logistics service,"RMM8+FX Miami, Florida",https://www.google.com/maps/place/Road+International+Corporation/data=!4m7!3m6!1s0x88d9bbc62a61043b:0x7afc988352759e81!8m2!3d25.8336971!4d-80.3325658!16s%2Fg%2F1tknl7jz!19sChIJOwRhKsa72YgRgZ51UoOY_Ho?authuser=0&hl=en&rclk=1
Sam Patterson Truck Brokers,not_available,not_available,"2416 NW 87th Ave, Doral, FL 33172",(305) 591-4040,not_available,not_available,not_available,not_available,Transportation service,"QMVR+63 Doral, Florida",https://www.google.com/maps/place/Sam+Patterson+Truck+Brokers/data=!4m7!3m6!1s0x88d9b999e43220cf:0xcb4a84f67c308a93!8m2!3d25.7931002!4d-80.3098202!16s%2Fg%2F1262h77l8!19sChIJzyAy5Jm52YgRk4owfPaESss?authuser=0&hl=en&rclk=1
Ariel Cargo Export Inc,5.0,not_available,"8407 NW 68th St, Miami, FL 33166",(305) 597-7534,not_available,not_available,not_available,not_available,Freight forwarding service,"RMP8+64 Miami, Florida",https://www.google.com/maps/place/Ariel+Cargo+Export+Inc/data=!4m7!3m6!1s0x88d9bbc83fded757:0xe09fac7565a721f9!8m2!3d25.8355011!4d-80.3346302!16s%2Fg%2F11bccj908v!19sChIJV9feP8i72YgR-SGnZXWsn-A?authuser=0&hl=en&rclk=1
GLT Logistics,4.2,129,"10 Canal St #318, Miami Springs, FL 33166",(305) 726-0275,goglt.com,not_available,otr@goglt.com,not_available,Logistics service,"RPC9+WG Miami Springs, Florida",https://www.google.com/maps/place/GLT+Logistics/data=!4m7!3m6!1s0x88d9bb4c19e78d9f:0xc984ed6cd19879fd!8m2!3d25.8222858!4d-80.2811687!16s%2Fg%2F11f6kv8wgq!19sChIJn43nGUy72YgR_XmY0WzthMk?authuser=0&hl=en&rclk=1
AB Group Shipping Corp,3.7,116,"6122 NW 74th Ave, Miami, FL 33166",(305) 635-2525,abgroupshipping.com,not_available,not_available,not_available,Logistics service,"RMHJ+M2 Miami, Florida",https://www.google.com/maps/place/AB+Group+Shipping+Corp/data=!4m7!3m6!1s0x88d9bbcaa14bbfbb:0x3f17c5a710bc8cd2!8m2!3d25.8291349!4d-80.3199307!16s%2Fg%2F1tdgw5_8!19sChIJu79Locq72YgR0oy8EKfFFz8?authuser=0&hl=en&rclk=1
Cargo Trading Worldwide Inc.,4.0,not_available,"6314 NW 99th Ave, Doral, FL 33178",(305) 436-2252,ctwcorp.com,not_available,not_available,not_available,Shipping and mailing,"RJJR+6Q Doral, Florida",https://www.google.com/maps/place/Cargo+Trading+Worldwide+Inc./data=!4m7!3m6!1s0x88d9bbf10fab21a7:0xc4b22eae2a35ec5a!8m2!3d25.83054!4d-80.3580465!16s%2Fg%2F1q6kk5r4h!19sChIJpyGrD_G72YgRWuw1Kq4ussQ?authuser=0&hl=en&rclk=1
Venezuela Freight,not_available,not_available,"8265 NW 66th St, Miami, FL 33166",(786) 275-3049,venezuelafreight.com,not_available,not_available,not_available,Customs broker,"RMM9+G7 Miami, Florida",https://www.google.com/maps/place/Venezuela+Freight/data=!4m7!3m6!1s0x88d9bbc88baff457:0xd7c5fd74739b732b!8m2!3d25.8338565!4d-80.3317978!16s%2Fg%2F1ptvr8q11!19sChIJV_Svi8i72YgRK3Obc3T9xdc?authuser=0&hl=en&rclk=1
Freight Force,4.8,10,"8437 NW 72nd St, Miami, FL 33166",(305) 882-0103,freightforce.com,not_available,not_available,not_available,Freight forwarding service,"RMQ7+RQ Miami, Florida",https://www.google.com/maps/place/Freight+Force/data=!4m7!3m6!1s0x88d9bbb845e97b61:0xd074800345556960!8m2!3d25.8396127!4d-80.3355299!16s%2Fg%2F1tgc0l31!19sChIJYXvpRbi72YgRYGlVRQOAdNA?authuser=0&hl=en&rclk=1
A&A Cargo,5.0,not_available,"7387 NW 54th St, Miami, FL 33166",(305) 805-9293,ayacargo.com,not_available,not_available,not_available,Freight forwarding service,"RMFM+32 Miami, Florida",https://www.google.com/maps/place/A%26A+Cargo/data=!4m7!3m6!1s0x88d9ba2dea89e1a5:0x127ad988e177b877!8m2!3d25.8227071!4d-80.3173794!16s%2Fg%2F1232p4qqn!19sChIJpeGJ6i262YgRd7h34YjZehI?authuser=0&hl=en&rclk=1
Fairway Freight Consolidators,3.1,7,"11305 NW 122nd St, Medley, FL 33178",(305) 884-4711,fairwayfreight.com,not_available,not_available,not_available,Freight forwarding service,"VJM9+VQ Medley, Florida",https://www.google.com/maps/place/Fairway+Freight+Consolidators/data=!4m7!3m6!1s0x88d9bb0ade90b1b5:0xd890a96594d706da!8m2!3d25.8846426!4d-80.3805124!16s%2Fg%2F1tngr2m6!19sChIJtbGQ3gq72YgR2gbXlGWpkNg?authuser=0&hl=en&rclk=1
Sovereign Logistics Inc,not_available,not_available,"2040 NW 96th Ave, Doral, FL 33172",(305) 406-9400,not_available,not_available,not_available,not_available,Freight forwarding service,"QJVX+3F Doral, Florida",https://www.google.com/maps/place/Sovereign+Logistics+Inc/data=!4m7!3m6!1s0x88d9b94711a05ee9:0xa8771def2875cd1a!8m2!3d25.7926379!4d-80.3512773!16s%2Fg%2F1thbxgl1!19sChIJ6V6gEUe52YgRGs11KO8dd6g?authuser=0&hl=en&rclk=1
JLD Nation Corp,4.7,41,"8333 NW 53rd St SUITE 450, Doral, FL 33166",(786) 784-6251,jldnationcorp.com,not_available,not_available,not_available,Transportation service,"RMC9+P3 Doral, Florida",https://www.google.com/maps/place/JLD+Nation+Corp/data=!4m7!3m6!1s0x88d9bb44b80f2337:0x852a7c57c10ed48b!8m2!3d25.8218444!4d-80.3322642!16s%2Fg%2F11x8d6r3yz!19sChIJNyMPuES72YgRi9QOwVd8KoU?authuser=0&hl=en&rclk=1
Tower Logistics Group LLC,not_available,not_available,"8400 NW 36th St Suite 450, Doral, FL 33166",(305) 482-1660,towerlogistics.net,not_available,not_available,not_available,Freight forwarding service,"RM58+MQ Doral, Florida",https://www.google.com/maps/place/Tower+Logistics+Group+LLC/data=!4m7!3m6!1s0x88d9b99d1f4c24e9:0x6821be6873129454!8m2!3d25.8092171!4d-80.3330404!16s%2Fg%2F11g6mzwsbd!19sChIJ6SRMH5252YgRVJQSc2i-IWg?authuser=0&hl=en&rclk=1
