name,rating,reviews,address,phone,website,hours,email,social_media,category,plus_code,url
"Garkan Import Export, LLC.",4.6,5,"1565 NW 88th Ave, Doral, FL 33172",(305) 394-9944,not_available,not_available,not_available,not_available,Shipping company,"QMQ6+7G Doral, Florida","https://www.google.com/maps/place/Garkan+Import+Export,+LLC./data=!4m7!3m6!1s0x88d9b9149c47f3d9:0x1ef91fa0c2a90dac!8m2!3d25.7882172!4d-80.3387327!16s%2Fg%2F1pp2tzv76!19sChIJ2fNHnBS52YgRrA2pwqAf-R4?authuser=0&hl=en&rclk=1"
Troop International Logistic,4.2,213,"1903 NW 79th Ave, Doral, FL 33126",(786) 647-5936,troopinternational.com,not_available,not_available,not_available,Import export company,"QMRG+RH Doral, Florida",https://www.google.com/maps/place/Troop+International+Logistic/data=!4m7!3m6!1s0x88d9bfc065c833e7:0xe934b714b8772ece!8m2!3d25.7920976!4d-80.3236152!16s%2Fg%2F11h3g72l81!19sChIJ5zPIZcC_2YgRzi53uBS3NOk?authuser=0&hl=en&rclk=1
Pacific sky Import & Exports corp,5.0,26,"8217 NW 66th St, Miami, FL 33166",(786) 623-8661,not_available,not_available,not_available,not_available,Import export company,"RMM9+JP Miami, Florida",https://www.google.com/maps/place/Pacific+sky+Import+%26+Exports+corp/data=!4m7!3m6!1s0x88d9bb55ff15f4c5:0xfa9c8eb40c495730!8m2!3d25.834077!4d-80.330717!16s%2Fg%2F11jg62yw4j!19sChIJxfQV_1W72YgRMFdJDLSOnPo?authuser=0&hl=en&rclk=1
Kings Exports And Imports,5.0,not_available,"7855 NW 12th St #207, Miami, FL 33126",(786) 988-1860,kingsexportsimports.com,not_available,not_available,not_available,Corporate office,"QMJP+MQ Miami, Florida",https://www.google.com/maps/place/Kings+Exports+And+Imports/data=!4m7!3m6!1s0x88d907e324f993fb:0xeff1da99b8aa543c!8m2!3d25.7817418!4d-80.3130847!16s%2Fg%2F11jdk7kh59!19sChIJ-5P5JOMH2YgRPFSquJna8e8?authuser=0&hl=en&rclk=1
Lhs Worldwide,4.6,11,"2059 NW 79th Ave, Doral, FL 33122",(305) 592-9203,lhsww.com.ar,not_available,not_available,not_available,Import export company,"QMVG+7G Doral, Florida",https://www.google.com/maps/place/Lhs+Worldwide/data=!4m7!3m6!1s0x88d9b975b38ede73:0x1c73d105a031d6ad!8m2!3d25.7931736!4d-80.3236472!16s%2Fg%2F11fx6ncfrk!19sChIJc96Os3W52YgRrdYxoAXRcxw?authuser=0&hl=en&rclk=1
Florida European Export-Import,4.0,3,"1500 NW 96th Ave, Doral, FL 33172",(305) 477-0991,floridaeuropean.com,not_available,not_available,not_available,Corporate campus,"QJQX+7G Doral, Florida",https://www.google.com/maps/place/Florida+European+Export-Import/data=!4m7!3m6!1s0x88d9b938e29876d1:0x30c6040954e8e8cf!8m2!3d25.7882209!4d-80.3512121!16s%2Fg%2F1xfspjrd!19sChIJ0XaY4ji52YgRz-joVAkExjA?authuser=0&hl=en&rclk=1
"Mayabe Express Almacen Central, Doral FL",5.0,3,"3571 NW 82nd Ave, Doral, FL 33122",(786) 310-0625,mayabeexpress.com,not_available,not_available,not_available,Import export company,"RM4C+Q9 Doral, Florida","https://www.google.com/maps/place/Mayabe+Express+Almacen+Central,+Doral+FL/data=!4m7!3m6!1s0x88d9b9d8bf3bed8f:0x35c1080c9eb9f8e3!8m2!3d25.8069317!4d-80.3290739!16s%2Fg%2F11fk3w093b!19sChIJj-07v9i52YgR4_i5ngwIwTU?authuser=0&hl=en&rclk=1"
WM Import & Export,4.0,10,"6308 NW 97th Ave, Doral, FL 33178",(305) 726-8770,not_available,not_available,not_available,not_available,Import export company,"RJJW+84 Doral, Florida",https://www.google.com/maps/place/WM+Import+%26+Export/data=!4m7!3m6!1s0x88d9bbf3594f82f7:0xd817f36215dabd2e!8m2!3d25.8308657!4d-80.3546765!16s%2Fg%2F11hyqwc6ss!19sChIJ94JPWfO72YgRLr3aFWLzF9g?authuser=0&hl=en&rclk=1
"IMPORTS EXPORTS LOGISTICS, INC",3.9,22,"6820 NW 77th Ct, Miami, FL 33166",(800) 707-0194,import-export-logistics.com,not_available,not_available,not_available,Import export company,"RMPH+62 Miami, Florida","https://www.google.com/maps/place/IMPORTS+EXPORTS+LOGISTICS,+INC/data=!4m7!3m6!1s0x88d9ba4c5a5c01f3:0x8ad0fb611f40ace2!8m2!3d25.835598!4d-80.3223924!16s%2Fg%2F11g6qv_phg!19sChIJ8wFcWky62YgR4qxAH2H70Io?authuser=0&hl=en&rclk=1"
W.T IMPORT & EXPORT LLC,not_available,not_available,"4400 NW 79 AVE DORAL, APT 125, DORAL, 33166, Miami, FL 33166",(786) 678-7635,not_available,not_available,not_available,not_available,Import export company,"RM7F+RW Miami, Florida",https://www.google.com/maps/place/W.T+IMPORT+%26+EXPORT+LLC/data=!4m7!3m6!1s0x88d9bbd5c1821ee1:0xa4bbf1dc35372523!8m2!3d25.8145969!4d-80.3252393!16s%2Fg%2F11d_7njccw!19sChIJ4R6CwdW72YgRIyU3Ndzxu6Q?authuser=0&hl=en&rclk=1
IMPEX DISTRIBUTION CORP.,5.0,2,"3105 NW 107th Ave Suite 400-L2, Doral, FL 33172",(786) 226-9459,impexsport.com,not_available,not_available,not_available,Import export company,"RJ3J+5R Doral, Florida",https://www.google.com/maps/place/IMPEX+DISTRIBUTION+CORP./data=!4m7!3m6!1s0x88d9beb4d53b64ed:0x2172e24248bae6ce!8m2!3d25.8028835!4d-80.3679964!16s%2Fg%2F11c0xprh89!19sChIJ7WQ71bS-2YgRzua6SELiciE?authuser=0&hl=en&rclk=1
PANASERVICE USA LLC,5.0,2,"10775 NW 21st St #150, Doral, FL 33172",(305) 766-6759,panaserviceintl.com,not_available,not_available,not_available,Import export company,"QJVH+FQ Doral, Florida",https://www.google.com/maps/place/PANASERVICE+USA+LLC/data=!4m7!3m6!1s0x88d9bfdd6b12f52b:0xeb44177cadfee02!8m2!3d25.7937314!4d-80.3705756!16s%2Fg%2F11x1t1dvbx!19sChIJK_USa92_2YgRAu7fyndBtA4?authuser=0&hl=en&rclk=1
A&A Export,5.0,2,"5930 NW 99th Ave #1, Doral, FL 33178",(305) 716-0927,not_available,not_available,not_available,not_available,Exporter,"RJHR+2J Doral, Florida",https://www.google.com/maps/place/A%26A+Export/data=!4m7!3m6!1s0x88d9bbf08e9cf525:0x270a377f40dbe6c9!8m2!3d25.827522!4d-80.3584586!16s%2Fg%2F1tdm93s7!19sChIJJfWcjvC72YgRyebbQH83Cic?authuser=0&hl=en&rclk=1
Tropic Import & Export Inc,3.7,3,"10411 NW 28th St STE C106, Doral, FL 33172",(305) 418-8611,not_available,not_available,not_available,not_available,Exporter,"QJXM+XG Doral, Florida",https://www.google.com/maps/place/Tropic+Import+%26+Export+Inc/data=!4m7!3m6!1s0x88d9bbc7c21df359:0x1f06f449d0a3cbf3!8m2!3d25.7999723!4d-80.3661715!16s%2Fg%2F1tsyql8b!19sChIJWfMdwse72YgR88uj0En0Bh8?authuser=0&hl=en&rclk=1
PRS USA INC,5.0,2,"8757 NW 35th Ln, Miami, FL 33172",(786) 391-0985,not_available,not_available,not_available,not_available,Import export company,"RM56+4H Miami, Florida",https://www.google.com/maps/place/PRS+USA+INC/data=!4m7!3m6!1s0x88d9b93b076151bf:0x749ac85ae66a0cd3!8m2!3d25.8078503!4d-80.3385798!16s%2Fg%2F11qmbhv506!19sChIJv1FhBzu52YgR0wxq5lrImnQ?authuser=0&hl=en&rclk=1
BringIt Import,5.0,166,not_available,(630) 448-0120,bringitimport.com,not_available,not_available,not_available,Import export company,not_available,https://www.google.com/maps/place/BringIt+Import/data=!4m7!3m6!1s0x469fb02c8bc40f07:0xc1828c0d1c21e6de!8m2!3d-38.45155!4d-63.5989957!16s%2Fg%2F11jz1rwkpv!19sChIJBw_Eiyywn0YR3uYhHA2MgsE?authuser=0&hl=en&rclk=1
"Florida Imports Customhouse Brokers, Inc.",5.0,22,"3105 NW 107th Ave Ste 400, Doral, FL 33172",(305) 437-8223,flimports.com,not_available,not_available,not_available,Customs broker,"RJ3J+5V Doral, Florida","https://www.google.com/maps/place/Florida+Imports+Customhouse+Brokers,+Inc./data=!4m7!3m6!1s0x88d9b99ba85a10ed:0xaddff4a4d7780fde!8m2!3d25.8029951!4d-80.3678353!16s%2Fg%2F1thqhkk8!19sChIJ7RBaqJu52YgR3g9416T0360?authuser=0&hl=en&rclk=1"
Global Sales Cargo Llc,4.3,23,"8443 NW 68th St, Miami, FL 33166",(786) 294-3865,not_available,not_available,not_available,not_available,Import export company,"RMP7+7V Miami, Florida",https://www.google.com/maps/place/Global+Sales+Cargo+Llc/data=!4m7!3m6!1s0x88d9bbc732dfc409:0xc4925b77f2194716!8m2!3d25.8357092!4d-80.3353234!16s%2Fg%2F11bwn8c9ph!19sChIJCcTfMse72YgRFkcZ8ndbksQ?authuser=0&hl=en&rclk=1
Encar Trading Corp,4.3,24,"8556 NW 64th St, Miami, FL 33166",(305) 471-9844,encartrading.com,not_available,not_available,not_available,Import export company,"RMJ7+F6 Miami, Florida",https://www.google.com/maps/place/Encar+Trading+Corp/data=!4m7!3m6!1s0x88d9bbc6a3f331d3:0xdfe22db6bdb0e047!8m2!3d25.8311585!4d-80.3369055!16s%2Fg%2F1tycxg6r!19sChIJ0zHzo8a72YgRR-CwvbYt4t8?authuser=0&hl=en&rclk=1
Omni Export Services Inc,4.5,14,"11350 NW 36th Terrace, Doral, FL 33178",(305) 418-7605,omniexport.com,not_available,not_available,not_available,Freight forwarding service,"RJ49+RP Doral, Florida",https://www.google.com/maps/place/Omni+Export+Services+Inc/data=!4m7!3m6!1s0x88d9bea4f98574b1:0x1e366a4e561b6e0c!8m2!3d25.8070259!4d-80.3806304!16s%2Fg%2F1vfp4frh!19sChIJsXSF-aS-2YgRDG4bVk5qNh4?authuser=0&hl=en&rclk=1
Yiwu YaChina Sourcing Agency &Trading Co. (USGT&TG),not_available,not_available,"8345 NW 66th St #9671, Miami, FL 33166",(360) 968-1888,not_available,not_available,not_available,not_available,Import export company,"RMM8+HV Miami, Florida",https://www.google.com/maps/place/Yiwu+YaChina+Sourcing+Agency+%26Trading+Co.+%28USGT%26TG%29/data=!4m7!3m6!1s0x88d9bbc62c36db23:0x50613582ec000e6e!8m2!3d25.8339996!4d-80.3327771!16s%2Fg%2F1hdz5hqq8!19sChIJI9s2LMa72YgRbg4A7II1YVA?authuser=0&hl=en&rclk=1
K Export Llc,4.0,206,"8200 NW 30th Terrace, Doral, FL 33122",(305) 514-2500,kexport.net,not_available,Info@KExport.net,not_available,Freight forwarding service,"RM2C+G6 Doral, Florida",https://www.google.com/maps/place/K+Export+Llc/data=!4m7!3m6!1s0x88d9bbc7c2ad9bd9:0xa1e8900d16895fe0!8m2!3d25.8013226!4d-80.3293892!16s%2Fg%2F1tl1p7kl!19sChIJ2Zutwse72YgR4F-JFg2Q6KE?authuser=0&hl=en&rclk=1
Selecta Import-Export & Distributors,4.0,not_available,"8030 NW 29th St, Doral, FL 33122",(305) 744-3045,not_available,not_available,not_available,not_available,Exporter,"QMXF+X2 Doral, Florida",https://www.google.com/maps/place/Selecta+Import-Export+%26+Distributors/data=!4m7!3m6!1s0x88d9bb26a9e70af7:0x5dc1981f9348684!8m2!3d25.7999209!4d-80.327453!16s%2Fg%2F11q_8wq_f3!19sChIJ9wrnqSa72YgRhIY0-YEZ3AU?authuser=0&hl=en&rclk=1
"Miami Express Import & Export, Inc.",5.0,not_available,"8213 NW 30th Terrace, Miami, FL 33122",(305) 418-4998,not_available,not_available,not_available,not_available,not_available,"RM2C+P3 Miami, Florida","https://www.google.com/maps/place/Miami+Express+Import+%26+Export,+Inc./data=!4m7!3m6!1s0x88d9b973d064678d:0x1eaec1065b69aee8!8m2!3d25.8018472!4d-80.3298157!16s%2Fg%2F1tkc7g_m!19sChIJjWdk0HO52YgR6K5pWwbBrh4?authuser=0&hl=en&rclk=1"
Powertech USA Corp,5.0,4,"2624 NW 72nd Ave, Miami, FL 33122",(786) 360-3781,not_available,not_available,not_available,not_available,Import export company,"QMXP+F6 Miami, Florida",https://www.google.com/maps/place/Powertech+USA+Corp/data=!4m7!3m6!1s0x88d9b99b2ade6671:0x43f5fb4113ecd57d!8m2!3d25.7987279!4d-80.3144175!16s%2Fg%2F11bwhb32h0!19sChIJcWbeKpu52YgRfdXsE0H79UM?authuser=0&hl=en&rclk=1
Rapid Export Services LLC,4.9,31,"8388 NW 68th St, Miami, FL 33166",(786) 871-5610,rapidexportusa.com,not_available,not_available,not_available,Exporter,"RMP8+2H Miami, Florida",https://www.google.com/maps/place/Rapid+Export+Services+LLC/data=!4m7!3m6!1s0x88d9bbc7c03442f1:0xd0284b60b78af1a3!8m2!3d25.8350745!4d-80.3335313!16s%2Fg%2F1td2vpzz!19sChIJ8UI0wMe72YgRo_GKt2BLKNA?authuser=0&hl=en&rclk=1
Navi International Inc,5.0,not_available,"2900 NW 112th Ave Building 1, Unit D3, Doral, FL 33172",(305) 477-7301,not_available,not_available,not_available,not_available,Import export company,"RJ2C+FP Doral, Florida",https://www.google.com/maps/place/Navi+International+Inc/data=!4m7!3m6!1s0x88d9bf0972908909:0x75fddb3c5503ac6a!8m2!3d25.8011375!4d-80.3782177!16s%2Fg%2F11rncjw0zb!19sChIJCYmQcgm_2YgRaqwDVTzb_XU?authuser=0&hl=en&rclk=1
"Megatrade International, Inc.",4.0,not_available,"7500 NW 25th St UNIT 2, Miami, FL 33122",(305) 883-5292,not_available,not_available,not_available,not_available,Import export company,"QMWJ+Q6 Miami, Florida","https://www.google.com/maps/place/Megatrade+International,+Inc./data=!4m7!3m6!1s0x88d9b9e49ab0d705:0xd34a9af220c38e50!8m2!3d25.7968839!4d-80.3194444!16s%2Fg%2F11fhws2dqn!19sChIJBdewmuS52YgRUI7DIPKaStM?authuser=0&hl=en&rclk=1"
N & A Export & Import Inc,4.0,8,"6174 NW 74th Ave, Miami, FL 33166",(305) 680-2005,naexportimport.com,not_available,not_available,not_available,Freight forwarding service,"RMHH+VR Miami, Florida",https://www.google.com/maps/place/N+%26+A+Export+%26+Import+Inc/data=!4m7!3m6!1s0x88d9bbc70c605a2b:0xcb2f9958c35b5b89!8m2!3d25.8296915!4d-80.3204243!16s%2Fg%2F11fll6n3n0!19sChIJK1pgDMe72YgRiVtbw1iZL8s?authuser=0&hl=en&rclk=1
VencocargoUSA,5.0,5,"8462 NW 70th St, Miami, FL 33166",(786) 281-9322,vencocargousa.com,not_available,not_available,not_available,Import export company,"RMP7+HQ Miami, Florida",https://www.google.com/maps/place/VencocargoUSA/data=!4m7!3m6!1s0x88d9bb9518ebceeb:0x7ce7dbcf6ee2b5d4!8m2!3d25.8364355!4d-80.3355926!16s%2Fg%2F11p5rybzvz!19sChIJ687rGJW72YgR1LXibs_b53w?authuser=0&hl=en&rclk=1
Doral Customs Brokers,5.0,38,"8805 NW 35th Ln, Doral, FL 33172",(786) 224-0500,doralcustomsbrokers.com,not_available,not_available,not_available,Customs broker,"RM56+58 Doral, Florida",https://www.google.com/maps/place/Doral+Customs+Brokers/data=!4m7!3m6!1s0x88d9b966b4e5a7e9:0x878baed6fc9a65d1!8m2!3d25.8078898!4d-80.3391653!16s%2Fg%2F11bvt8g624!19sChIJ6afltGa52YgR0WWa_Naui4c?authuser=0&hl=en&rclk=1
"Tradeland Group, Inc",5.0,9,"2808 NW 72nd Ave, Miami, FL 33122",(305) 200-5504,not_available,not_available,not_available,not_available,Import export company,"QMXP+WJ Miami, Florida","https://www.google.com/maps/place/Tradeland+Group,+Inc/data=!4m7!3m6!1s0x88d9b984d3ad4b9d:0x4fcfead841bb3b13!8m2!3d25.7998236!4d-80.3134366!16s%2Fg%2F11hy9p61jr!19sChIJnUut04S52YgREzu7Qdjqz08?authuser=0&hl=en&rclk=1"
Pierson Enterprises Inc,4.7,20,"1539 NW 79th Ave, Doral, FL 33126",(305) 635-3218,piersonshipping.com,not_available,not_available,not_available,Import export company,"QMQG+9V Doral, Florida",https://www.google.com/maps/place/Pierson+Enterprises+Inc/data=!4m7!3m6!1s0x88d9b735650f67f5:0x48596d34f84641d0!8m2!3d25.788463!4d-80.3227583!16s%2Fg%2F1v2f19s8!19sChIJ9WcPZTW32YgR0EFG-DRtWUg?authuser=0&hl=en&rclk=1
AC Export LLC,4.5,243,"8351 NW 68th St, Miami, FL 33166",(305) 597-3945,ac-export.com,not_available,not_available,not_available,Shipping company,"RMP8+6W Miami, Florida",https://www.google.com/maps/place/AC+Export+LLC/data=!4m7!3m6!1s0x88d9bbc7dd55479d:0xdcd69048f55fd4c5!8m2!3d25.8355471!4d-80.3327421!16s%2Fg%2F1tf8txhf!19sChIJnUdV3ce72YgRxdRf9UiQ1tw?authuser=0&hl=en&rclk=1
Import Trade Corp,not_available,not_available,"2781 NW 82nd Ave, Doral, FL 33122",(305) 463-8181,importtradecorp.com,not_available,not_available,not_available,Liquidator,"QMXC+RR Doral, Florida",https://www.google.com/maps/place/Import+Trade+Corp/data=!4m7!3m6!1s0x88d9b97035f76fbb:0x494f91fe9a86b7af!8m2!3d25.7995107!4d-80.3278791!16s%2Fg%2F11g0g5l4d9!19sChIJu2_3NXC52YgRr7eGmv6RT0k?authuser=0&hl=en&rclk=1
Angels Export,3.6,81,"2019 NW 84th Ave, Miami, FL 33122",(786) 833-2678,angelsexport.com,Closed ⋅ Opens 9 AM Thu,ninfo@angelsexport.com,not_available,Shipping company,"QMV9+59 Miami, Florida",https://www.google.com/maps/place/Angels+Export/data=!4m7!3m6!1s0x88d9bb007b8123c9:0x4890617f56642860!8m2!3d25.7929392!4d-80.3315294!16s%2Fg%2F11mhdrjgqq!19sChIJySOBewC72YgRYChkVn9hkEg?authuser=0&hl=en&rclk=1
Janak Logistics,4.2,66,"5567 NW 72nd Ave, Miami, FL 33166",(786) 740-4884,janaklogistics.com,not_available,not_available,not_available,Import export company,"RMFQ+M4 Miami, Florida",https://www.google.com/maps/place/Janak+Logistics/data=!4m7!3m6!1s0x88d9bb6b29d4904f:0xab839abdda8c21d5!8m2!3d25.8241629!4d-80.3121769!16s%2Fg%2F11cn6g8t4q!19sChIJT5DUKWu72YgR1SGM2r2ag6s?authuser=0&hl=en&rclk=1
"Cargo Express International, Inc.",4.0,50,"8501 NW 17th St # 101, Doral, FL 33126",(305) 593-5132,ce-intl.com,not_available,not_available,not_available,Logistics service,"QMR7+HX Doral, Florida","https://www.google.com/maps/place/Cargo+Express+International,+Inc./data=!4m7!3m6!1s0x88d9bbb845e91d6f:0x3f9f80512844144c!8m2!3d25.7914787!4d-80.3350421!16s%2Fg%2F1v_s6pf5!19sChIJbx3pRbi72YgRTBREKFGAnz8?authuser=0&hl=en&rclk=1"
Traffic Cargo Express LLC,5.0,8,"8232 NW 68th St, Miami, FL 33166",(951) 224-4606,trafficargo.com,not_available,not_available,not_available,Import export company,"RMP9+2P Miami, Florida",https://www.google.com/maps/place/Traffic+Cargo+Express+LLC/data=!4m7!3m6!1s0x88d9bbbbdd0f876f:0x69ae97c8e2b9e063!8m2!3d25.8350319!4d-80.3306949!16s%2Fg%2F11xlhcrc94!19sChIJb4cP3bu72YgRY-C54siXrmk?authuser=0&hl=en&rclk=1
IMPORTACIONES CRISTAL corp,not_available,not_available,"1701 NW 87th Ave Ste 300, Doral, FL 33172",(551) 202-3610,not_available,not_available,not_available,not_available,Import export company,"QMR7+CJ Doral, Florida",https://www.google.com/maps/place/IMPORTACIONES+CRISTAL+corp/data=!4m7!3m6!1s0x88d9b91b15f9e021:0xe63325af3d087c90!8m2!3d25.791041!4d-80.3358909!16s%2Fg%2F11t0w5gq6y!19sChIJIeD5FRu52YgRkHwIPa8lM-Y?authuser=0&hl=en&rclk=1
"Export Americas, Corp.",5.0,not_available,"8333 NW 53rd St SUITE 450, Doral, FL 33166",(305) 914-2321,exportamericascorp.com,not_available,not_available,not_available,Business management consultant,"RMC8+JW Doral, Florida","https://www.google.com/maps/place/Export+Americas,+Corp./data=!4m7!3m6!1s0x88d9b95f745d769d:0x3f3fea4d4d39f5d5!8m2!3d25.8216011!4d-80.3326368!16s%2Fg%2F11h27n8w_2!19sChIJnXZddF-52YgR1fU5TU3qPz8?authuser=0&hl=en&rclk=1"
JORDANSA CORP,not_available,not_available,"5335 NW 87th Ave Suite C109 – 501, Doral, FL 33178",(754) 248-5438,not_available,not_available,not_available,not_available,Import export company,"RMC7+44 Doral, Florida",https://www.google.com/maps/place/JORDANSA+CORP/data=!4m7!3m6!1s0x88d9bbdbef9c0695:0x389dc3bca907d964!8m2!3d25.8202518!4d-80.3371717!16s%2Fg%2F11g_x6ztys!19sChIJlQac79u72YgRZNkHqbzDnTg?authuser=0&hl=en&rclk=1
Globalquesters Inc,4.5,4,"3728 Alcantara Ave, Doral, FL 33178",(305) 431-5788,globalquesters.com,not_available,not_available,not_available,Import export company,"RJ5V+MF Doral, Florida",https://www.google.com/maps/place/Globalquesters+Inc/data=!4m7!3m6!1s0x88d9b950ca62eddf:0x5e8a9ee9fcdd045c!8m2!3d25.8091728!4d-80.3563434!16s%2Fg%2F1tfpkmf_!19sChIJ3-1iylC52YgRXATd_Omeil4?authuser=0&hl=en&rclk=1
Rudy Export Corporation,4.3,445,"6015 NW 87th Ave, Miami, FL 33178",(305) 599-0029,rudyexport.com,not_available,not_available,not_available,Freight forwarding service,"RMH6+7X Miami, Florida",https://www.google.com/maps/place/Rudy+Export+Corporation/data=!4m7!3m6!1s0x88d9bbc4a721df45:0x258c91193c671351!8m2!3d25.8281496!4d-80.337547!16s%2Fg%2F1vyn4njj!19sChIJRd8hp8S72YgRURNnPBmRjCU?authuser=0&hl=en&rclk=1
One Way Cargo,4.7,152,"8440 NW 66th St, Miami, FL 33195",(954) 275-6273,onewaycargo.net,not_available,not_available,not_available,Import export company,"RMM7+4Q Miami, Florida",https://www.google.com/maps/place/One+Way+Cargo/data=!4m7!3m6!1s0x88d9bb0dad011d41:0x71e86d74b4d8e4d2!8m2!3d25.8328333!4d-80.3355265!16s%2Fg%2F11mpfrgh59!19sChIJQR0BrQ272YgR0uTYtHRt6HE?authuser=0&hl=en&rclk=1
Customs Broker Miami,4.3,24,"2550 NW 72nd Ave #110, Miami, FL 33122",(786) 223-5983,customs-broker-miami.com,not_available,not_available,not_available,Customs broker,"QMXP+7M Miami, Florida",https://www.google.com/maps/place/Customs+Broker+Miami/data=!4m7!3m6!1s0x88d9b7702e4e7229:0x387c992fddf84f8b!8m2!3d25.7982379!4d-80.3133484!16s%2Fg%2F1hc1ylzdz!19sChIJKXJOLnC32YgRi0_43S-ZfDg?authuser=0&hl=en&rclk=1
Venezpress Import Export Inc,not_available,not_available,"8518 NW 72nd St, Doral, FL 33166",(305) 477-3184,not_available,not_available,not_available,not_available,Importer,"RMQ7+CF Doral, Florida",https://www.google.com/maps/place/Venezpress+Import+Export+Inc/data=!4m7!3m6!1s0x88d9bbc631f8e2ef:0xa2bfb2355569b169!8m2!3d25.8385218!4d-80.3362679!16s%2Fg%2F1thmls_k!19sChIJ7-L4Mca72YgRabFpVTWyv6I?authuser=0&hl=en&rclk=1
Kelly Group Enterprises Corporation,3.8,13,"7812 NW 46th St, Doral, FL 33166",(305) 436-1800,kellygroup.us,not_available,oscar@kellygroup.us,not_available,Freight forwarding service,"RM7G+WG Doral, Florida",https://www.google.com/maps/place/Kelly+Group+Enterprises+Corporation/data=!4m7!3m6!1s0x88d9bbd5ae3f70d1:0x3914ec095e4a3196!8m2!3d25.8148564!4d-80.3237368!16s%2Fg%2F1tfsj67y!19sChIJ0XA_rtW72YgRljFKXgnsFDk?authuser=0&hl=en&rclk=1
Kathmar Freight Logistics Services,5.0,11,"11155 NW 33rd St, Doral, FL 33172",(305) 597-9696,kathmarfreight.com,not_available,not_available,not_available,Freight forwarding service,"RJ3F+Q4 Doral, Florida",https://www.google.com/maps/place/Kathmar+Freight+Logistics+Services/data=!4m7!3m6!1s0x88d9bb2a9af6f323:0xfb6417da56e95da7!8m2!3d25.8044702!4d-80.3771632!16s%2Fg%2F11qn6y_drv!19sChIJI_P2miq72YgRp13pVtoXZPs?authuser=0&hl=en&rclk=1
Blue Mail - Freight Forwarder,4.8,4,"3520 NW 115th Ave, Doral, FL 33178",(786) 502-2852,bluemailus.com,not_available,not_available,not_available,Shipping company,"RJ48+G2 Doral, Florida",https://www.google.com/maps/place/Blue+Mail+-+Freight+Forwarder/data=!4m7!3m6!1s0x88d9b9f9d5dea37b:0xa92dfd7f6b0e6eef!8m2!3d25.80625!4d-80.3849152!16s%2Fg%2F11hfbjqdgq!19sChIJe6Pe1fm52YgR724Oa3_9Lak?authuser=0&hl=en&rclk=1
EvoluXion Y LLC,5.0,6,"8195 NW 54th St, Doral, FL 33166",(305) 510-4393,evoluxiony.com,not_available,not_available,not_available,Transportation service,"RMFC+37 Doral, Florida",https://www.google.com/maps/place/EvoluXion+Y+LLC/data=!4m7!3m6!1s0x88d9bbcbf9ad45a1:0xefe3a701e578459!8m2!3d25.8227445!4d-80.3293224!16s%2Fg%2F11h7d10tvc!19sChIJoUWt-cu72YgRWYRXHnA6_g4?authuser=0&hl=en&rclk=1
Netcycle Trading Corp,5.0,4,"8020 NW 67th St, Miami, FL 33166",+58 212-7714440,netcyclecorp.com,not_available,not_available,not_available,Import export company,"RMMC+JX Miami, Florida",https://www.google.com/maps/place/Netcycle+Trading+Corp/data=!4m7!3m6!1s0x88d9bbc990dc8b17:0xe347df98c6c82474!8m2!3d25.8341171!4d-80.3275713!16s%2Fg%2F1tdlw1z_!19sChIJF4vckMm72YgRdCTIxpjfR-M?authuser=0&hl=en&rclk=1
Hmglobalgroup,not_available,not_available,"7950 NW 53rd St, Doral, FL 33166",(305) 924-4892,not_available,not_available,not_available,not_available,Import export company,"RMCF+F8 Doral, Florida",https://www.google.com/maps/place/Hmglobalgroup/data=!4m7!3m6!1s0x88d9b96a48797a81:0x3e2c708ac445f7da!8m2!3d25.8211289!4d-80.3266588!16s%2Fg%2F11vxxxg176!19sChIJgXp5SGq52YgR2vdFxIpwLD4?authuser=0&hl=en&rclk=1
Anicam Enterprises Inc.,2.9,42,"1770 NW 96th Ave, Doral, FL 33172",+57 314 8130486,anicamenterprises.com,Closed ⋅ Opens 7:30 AM Thu,customersupport3@anicamenterprises.com,not_available,Import export company,"QJRX+7F Doral, Florida",https://www.google.com/maps/place/Anicam+Enterprises+Inc./data=!4m7!3m6!1s0x88d9b9389db07197:0x2ab07c4d74ba520e!8m2!3d25.7907442!4d-80.3512769!16s%2Fg%2F1tflh0kh!19sChIJl3GwnTi52YgRDlK6dE18sCo?authuser=0&hl=en&rclk=1
World Class Solutions - Expo & Impo,5.0,2,"8411 NW 74th St, Miami, FL 33166",(305) 530-8199,worldclasssolutions.us,not_available,not_available,not_available,Logistics service,"RMR8+G4 Miami, Florida",https://www.google.com/maps/place/World+Class+Solutions+-+Expo+%26+Impo/data=!4m7!3m6!1s0x88d9bb45b1dc8f21:0x474e352bc659d0c0!8m2!3d25.8412988!4d-80.3346286!16s%2Fg%2F11h26xrq77!19sChIJIY_csUW72YgRwNBZxis1Tkc?authuser=0&hl=en&rclk=1
BMI Import Export Inc,not_available,not_available,"7970 NW 56th St, Doral, FL 33166",(305) 592-3030,not_available,not_available,not_available,not_available,Exporter,"RMFF+HC Doral, Florida",https://www.google.com/maps/place/BMI+Import+Export+Inc/data=!4m7!3m6!1s0x88d9bbd204d6bcd5:0x82c2832032ef19b3!8m2!3d25.823882!4d-80.326376!16s%2Fg%2F1tgx7dp4!19sChIJ1bzWBNK72YgRsxnvMiCDwoI?authuser=0&hl=en&rclk=1
Chatelain Cargo Services Inc Miami FL USA| A World-Wide Freight Services Company,not_available,not_available,"8900 NW 35th Ln #140, Doral, FL 33172",(305) 552-5212,chatelaincargo.com,not_available,not_available,not_available,Import export company,"RM45+MW Doral, Florida",https://www.google.com/maps/place/Chatelain+Cargo+Services+Inc+Miami+FL+USA%7C+A+World-Wide+Freight+Services+Company/data=!4m7!3m6!1s0x88d9bbbc9983f113:0xab88c27cf300ee3!8m2!3d25.8067214!4d-80.3401539!16s%2Fg%2F11g0llf1j2!19sChIJE_GDmby72YgR4w4wzyeMuAo?authuser=0&hl=en&rclk=1
"Expedited World Cargo, Inc.",4.7,18,"9667 NW 33rd St, Doral, FL 33178",(305) 392-5085,ewcnow.com,not_available,not_available,not_available,Freight forwarding service,"RJ4X+7C Doral, Florida","https://www.google.com/maps/place/Expedited+World+Cargo,+Inc./data=!4m7!3m6!1s0x88d9b95aa28f4765:0x8dc300e425f64502!8m2!3d25.805659!4d-80.35147!16s%2Fg%2F1v9gktbf!19sChIJZUePolq52YgRAkX2JeQAw40?authuser=0&hl=en&rclk=1"
Gold coast consolidator Inc,4.8,5,"6994 NW 82nd Ave, Miami, FL 33166",(786) 620-6126,not_available,not_available,not_available,not_available,Freight forwarding service,"RMP9+JV Miami, Florida",https://www.google.com/maps/place/Gold+coast+consolidator+Inc/data=!4m7!3m6!1s0x88d9b99a09ca4b13:0x134aa7a3192c8cb!8m2!3d25.8365235!4d-80.3303731!16s%2Fg%2F11cm1blq47!19sChIJE0vKCZq52YgRy8iSMXqqNAE?authuser=0&hl=en&rclk=1
Joseph Import & Export,not_available,not_available,"6327 NW 74th Ave, Miami, FL 33166",(786) 391-1698,not_available,not_available,not_available,not_available,Import export company,"RMJJ+9V Miami, Florida",https://www.google.com/maps/place/Joseph+Import+%26+Export/data=!4m7!3m6!1s0x88d9ba3465f060f7:0xe585608845c57983!8m2!3d25.8309243!4d-80.3177739!16s%2Fg%2F1264lvb8l!19sChIJ92DwZTS62YgRg3nFRYhgheU?authuser=0&hl=en&rclk=1
Damak Inc,5.0,5,"8618 NW 70th St, Miami, FL 33166",(305) 888-9177,damak-usa.com,not_available,not_available,not_available,Import export company,"RMP6+HX Miami, Florida",https://www.google.com/maps/place/Damak+Inc/data=!4m7!3m6!1s0x88d9ba361e9cd9af:0xcfa63d37ccefd78!8m2!3d25.8364071!4d-80.3375264!16s%2Fg%2F1tr7dlnd!19sChIJr9mcHja62YgReP3OfNNj-gw?authuser=0&hl=en&rclk=1
Andrade Corporation,4.4,8,"5161 NW 79th Ave UNIT 12, Doral, FL 33166",(305) 594-2613,andradeimportexport.com,not_available,not_available,not_available,Logistics service,"RMCF+2R Doral, Florida",https://www.google.com/maps/place/Andrade+Corporation/data=!4m7!3m6!1s0x88d9b9a38ceb216b:0xc8e8b472fab2cd15!8m2!3d25.8200849!4d-80.3254324!16s%2Fg%2F11cst0_q8s!19sChIJayHrjKO52YgRFc2y-nK06Mg?authuser=0&hl=en&rclk=1
DOBLE TT CARGO,not_available,not_available,"8800 NW 24th Terrace, Doral, FL 33172",(786) 715-1128,not_available,not_available,not_available,not_available,Import export company,"QMW6+HG Doral, Florida",https://www.google.com/maps/place/DOBLE+TT+CARGO/data=!4m7!3m6!1s0x88d9b90c7eb71187:0x7a1663fae5316f6b!8m2!3d25.796409!4d-80.3386986!16s%2Fg%2F124ygps48!19sChIJhxG3fgy52YgRa28x5fpjFno?authuser=0&hl=en&rclk=1
semajproducts USA LLC,not_available,not_available,"5960 NW 99th Ave, Doral, FL 33178",(954) 504-0338,semajproducts.com,not_available,not_available,not_available,Import export company,"RJHR+4M Doral, Florida",https://www.google.com/maps/place/semajproducts+USA+LLC/data=!4m7!3m6!1s0x88d9bb2ebeb3dcdd:0x62f34245b16e140!8m2!3d25.827865!4d-80.3583394!16s%2Fg%2F11q8tr90b7!19sChIJ3dyzvi672YgRQOEWWyQ0LwY?authuser=0&hl=en&rclk=1
305 logistic services,4.1,23,"8233 NW 66th St, Miami, FL 33166",(786) 603-3560,305logisticservices.com,not_available,not_available,not_available,Import export company,"RMM9+HH Miami, Florida",https://www.google.com/maps/place/305+logistic+services/data=!4m7!3m6!1s0x88d9bbe0f3840c07:0xb076379d880f49!8m2!3d25.8339591!4d-80.3310539!16s%2Fg%2F11krv5gmcg!19sChIJBwyE8-C72YgRSQ-InTd2sAA?authuser=0&hl=en&rclk=1
Amerindias Inc.,4.3,6,"5220 NW 72nd Ave Ste 3, Miami, FL 33166",(305) 471-0038,amerindias.com,not_available,not_available,not_available,Import export company,"RMCP+F5 Miami, Florida",https://www.google.com/maps/place/Amerindias+Inc./data=!4m7!3m6!1s0x88d9ba2e583d9efb:0x6c5610fb94c60325!8m2!3d25.821161!4d-80.3145429!16s%2Fg%2F1tc_xdk4!19sChIJ-549WC662YgRJQPGlPsQVmw?authuser=0&hl=en&rclk=1
Noatum Logistics,4.0,28,"10660 NW 25th St, Doral, FL 33172",(305) 888-1600,miq.com,not_available,not_available,not_available,Logistics service,"QJVM+H6 Doral, Florida",https://www.google.com/maps/place/Noatum+Logistics/data=!4m7!3m6!1s0x88d9bc645f0e81f1:0xba391496ed826dcc!8m2!3d25.7939037!4d-80.3669435!16s%2Fg%2F11clygwhcm!19sChIJ8YEOX2S82YgRzG2C7ZYUObo?authuser=0&hl=en&rclk=1
American Jet Export & Import,5.0,6,"5585 NW 74th Ave, Miami, FL 33166",(305) 888-4777,americanjetcorp.com,not_available,not_available,not_available,Exporter,"RMFM+FP Miami, Florida",https://www.google.com/maps/place/American+Jet+Export+%26+Import/data=!4m7!3m6!1s0x88d9ba3277a95b37:0xa17e180490e54e0e!8m2!3d25.8236922!4d-80.3157026!16s%2Fg%2F1tgx7dnq!19sChIJN1updzK62YgRDk7lkAQYfqE?authuser=0&hl=en&rclk=1
Best Solution Import Export,not_available,not_available,"8123 NW 29th St, Doral, FL 33122",(305) 513-0660,bestsolutioninc.com,not_available,not_available,not_available,Exporter,"RM2C+9Q Doral, Florida",https://www.google.com/maps/place/Best+Solution+Import+Export/data=!4m7!3m6!1s0x88d9b970a2663bcf:0x43fd180ff4c15ad7!8m2!3d25.800897!4d-80.3280368!16s%2Fg%2F1tgmx24h!19sChIJzztmonC52YgR11rB9A8Y_UM?authuser=0&hl=en&rclk=1
AC&R Import Export,1.0,not_available,"8575 NW 79th Ave BAY D, Medley, FL 33166",(786) 775-9035,acrimportexport.com,not_available,not_available,not_available,Equipment importer,"VM2F+PW Medley, Florida",https://www.google.com/maps/place/AC%26R+Import+Export/data=!4m7!3m6!1s0x88d9bb4df5aebcdb:0x6dd15a31f1ab412f!8m2!3d25.8517558!4d-80.3252425!16s%2Fg%2F11w4m3kwr9!19sChIJ27yu9U272YgRL0Gr8TFa0W0?authuser=0&hl=en&rclk=1
Vending Corp,not_available,not_available,"1800 NW 89th Pl, Doral, FL 33172",(305) 395-7263,vending-corp.com,not_available,not_available,not_available,Import export company,"QMQ4+XW Doral, Florida",https://www.google.com/maps/place/Vending+Corp/data=!4m7!3m6!1s0x88d9b95a0005a6bf:0x2ff0e321b495f0a5!8m2!3d25.789968!4d-80.3427486!16s%2Fg%2F11fldpl06k!19sChIJv6YFAFq52YgRpfCVtCHj8C8?authuser=0&hl=en&rclk=1
Warp International Corp.,2.0,not_available,"8502 NW 80th St #100, Medley, FL 33166",(305) 434-8383,not_available,not_available,not_available,not_available,Import export company,"RMV7+JH Medley, Florida",https://www.google.com/maps/place/Warp+International+Corp./data=!4m7!3m6!1s0x88d9bbbbc7000007:0xe1a37641f519c7f6!8m2!3d25.8440883!4d-80.3361067!16s%2Fg%2F11fhrd0w47!19sChIJBwAAx7u72YgR9scZ9UF2o-E?authuser=0&hl=en&rclk=1
Dolphin Wholesaler Import & Export Inc,5.0,not_available,not_available,(786) 663-0910,not_available,not_available,not_available,not_available,Manufacturer,not_available,https://www.google.com/maps/place/Dolphin+Wholesaler+Import+%26+Export+Inc/data=!4m7!3m6!1s0x88d9bc70c9c5c5fd:0xe0e1be24fb953fba!8m2!3d46.423669!4d-129.9427086!16s%2Fg%2F11bw3dljlq!19sChIJ_cXFyXC82YgRuj-V-yS-4eA?authuser=0&hl=en&rclk=1
WORLDLINK LOGISTICS INC,5.0,26,"2350 NW 93rd Ave, Doral, FL 33172",(786) 228-9828,worldlink-logistics.com,not_available,not_available,not_available,Logistics service,"QMW3+37 Doral, Florida",https://www.google.com/maps/place/WORLDLINK+LOGISTICS+INC/data=!4m7!3m6!1s0x88d9bbc47a205333:0x5e76e9ac0e574720!8m2!3d25.7952029!4d-80.3468685!16s%2Fg%2F11b88g6kv4!19sChIJM1MgesS72YgRIEdXDqzpdl4?authuser=0&hl=en&rclk=1
Nippon Suspension Parts Inc,3.8,16,"6000 NW 97th Ave #18, Doral, FL 33178",(305) 888-1229,nipponsuspension.com,not_available,not_available,not_available,Import export company,"RJHV+CR Doral, Florida",https://www.google.com/maps/place/Nippon+Suspension+Parts+Inc/data=!4m7!3m6!1s0x88d9bbf0205b4457:0x6135210571006b9e!8m2!3d25.8285446!4d-80.3554611!16s%2Fg%2F1tkr01vk!19sChIJV0RbIPC72YgRnmsAcQUhNWE?authuser=0&hl=en&rclk=1
G & G International,5.0,2,"1820 NW 82nd Ave, Doral, FL 33126",(305) 591-8830,not_available,not_available,not_available,not_available,Freight forwarding service,"QMRC+99 Doral, Florida",https://www.google.com/maps/place/G+%26+G+International/data=!4m7!3m6!1s0x88d9b9733b3f1159:0xa921a0e5e836166a!8m2!3d25.7909522!4d-80.329053!16s%2Fg%2F1tctybzw!19sChIJWRE_O3O52YgRahY26OWgIak?authuser=0&hl=en&rclk=1
UNITY TRADE INTL,not_available,not_available,"8155 NW 68th St, Miami, FL 33166",not_available,not_available,not_available,not_available,not_available,Import export company,"RMPC+57 Miami, Florida",https://www.google.com/maps/place/UNITY+TRADE+INTL/data=!4m7!3m6!1s0x88d9bba49dafca19:0xa7074527164961db!8m2!3d25.8354774!4d-80.3293639!16s%2Fg%2F11v9hl266_!19sChIJGcqvnaS72YgR22FJFidFB6c?authuser=0&hl=en&rclk=1
Jemc Global Importers and Trading.,not_available,not_available,"7931 NW 68th St, Miami, FL 33166",(786) 641-8008,not_available,not_available,not_available,not_available,Import export company,"RMPF+8H Miami, Florida",https://www.google.com/maps/place/Jemc+Global+Importers+and+Trading./data=!4m7!3m6!1s0x88d9bbca0ee24235:0x912e04713111cb0f!8m2!3d25.835788!4d-80.3260509!16s%2Fg%2F11f_knbk0q!19sChIJNULiDsq72YgRD8sRMXEELpE?authuser=0&hl=en&rclk=1
Miami Free Zone / Foreign Trade Zone #32,3.8,14,"2305 NW 107th Ave, Doral, FL 33172",(305) 591-4300,ftzworld.com,not_available,not_available,not_available,Warehouse,"QJVP+MF Doral, Florida",https://www.google.com/maps/place/Miami+Free+Zone+%2F+Foreign+Trade+Zone+%2332/data=!4m7!3m6!1s0x88d9beb50204198b:0xe797b5d0764da078!8m2!3d25.7942452!4d-80.3637502!16s%2Fg%2F1hm5024kr!19sChIJixkEArW-2YgReKBNdtC1l-c?authuser=0&hl=en&rclk=1
Carisam-Samuel Meisel,4.3,58,"10900 NW 27th St, Doral, FL 33172",(305) 591-3993,carisam.com,not_available,not_available,not_available,Import export company,"QJXG+8R Doral, Florida",https://www.google.com/maps/place/Carisam-Samuel+Meisel/data=!4m7!3m6!1s0x88d9beb6cec90121:0x9e43d2596e306a64!8m2!3d25.7983468!4d-80.3729235!16s%2Fg%2F1tk9rkrl!19sChIJIQHJzra-2YgRZGowblnSQ54?authuser=0&hl=en&rclk=1
TH Trading & Consulting LLC,not_available,not_available,"5335 NW 87th Ave C109-144, Doral, FL 33178",not_available,not_available,not_available,not_available,not_available,Import export company,"RMC7+44 Doral, Florida",https://www.google.com/maps/place/TH+Trading+%26+Consulting+LLC/data=!4m7!3m6!1s0x88d9bb097a752a6b:0x2fcb1d88b3bd2756!8m2!3d25.8202518!4d-80.3371717!16s%2Fg%2F11l668jtdd!19sChIJayp1egm72YgRVie9s4gdyy8?authuser=0&hl=en&rclk=1
Merchant Partners LLC,5.0,not_available,"8276 NW 70th St, Miami, FL 33166",(352) 444-9566,not_available,not_available,not_available,not_available,Import export company,"RMP9+P6 Miami, Florida",https://www.google.com/maps/place/Merchant+Partners+LLC/data=!4m7!3m6!1s0x88d9bb0be75f4225:0xc75796a5ff8e1bcf!8m2!3d25.8367521!4d-80.3319667!16s%2Fg%2F11q3_c8cyd!19sChIJJUJf5wu72YgRzxuO_6WWV8c?authuser=0&hl=en&rclk=1
MR GO Corporation,not_available,not_available,"8620 NW 66th St, Miami, FL 33166",(305) 922-4938,not_available,not_available,not_available,not_available,Import export company,"RMJ9+RV Miami, Florida",https://www.google.com/maps/place/MR+GO+Corporation/data=!4m7!3m6!1s0x88d9bbb7358c7a43:0xc33dcec7975e2e10!8m2!3d25.832105!4d-80.3303409!16s%2Fg%2F11s7txx412!19sChIJQ3qMNbe72YgREC5el8fOPcM?authuser=0&hl=en&rclk=1
Emex Inc,4.7,47,"7829 NW 72nd Ave, Miami, FL 33166",(305) 599-0777,emexusa.com,Closed ⋅ Opens 9 AM Thu,not_available,not_available,Import export company,"RMWP+5J Miami, Florida",https://www.google.com/maps/place/Emex+Inc/data=!4m7!3m6!1s0x88d9ba4eed01e7eb:0x8a472025b8bed5f9!8m2!3d25.8454124!4d-80.313448!16s%2Fg%2F1thw7jlq!19sChIJ6-cB7U662YgR-dW-uCUgR4o?authuser=0&hl=en&rclk=1
MGL-USA,not_available,not_available,"NW 53rd St, Miami, FL 33166",(786) 623-5123,not_available,not_available,not_available,not_available,Import export company,"RMC9+JR Miami, Florida",https://www.google.com/maps/place/MGL-USA/data=!4m7!3m6!1s0x88d9bb82318e8cbd:0x5c0636a7d2b8669!8m2!3d25.8215515!4d-80.3304841!16s%2Fg%2F11gw2smty0!19sChIJvYyOMYK72YgRaYYrfWpjwAU?authuser=0&hl=en&rclk=1
Access global express LLC ( AGX ),not_available,not_available,"8244 NW 14th St, Doral, FL 33126",(305) 724-5425,not_available,not_available,not_available,not_available,Shipping company,"QMPC+73 Doral, Florida",https://www.google.com/maps/place/Access+global+express+LLC+%28+AGX+%29/data=!4m7!3m6!1s0x88d9b971a962d253:0x1feae8862d8e7484!8m2!3d25.7856982!4d-80.3298225!16s%2Fg%2F11px9rfspy!19sChIJU9JiqXG52YgRhHSOLYbo6h8?authuser=0&hl=en&rclk=1
Export Depot,5.0,3,"11450 NW 34th St, Miami, FL 33178",(305) 456-8495,not_available,not_available,not_available,not_available,Wholesaler,"RJ38+VM Miami, Florida",https://www.google.com/maps/place/Export+Depot/data=!4m7!3m6!1s0x88d9b908dd3857c5:0x168c7e0be967e516!8m2!3d25.804663!4d-80.383272!16s%2Fg%2F11h7g1tg4y!19sChIJxVc43Qi52YgRFuVn6Qt-jBY?authuser=0&hl=en&rclk=1
Enterprise Trading international,not_available,not_available,"7547 NW 52nd St, Miami, FL 33166",(786) 708-0374,not_available,not_available,not_available,not_available,Import export company,"RMCH+GX Miami, Florida",https://www.google.com/maps/place/Enterprise+Trading+international/data=!4m7!3m6!1s0x88d9ba2d20133b85:0x599fc1862d59ae37!8m2!3d25.8212948!4d-80.320001!16s%2Fg%2F11fxw1g05t!19sChIJhTsTIC262YgRN65ZLYbBn1k?authuser=0&hl=en&rclk=1
IMEXORTIZ,not_available,not_available,"2914 NW 72nd Ave, Miami, FL 33122",+57 300 6097105,silvyfitness.com,not_available,not_available,not_available,Import export company,"RM2P+8J Miami, Florida",https://www.google.com/maps/place/IMEXORTIZ/data=!4m7!3m6!1s0x88d9b984d70c5cfb:0x8a3a1d404a0946dd!8m2!3d25.8008288!4d-80.3134687!16s%2Fg%2F11pt_0v0v_!19sChIJ-1wM14S52YgR3UYJSkAdOoo?authuser=0&hl=en&rclk=1
macarun llc,not_available,not_available,"10827 NW 81st Ln, Doral, FL 33178",(786) 495-4917,not_available,not_available,not_available,not_available,Import export company,"RJXG+3W Doral, Florida",https://www.google.com/maps/place/macarun+llc/data=!4m7!3m6!1s0x88d9bd291a8b44cb:0x938b3607be4ba3df!8m2!3d25.8476717!4d-80.372694!16s%2Fg%2F11w36ylsh9!19sChIJy0SLGim92YgR36NLvgc2i5M?authuser=0&hl=en&rclk=1
JF Global Traders,not_available,not_available,"6010 NW 99th Ave UNIT 111, Doral, FL 33178",(786) 200-5453,not_available,not_available,not_available,not_available,Import export company,"RJHR+F7 Doral, Florida",https://www.google.com/maps/place/JF+Global+Traders/data=!4m7!3m6!1s0x88d9bb685988a30f:0x6aa331b3ca180288!8m2!3d25.8287407!4d-80.3593394!16s%2Fg%2F11hyqgl16b!19sChIJD6OIWWi72YgRiAIYyrMxo2o?authuser=0&hl=en&rclk=1
xpd global,not_available,not_available,"10913 NW 30th St Suite 100, Doral, FL 33172",(305) 716-4070,ep-america.com,not_available,not_available,not_available,Logistics service,"RJ3G+43 Doral, Florida",https://www.google.com/maps/place/xpd+global/data=!4m7!3m6!1s0x88d9bfe37df32c9b:0x76e9f7de4269d22e!8m2!3d25.802832!4d-80.3748016!16s%2Fg%2F11sbps1k20!19sChIJmyzzfeO_2YgRLtJpQt736XY?authuser=0&hl=en&rclk=1
LUMA INTERNATIONAL FORWARDING,4.8,10,"9601 NW 33rd St, Doral, FL 33172",(305) 716-9709,lumainter.com,not_available,not_available,not_available,Freight forwarding service,"RJ3X+R7 Doral, Florida",https://www.google.com/maps/place/LUMA+INTERNATIONAL+FORWARDING/data=!4m7!3m6!1s0x88d9b95a955832d7:0xb3f33f75f24c2611!8m2!3d25.8046182!4d-80.3518432!16s%2Fg%2F1tdpg_qb!19sChIJ1zJYlVq52YgRESZM8nU_87M?authuser=0&hl=en&rclk=1
Magno International,not_available,not_available,"11014 NW 33rd St Suite 100, Doral, FL 33172",(855) 443-0003,magnointl.com,not_available,not_available,not_available,Logistics service,"RJ3F+CM Doral, Florida",https://www.google.com/maps/place/Magno+International/data=!4m7!3m6!1s0x88d9beb00f1a5d35:0x436488efaf7f284c!8m2!3d25.8036111!4d-80.3758333!16s%2Fg%2F1tgnbdx1!19sChIJNV0aD7C-2YgRTCh_r--IZEM?authuser=0&hl=en&rclk=1
JMa Import & Export,5.0,4,"5593 NW 72nd Ave, Miami, FL 33166",(786) 916-6176,jmaimp.com,not_available,not_available,not_available,Wholesaler,"RPPG+VW Miami, Florida",https://www.google.com/maps/place/JMa+Import+%26+Export/data=!4m7!3m6!1s0x88d9a5650629138b:0xb40e0aa61125c8cb!8m2!3d25.8372146!4d-80.2726789!16s%2Fg%2F11h07pzjyd!19sChIJixMpBmWl2YgRy8glEaYKDrQ?authuser=0&hl=en&rclk=1
Angila Express,4.4,62,"8133 NW 68th St, Miami, FL 33166",(786) 828-7754,angilaexpressenvios.com,not_available,not_available,not_available,Import export company,"RMPC+9C Miami, Florida",https://www.google.com/maps/place/Angila+Express/data=!4m7!3m6!1s0x88d9bbe6b0e8b907:0xf8e7045c4027e33d!8m2!3d25.8359641!4d-80.3289967!16s%2Fg%2F11kh1ktsfz!19sChIJB7nosOa72YgRPeMnQFwE5_g?authuser=0&hl=en&rclk=1
Sisa Import & Export,not_available,not_available,not_available,(786) 365-4846,not_available,not_available,not_available,not_available,Shipping company,not_available,https://www.google.com/maps/place/Sisa+Import+%26+Export/data=!4m7!3m6!1s0x88d9bbd7394866e9:0x38472ac763785a12!8m2!3d25.8363165!4d-80.3081586!16s%2Fg%2F11btt6bh7z!19sChIJ6WZIOde72YgRElp4Y8cqRzg?authuser=0&hl=en&rclk=1
CTS GLOBAL SUPPLY CHAIN SOLUTIONS,5.0,2,"2105 NW 102nd Ave, Doral, FL 33172",(786) 563-1646,ctsglobalsolutions.com,not_available,not_available,not_available,Logistics service,"QJVQ+QQ Doral, Florida",https://www.google.com/maps/place/CTS+GLOBAL+SUPPLY+CHAIN+SOLUTIONS/data=!4m7!3m6!1s0x88d9b93b44f76187:0xd77d7355df6aaf4f!8m2!3d25.7943826!4d-80.3605358!16s%2Fg%2F11vc73lncl!19sChIJh2H3RDu52YgRT69q31Vzfdc?authuser=0&hl=en&rclk=1
Guaqueta Trading USA,4.0,6,"7951 NW 64th St, Miami, FL 33166",(305) 500-9362,guaqueta.com,not_available,not_available,not_available,Import export company,"RMJF+PC Miami, Florida",https://www.google.com/maps/place/Guaqueta+Trading+USA/data=!4m7!3m6!1s0x88d9bbcbe89ac03b:0xf4b8e04241fe003e!8m2!3d25.8318244!4d-80.326489!16s%2Fg%2F1vfp4fr7!19sChIJO8Ca6Mu72YgRPgD-QULguPQ?authuser=0&hl=en&rclk=1
Sky Import & Export Corporation,not_available,not_available,"1650 NW 95th Ave, Doral, FL 33172",(305) 716-9072,skycorporation.net,not_available,not_available,not_available,Manufacturer,"QMQ2+P3 Doral, Florida",https://www.google.com/maps/place/Sky+Import+%26+Export+Corporation/data=!4m7!3m6!1s0x88d9b93a27c741cb:0xda28c8b41ff3ae55!8m2!3d25.7893017!4d-80.3498095!16s%2Fg%2F1td4_nsz!19sChIJy0HHJzq52YgRVa7zH7TIKNo?authuser=0&hl=en&rclk=1
A Customs Brokerage,4.2,10,"8400 NW 36th St Suite 100, Doral, FL 33166",(305) 805-6797,acb-us.com,not_available,not_available,not_available,Customs broker,"RM58+MR Doral, Florida",https://www.google.com/maps/place/A+Customs+Brokerage/data=!4m7!3m6!1s0x88d9bbdaeb0cc46f:0x80b96c87b841f8c0!8m2!3d25.8091906!4d-80.3328895!16s%2Fg%2F1vzn6c84!19sChIJb8QM69q72YgRwPhBuIdsuYA?authuser=0&hl=en&rclk=1
Jaya Inc,4.3,7,"3300 NW 112th Ave UNIT 13, Doral, FL 33172",(305) 500-9319,jayainc.com,not_available,not_available,not_available,Exporter,"RJ3C+PJ Doral, Florida",https://www.google.com/maps/place/Jaya+Inc/data=!4m7!3m6!1s0x88d9b040490c7f47:0x2cc675bcbef019d2!8m2!3d25.8042545!4d-80.3784333!16s%2Fg%2F1v_z53hy!19sChIJR38MSUCw2YgR0hnwvrx1xiw?authuser=0&hl=en&rclk=1
Sephine Import Export Corporation,not_available,not_available,"10431 NW 28th St STE E105, Doral, FL 33172",(305) 477-7745,sephineusa.com,not_available,not_available,not_available,Exporter,"QJXM+WC Doral, Florida",https://www.google.com/maps/place/Sephine+Import+Export+Corporation/data=!4m7!3m6!1s0x88d9beb33478a9cb:0x3f0c26c2bc2d762d!8m2!3d25.7998311!4d-80.366423!16s%2Fg%2F1262pnykm!19sChIJy6l4NLO-2YgRLXYtvMImDD8?authuser=0&hl=en&rclk=1
"Hengxin International, LLC",3.7,3,"5417 NW 72nd Ave, Miami, FL 33166",(786) 474-8917,hengxin-int.com,not_available,not_available,not_available,Import export company,"RMFQ+45 Miami, Florida","https://www.google.com/maps/place/Hengxin+International,+LLC/data=!4m7!3m6!1s0x88d9ba48fb653dab:0xea671102488124ec!8m2!3d25.8227935!4d-80.3120929!16s%2Fg%2F11hy9nlmb6!19sChIJqz1l-0i62YgR7CSBSAIRZ-o?authuser=0&hl=en&rclk=1"
Commodity Forwarders Inc,3.0,5,"8150 NW 21st St, Doral, FL 33122",(305) 593-1774,cfiperishables.com,not_available,not_available,not_available,Freight forwarding service,"QMVF+32 Doral, Florida",https://www.google.com/maps/place/Commodity+Forwarders+Inc/data=!4m7!3m6!1s0x88d9b984d776344b:0x952f0d23638deaa8!8m2!3d25.792725!4d-80.3274786!16s%2Fg%2F12640_0yg!19sChIJSzR214S52YgRqOqNYyMNL5U?authuser=0&hl=en&rclk=1
HEILAND CARGO CORP,not_available,not_available,"3655 NW 115th Ave #14, Doral, FL 33178",(305) 686-2865,not_available,not_available,not_available,not_available,International trade consultant,"RJ58+3R Doral, Florida",https://www.google.com/maps/place/HEILAND+CARGO+CORP/data=!4m7!3m6!1s0x88d9bf750c9831d1:0x67e1002ae08c20ae!8m2!3d25.8076646!4d-80.3829325!16s%2Fg%2F11lkbvjfwh!19sChIJ0TGYDHW_2YgRriCM4CoA4Wc?authuser=0&hl=en&rclk=1
ARO Universal Trading,5.0,6,"8339 NW 64th St, Miami, FL 33166",(786) 536-6971,arouniversaltrading.com,not_available,not_available,not_available,Import export company,"RMJ8+QV Miami, Florida",https://www.google.com/maps/place/ARO+Universal+Trading/data=!4m7!3m6!1s0x88d9bbc9f837d079:0x3b0acaec1d634ae3!8m2!3d25.8319222!4d-80.3327515!16s%2Fg%2F11c1hymzs_!19sChIJedA3-Mm72YgR40pjHezKCjs?authuser=0&hl=en&rclk=1
Servicargo Express,4.0,4,"8431 NW 68th St, Miami, FL 33166",(305) 343-0683,not_available,not_available,not_available,not_available,Shipping company,"RMP7+5X Miami, Florida",https://www.google.com/maps/place/Servicargo+Express/data=!4m7!3m6!1s0x88d9bb41e98af46f:0xaafa7296fef76dca!8m2!3d25.835451!4d-80.3351173!16s%2Fg%2F11nnn2h6kz!19sChIJb_SK6UG72YgRym33_pZy-qo?authuser=0&hl=en&rclk=1
American Wings,4.1,14,"3000 NW 79th Ave, Doral, FL 33122",(305) 477-7733,americanwingsfl.com,not_available,not_available,not_available,Freight forwarding service,"RM2F+QV Doral, Florida",https://www.google.com/maps/place/American+Wings/data=!4m7!3m6!1s0x88d9b979c4a80b73:0xc9e97deb47a4d735!8m2!3d25.8018966!4d-80.3253051!16s%2Fg%2F1tg4m5d3!19sChIJcwuoxHm52YgRNdekR-t96ck?authuser=0&hl=en&rclk=1
Exportcel Inc,5.0,3,"4805 NW 79th Ave #17, Doral, FL 33166",(305) 398-3436,exportcel.com,not_available,not_available,not_available,Wholesaler,"RM8G+V2 Doral, Florida",https://www.google.com/maps/place/Exportcel+Inc/data=!4m7!3m6!1s0x88d9b97c4af83ad1:0x1ef98a17427cf7e9!8m2!3d25.8172378!4d-80.3249813!16s%2Fg%2F1ptwkp3db!19sChIJ0Tr4Sny52YgR6fd8QheK-R4?authuser=0&hl=en&rclk=1
Export Express,4.6,22,"8235 NW 68th St, Miami, FL 33166",(305) 436-1068,exportexpresscorp.com,not_available,not_available,not_available,Exporter,"RMP9+7C Miami, Florida",https://www.google.com/maps/place/Export+Express/data=!4m7!3m6!1s0x88d9bb33b3993549:0xcf36459268f4740a!8m2!3d25.8356824!4d-80.3314803!16s%2Fg%2F1v9t_qbt!19sChIJSTWZszO72YgRCnT0aJJFNs8?authuser=0&hl=en&rclk=1
Operadores Mundiales USA Inc,not_available,not_available,"2025 NW 102nd Ave Registrar Suite, Doral, FL 33172",(305) 436-9996,not_available,not_available,not_available,not_available,Freight forwarding service,"QJVQ+3Q Doral, Florida",https://www.google.com/maps/place/Operadores+Mundiales+USA+Inc/data=!4m7!3m6!1s0x88d9b94a1a8b1a3d:0x2a6b842bc98ee64f!8m2!3d25.792665!4d-80.3605647!16s%2Fg%2F1tlbkchk!19sChIJPRqLGkq52YgRT-aOySuEayo?authuser=0&hl=en&rclk=1
RB Intersteel Trading Corp,not_available,not_available,"7950 NW 53rd St Suite 337 #1013, Miami, FL 33166",(305) 677-3588,rbintersteel.com,not_available,not_available,not_available,Import export company,"RMCF+F8 Miami, Florida",https://www.google.com/maps/place/RB+Intersteel+Trading+Corp/data=!4m7!3m6!1s0x88d9bb2b2a65f343:0x6a130f978af8c83d!8m2!3d25.8211289!4d-80.3266588!16s%2Fg%2F11y5f94htb!19sChIJQ_NlKiu72YgRPcj4ipcPE2o?authuser=0&hl=en&rclk=1
GTL Express International,not_available,not_available,"8283 NW 56th St, Doral, FL 33166",(305) 824-6239,gtlexpress.com.pe,not_available,not_available,not_available,Import export company,"RMF9+V8 Doral, Florida",https://www.google.com/maps/place/GTL+Express+International/data=!4m7!3m6!1s0x88d9bbdead7b74d3:0xbf01573444ce91a6!8m2!3d25.8247491!4d-80.3316848!16s%2Fg%2F11x7mj__c8!19sChIJ03R7rd672YgRppHORDRXAb8?authuser=0&hl=en&rclk=1
JKR Trading Corporation,not_available,not_available,"7854 NW 62nd St, Miami, FL 33166",(305) 463-8258,not_available,not_available,not_available,not_available,Import export company,"RMHG+P4 Miami, Florida",https://www.google.com/maps/place/JKR+Trading+Corporation/data=!4m7!3m6!1s0x88d9bbcc70f30e83:0x3ceb698b289b1569!8m2!3d25.8293692!4d-80.3246617!16s%2Fg%2F1v3lqryh!19sChIJgw7zcMy72YgRaRWbKItp6zw?authuser=0&hl=en&rclk=1
Tradeck LLC,not_available,not_available,not_available,(305) 399-5958,tradeck.net,not_available,not_available,not_available,Import export company,not_available,https://www.google.com/maps/place/Tradeck+LLC/data=!4m7!3m6!1s0xc232cf8f59f1a13:0x16d395ea2b574328!8m2!3d46.423669!4d-129.9427086!16s%2Fg%2F11vrfn1dm5!19sChIJExqf9fgsIwwRKENXK-qV0xY?authuser=0&hl=en&rclk=1
LTC Global Logistics LLC,5.0,2,"8000 NW 29th St, Doral, FL 33122",(305) 465-2030,ltcgl.com,not_available,not_available,not_available,Freight forwarding service,"RM2F+62 Doral, Florida",https://www.google.com/maps/place/LTC+Global+Logistics+LLC/data=!4m7!3m6!1s0x88d9b95e99b485df:0x2cddfa2ccb4f8db2!8m2!3d25.8005924!4d-80.3273932!16s%2Fg%2F11p647py4g!19sChIJ34W0mV652YgRso1Pyyz63Sw?authuser=0&hl=en&rclk=1
Europe Holding Group LLC,not_available,not_available,"8369 NW 66th St b1407, Miami, FL 33195",(786) 652-3088,not_available,not_available,not_available,not_available,Import export company,"RMM8+HH Miami, Florida",https://www.google.com/maps/place/Europe+Holding+Group+LLC/data=!4m7!3m6!1s0x88d9bbc7cb71c297:0xffad29fa77399385!8m2!3d25.833993!4d-80.3335554!16s%2Fg%2F11cmsmr564!19sChIJl8Jxy8e72YgRhZM5d_oprf8?authuser=0&hl=en&rclk=1
OMS HOLDINGS,5.0,2,"8217 NW 30th Terrace, Miami, FL 33122",(305) 337-7552,omsholdings.net,not_available,not_available,not_available,Import export company,"RM2C+R3 Miami, Florida",https://www.google.com/maps/place/OMS+HOLDINGS/data=!4m7!3m6!1s0x88d9b945a80ccb97:0x7932b0d544e5b392!8m2!3d25.8020216!4d-80.329855!16s%2Fg%2F11qsnfr69t!19sChIJl8sMqEW52YgRkrPlRNWwMnk?authuser=0&hl=en&rclk=1
Outside Traders Inc - Seu sucesso é o nosso negócio.,not_available,not_available,"8220 NW 30th Terrace Suite 6, Miami, FL 33122",(305) 331-6673,not_available,not_available,not_available,not_available,Import export company,"RM2C+G2 Miami, Florida",https://www.google.com/maps/place/Outside+Traders+Inc+-+Seu+sucesso+%C3%A9+o+nosso+neg%C3%B3cio./data=!4m7!3m6!1s0x88d9b97a8098ec5f:0x74b1aaefb059af1e!8m2!3d25.8013578!4d-80.3299296!16s%2Fg%2F1tht27l_!19sChIJX-yYgHq52YgRHq9ZsO-qsXQ?authuser=0&hl=en&rclk=1
