name,rating,reviews,address,phone,website,hours,email,social_media,category,plus_code,url
Tri County Truck and Trailer Repair Inc,4.4,310,"8000 NW 74th St, Medley, FL 33166",(786) 879-2275,tctruckandtrailer.com,not_available,not_available,not_available,Truck repair shop,"RMRF+49 Medley, Florida",https://www.google.com/maps/place/Tri+County+Truck+and+Trailer+Repair+Inc/data=!4m7!3m6!1s0x88d9bb755711df49:0x56c5f26c4d3994ee!8m2!3d25.8402988!4d-80.3265861!16s%2Fg%2F11f405hfzy!19sChIJSd8RV3W72YgR7pQ5TWzyxVY?authuser=0&hl=en&rclk=1
FLEET MASTERS TRUCK AND TRAILER REPAIR INC,4.7,308,"9875 NW 115th Way, Medley, FL 33178",(800) 443-0388,fleetmasterttr.com,not_available,not_available,not_available,Diesel engine repair service,"VJGV+G2 Medley, Florida",https://www.google.com/maps/place/FLEET+MASTERS+TRUCK+AND+TRAILER+REPAIR+INC/data=!4m7!3m6!1s0x88d9bbedf5b830d5:0xf162eadb60c9dd24!8m2!3d25.8762558!4d-80.3574773!16s%2Fg%2F11jgxbt68s!19sChIJ1TC49e272YgRJN3JYNvqYvE?authuser=0&hl=en&rclk=1
Phoenix Truck Repair,5.0,45,"3724 NW 43rd St, Miami, FL 33142",(305) 930-5589,phoenixtruckrepair1.com,not_available,not_available,not_available,Truck repair shop,"RP7V+H4 Miami, Florida",https://www.google.com/maps/place/Phoenix+Truck+Repair/data=!4m7!3m6!1s0x88d9b100cf6a99b9:0x15820d5f07d84fcb!8m2!3d25.8139633!4d-80.2571522!16s%2Fg%2F11wqqvlhj5!19sChIJuZlqzwCx2YgRy0_YB18NghU?authuser=0&hl=en&rclk=1
"ABC Truck & Trailer Repair, Inc",4.1,49,"7320 NW 58th St, Miami, FL 33166",(305) 930-5589,abctruckrepair.com,not_available,not_available,not_available,Truck repair shop,"RMGM+9C Miami, Florida","https://www.google.com/maps/place/ABC+Truck+%26+Trailer+Repair,+Inc/data=!4m7!3m6!1s0x88d9b1e640cceaa3:0x32ac13f1ca60323d!8m2!3d25.8258992!4d-80.3164723!16s%2Fg%2F11pcwljc_n!19sChIJo-rMQOax2YgRPTJgyvETrDI?authuser=0&hl=en&rclk=1"
"Infinity Truck and Trailer Repair, LLC",4.5,22,"7001 NW 36th Ave Suite B, Miami, FL 33147",(786) 930-0352,infinitytruckrepair.com,not_available,not_available,not_available,Truck repair shop,"RPPV+XX Miami, Florida","https://www.google.com/maps/place/Infinity+Truck+and+Trailer+Repair,+LLC/data=!4m7!3m6!1s0x88d9b1a873e07d8f:0x784c4c6ab77ffe11!8m2!3d25.8374119!4d-80.2550012!16s%2Fg%2F11w9rc8sz7!19sChIJj33gc6ix2YgREf5_t2pMTHg?authuser=0&hl=en&rclk=1"
Mobile Semi Truck Mechanic Medley,5.0,4,"7752 NW 72nd Ave, Medley, FL 33166",(954) 853-7597,mobiletruckmechanicmedley.com,not_available,not_available,not_available,Truck repair shop,"RMVP+R6 Medley, Florida",https://www.google.com/maps/place/Mobile+Semi+Truck+Mechanic+Medley/data=!4m7!3m6!1s0x88d9bb90943dc1b1:0x13a4a993236bbcb7!8m2!3d25.8445351!4d-80.3144635!16s%2Fg%2F11xtjnd2lf!19sChIJscE9lJC72YgRt7xrI5OppBM?authuser=0&hl=en&rclk=1
Machinery Truck Repair,4.7,92,"8145 NW 93rd St, Medley, FL 33166",(305) 305-9614,bestmecanic.blogspot.com,not_available,not_available,not_available,Truck repair shop,"VM59+7R Medley, Florida",https://www.google.com/maps/place/Machinery+Truck+Repair/data=!4m7!3m6!1s0x88d9bba84610f5c1:0x4413183b03a2bb3b!8m2!3d25.8582385!4d-80.3304258!16s%2Fg%2F11bz_1nqwx!19sChIJwfUQRqi72YgRO7uiAzsYE0Q?authuser=0&hl=en&rclk=1
"The Diesel Shop, Inc / TDS Miami",4.9,122,"1569 NW 88th Ave, Doral, FL 33172",(786) 452-1978,tdsmiami.com,Closed ⋅ Opens 7 AM Thu,not_available,not_available,Diesel engine repair service,"QMQ6+8H Doral, Florida","https://www.google.com/maps/place/The+Diesel+Shop,+Inc+%2F+TDS+Miami/data=!4m7!3m6!1s0x88d9b9148e39de01:0x2f8bf2b8dc94faa3!8m2!3d25.7883262!4d-80.3385141!16s%2Fg%2F11c3hw6yjd!19sChIJAd45jhS52YgRo_qU3Ljyiy8?authuser=0&hl=en&rclk=1"
Viera Truck Repair,4.3,65,"8700 NW 93rd St, Medley, FL 33178",(305) 926-5435,not_available,not_available,not_available,not_available,Truck repair shop,"VM56+29 Medley, Florida",https://www.google.com/maps/place/Viera+Truck+Repair/data=!4m7!3m6!1s0x88d9bb0d2e658cf9:0x7e227a65060bcbbf!8m2!3d25.8575046!4d-80.3390221!16s%2Fg%2F11gvs7w508!19sChIJ-YxlLg272YgRv8sLBmV6In4?authuser=0&hl=en&rclk=1
Sarrias Truck Repair,3.5,49,"10022 NW South River Dr, Medley, FL 33166",(305) 305-5272,sarriastruck.com,not_available,not_available,not_available,Truck repair shop,"VM76+VP Medley, Florida",https://www.google.com/maps/place/Sarrias+Truck+Repair/data=!4m7!3m6!1s0x88d9bb0bdda77e77:0x6978ec342fc624f!8m2!3d25.8647186!4d-80.3381867!16s%2Fg%2F1tj7x598!19sChIJd36n3Qu72YgRT2L8QsOOlwY?authuser=0&hl=en&rclk=1
Two Brothers Truck Repair,4.6,61,"8700 NW 93rd St Side, Medley, FL 33166",(305) 824-1944,facebook.com,not_available,not_available,"{""facebook"": ""https://www.facebook.com/twobrotherstruckrepair""}",Truck repair shop,"VM56+29 Medley, Florida",https://www.google.com/maps/place/Two+Brothers+Truck+Repair/data=!4m7!3m6!1s0x88d9bb0d3d3391d9:0x932f2bb5f6360bff!8m2!3d25.8575046!4d-80.3390221!16s%2Fg%2F1thnpkzs!19sChIJ2ZEzPQ272YgR_ws29rUrL5M?authuser=0&hl=en&rclk=1
Diesel Power Truck Services,5.0,75,"7900 NW 67th St, Miami, FL 33166",(786) 718-3943,dieselpowertruckservices.com,not_available,not_available,not_available,Truck repair shop,"RMMF+JH Miami, Florida",https://www.google.com/maps/place/Diesel+Power+Truck+Services/data=!4m7!3m6!1s0x88d9bbcd73fa206b:0x25db88ffa292ce38!8m2!3d25.834016!4d-80.32607!16s%2Fg%2F11gylhgxn9!19sChIJayD6c8272YgROM6Sov-I2yU?authuser=0&hl=en&rclk=1
Bentley Truck Repair Miami,1.0,not_available,"NW 35th Terrace, Miami, FL 33122",(786) 551-4922,bentleytruckrepair.com,not_available,not_available,not_available,Truck repair shop,"RM4H+VV Miami, Florida",https://www.google.com/maps/place/Bentley+Truck+Repair+Miami/data=!4m7!3m6!1s0x88d9b981ede6a92d:0xf259ea7fb826fb33!8m2!3d25.8071857!4d-80.3203164!16s%2Fg%2F11gr376wsn!19sChIJLanm7YG52YgRM_smuH_qWfI?authuser=0&hl=en&rclk=1
Kiki's Truck Maintenance,4.8,33,"9395 NW 109th St, Medley, FL 33178",(305) 609-6197,not_available,not_available,not_available,not_available,Truck repair shop,"VJFX+7M Medley, Florida",https://www.google.com/maps/place/Kiki%27s+Truck+Maintenance/data=!4m7!3m6!1s0x88d9bbc1273cb067:0x39b83439102aabcb!8m2!3d25.873183!4d-80.3508364!16s%2Fg%2F11vdw6sv3b!19sChIJZ7A8J8G72YgRy6sqEDk0uDk?authuser=0&hl=en&rclk=1
Proline Truck Services,4.6,185,"3230 NW 42nd St, Miami, FL 33142",(305) 456-7957,prolineserviceus.com,not_available,not_available,not_available,Truck repair shop,"RQ72+87 Miami, Florida",https://www.google.com/maps/place/Proline+Truck+Services/data=!4m7!3m6!1s0x88d9b0c8e5500001:0xcc8b53888c177385!8m2!3d25.8132553!4d-80.2493604!16s%2Fg%2F11hy9nz_qh!19sChIJAQBQ5ciw2YgRhXMXjIhTi8w?authuser=0&hl=en&rclk=1
"Los Viñaleros Truck Oil Change,Repair And Maintenance",4.7,94,"9530 NW South River Dr, Medley, FL 33166",(786) 973-8927,not_available,not_available,not_available,not_available,Truck repair shop,"VM68+9G Medley, Florida","https://www.google.com/maps/place/Los+Vi%C3%B1aleros+Truck+Oil+Change,Repair+And+Maintenance/data=!4m7!3m6!1s0x88d9bb0817ed1893:0xf46f3b97688a2ebe!8m2!3d25.8609234!4d-80.3337099!16s%2Fg%2F11c2pf8y9x!19sChIJkxjtFwi72YgRvi6KaJc7b_Q?authuser=0&hl=en&rclk=1"
Davila Truck Maintenance,3.3,24,"6402 NW 84th Ave, Miami, FL 33166",(786) 615-7531,not_available,not_available,not_available,not_available,Truck repair shop,"RMJ8+V7 Miami, Florida",https://www.google.com/maps/place/Davila+Truck+Maintenance/data=!4m7!3m6!1s0x88d9b98f62e5034b:0x21d10b0d835e30f7!8m2!3d25.8322155!4d-80.3342651!16s%2Fg%2F11g0k0xtvk!19sChIJSwPlYo-52YgR9zBegw0L0SE?authuser=0&hl=en&rclk=1
Monster Truck Repair,4.6,86,"8960 NW 119th St, Hialeah Gardens, FL 33018",(786) 703-6128,monstertruckrepair.com,not_available,not_available,not_available,Truck repair shop,"VMJ3+CX Hialeah Gardens, Florida",https://www.google.com/maps/place/Monster+Truck+Repair/data=!4m7!3m6!1s0x88d9bb92e849a59f:0xd97f06d8b3b95157!8m2!3d25.8810178!4d-80.3450883!16s%2Fg%2F11fmf3my3r!19sChIJn6VJ6JK72YgRV1G5s9gGf9k?authuser=0&hl=en&rclk=1
"EMPIRE ROAD SEVICE TRUCK,TRAILER AND RV REPAIR",3.5,12,"1506 SW 66th Ct, Miami, FL 33144",(786) 792-9329,not_available,not_available,not_available,not_available,Mechanic,"QM4W+HP Miami, Florida","https://www.google.com/maps/place/EMPIRE+ROAD+SEVICE+TRUCK,TRAILER+AND+RV+REPAIR/data=!4m7!3m6!1s0x88d9b9ff504dad8f:0x374db623ac01fec3!8m2!3d25.756392!4d-80.3031819!16s%2Fg%2F11fl0qf7bp!19sChIJj61NUP-52YgRw_4BrCO2TTc?authuser=0&hl=en&rclk=1"
All Trucks Services,4.0,81,"2955 NW 73rd St, Miami, FL 33147",(786) 615-3942,not_available,not_available,not_available,not_available,Truck repair shop,"RQR4+73 Miami, Florida",https://www.google.com/maps/place/All+Trucks+Services/data=!4m7!3m6!1s0x88d9b0efb08fffff:0xb9dee3c7bea483c1!8m2!3d25.84064!4d-80.2448491!16s%2Fg%2F11gh4m2kwl!19sChIJ__-PsO-w2YgRwYOkvsfj3rk?authuser=0&hl=en&rclk=1
Super Diesel Truck Repair,3.9,11,"9861 NW 117th Way, Medley, FL 33178",(305) 863-8500,not_available,not_available,not_available,not_available,Truck repair shop,"VJHQ+2X Medley, Florida",https://www.google.com/maps/place/Super+Diesel+Truck+Repair/data=!4m7!3m6!1s0x88d9bb6388663e45:0x7bce180c98aa2fc3!8m2!3d25.8775068!4d-80.3600874!16s%2Fg%2F1tdzxjfc!19sChIJRT5miGO72YgRwy-qmAwYzns?authuser=0&hl=en&rclk=1
Serrano Diesel,4.1,23,"1565 NW 88th Ave # A, Doral, FL 33172",(305) 594-3616,not_available,not_available,not_available,not_available,Diesel engine repair service,"QMQ6+7G Doral, Florida",https://www.google.com/maps/place/Serrano+Diesel/data=!4m7!3m6!1s0x88d9b9149b8a4159:0x45a0792de7aeb3e2!8m2!3d25.7882307!4d-80.3387059!16s%2Fg%2F1tvr_j60!19sChIJWUGKmxS52YgR4rOu5y15oEU?authuser=0&hl=en&rclk=1
Emerio Mendez Truck Repair,5.0,not_available,"11200 NW South River Dr, Medley, FL 33178",(305) 863-2323,not_available,not_available,not_available,not_available,Truck repair shop,"VJGW+5F Medley, Florida",https://www.google.com/maps/place/Emerio+Mendez+Truck+Repair/data=!4m7!3m6!1s0x88d9bb6f90958339:0x41a72d7db969b92!8m2!3d25.8754688!4d-80.3537733!16s%2Fg%2F1tmpfr6b!19sChIJOYOVkG-72YgRkpuW29dyGgQ?authuser=0&hl=en&rclk=1
SSJ & P Truck Repair,5.0,2,"9501 NW 106th St, Medley, FL 33178",(305) 562-2491,not_available,not_available,not_available,not_available,Truck repair shop,"VJ9X+WC Medley, Florida",https://www.google.com/maps/place/SSJ+%26+P+Truck+Repair/data=!4m7!3m6!1s0x88d9bb7c80a170d9:0xa6ab66b07b58d286!8m2!3d25.8698469!4d-80.3513975!16s%2Fg%2F11ld_r0ng7!19sChIJ2XChgHy72YgRhtJYe7Bmq6Y?authuser=0&hl=en&rclk=1
Gaby's Fleet Services,4.4,8,"7800 NW 53rd St, Doral, FL 33166",(954) 600-1614,gfsbody.wixsite.com,not_available,not_available,not_available,Truck repair shop,"RMCG+GC Doral, Florida",https://www.google.com/maps/place/Gaby%27s+Fleet+Services/data=!4m7!3m6!1s0x88d9bbd250525c9f:0x5e072cf7093034cb!8m2!3d25.8213559!4d-80.3238784!16s%2Fg%2F1tgff4zn!19sChIJn1xSUNK72YgRyzQwCfcsB14?authuser=0&hl=en&rclk=1
Florida Pro Diesel Inc,4.3,34,"8201 NW 93rd St, Medley, FL 33166",(305) 381-5627,floridaprodiesel.com,not_available,not_available,not_available,Truck repair shop,"VM59+9J Medley, Florida",https://www.google.com/maps/place/Florida+Pro+Diesel+Inc/data=!4m7!3m6!1s0x88d9bba8404307ed:0x50d8d881a9131365!8m2!3d25.8584762!4d-80.3309719!16s%2Fg%2F1tfwf94l!19sChIJ7QdDQKi72YgRZRMTqYHY2FA?authuser=0&hl=en&rclk=1
All Trucks Electric Repairs Inc,4.4,26,"9630 NW South River Dr, Medley, FL 33166",(305) 884-8666,alltruckselectricrepairs.com,not_available,not_available,not_available,Truck repair shop,"VM68+8G Medley, Florida",https://www.google.com/maps/place/All+Trucks+Electric+Repairs+Inc/data=!4m7!3m6!1s0x88d9bb080f5d18a9:0x3ec34c049f7c25fa!8m2!3d25.8608399!4d-80.333708!16s%2Fg%2F11b808mp1y!19sChIJqRhdDwi72YgR-iV8nwRMwz4?authuser=0&hl=en&rclk=1
Truck Repair Shop and Parts Freightliner of Miami,3.5,60,"9900 NW 77th Ave, Hialeah, FL 33016",(305) 652-2336,freightlinermiami.com,not_available,not_available,not_available,Truck repair shop,"VM7G+RF Hialeah, Florida",https://www.google.com/maps/place/Truck+Repair+Shop+and+Parts+Freightliner+of+Miami/data=!4m7!3m6!1s0x88d9bb018363b8d5:0x50fe635c28a00053!8m2!3d25.8646078!4d-80.3238652!16s%2Fg%2F11clzh0kph!19sChIJ1bhjgwG72YgRUwCgKFxj_lA?authuser=0&hl=en&rclk=1
"Commercial Truck Service, Truck Repair - TruckMax Service Department",5.0,2,"6000 NW 77th Ct, Miami, FL 33166",(877) 777-6670,not_available,not_available,not_available,not_available,Truck repair shop,"RMHG+9G Miami, Florida","https://www.google.com/maps/place/Commercial+Truck+Service,+Truck+Repair+-+TruckMax+Service+Department/data=!4m7!3m6!1s0x88d9bbefa7324eff:0x27ea514d4b116ea!8m2!3d25.8283964!4d-80.3237484!16s%2Fg%2F11nmsbd2hz!19sChIJ_04yp--72YgR6hax1BSlfgI?authuser=0&hl=en&rclk=1"
Chirino Truck Performance Service,5.0,4,"7323 NW 46th St, Miami, FL 33166",(786) 768-1481,not_available,not_available,not_available,not_available,Auto air conditioning service,"RM8M+56 Miami, Florida",https://www.google.com/maps/place/Chirino+Truck+Performance+Service/data=!4m7!3m6!1s0x88d9bb9c304d6c3b:0xd0d95438dd592c1b!8m2!3d25.8154811!4d-80.3169041!16s%2Fg%2F11vz7xtf0l!19sChIJO2xNMJy72YgRGyxZ3ThU2dA?authuser=0&hl=en&rclk=1
Best Truck Repair Inc,4.6,38,"9008 NW 119th St, Hialeah Gardens, FL 33018",(305) 362-4438,not_available,not_available,srmshoe@hotmail.com,not_available,Truck repair shop,"VMJ3+GV Hialeah Gardens, Florida",https://www.google.com/maps/place/Best+Truck+Repair+Inc/data=!4m7!3m6!1s0x88d9bb0d27df04d5:0x6c86b15103a6a65b!8m2!3d25.881261!4d-80.3453058!16s%2Fg%2F1tdk1d51!19sChIJ1QTfJw272YgRW6amA1Gxhmw?authuser=0&hl=en&rclk=1
"TruckMax Inc. - Trucks for sale, Parts and Service",4.1,416,"6000 NW 77th Ct, Miami, FL 33166",(786) 419-4802,truckmaxmiami.com,not_available,not_available,not_available,Truck dealer,"RMHG+7X Miami, Florida","https://www.google.com/maps/place/TruckMax+Inc.+-+Trucks+for+sale,+Parts+and+Service/data=!4m7!3m6!1s0x88d9bbccc183ab87:0xdc5ac4369fb92d39!8m2!3d25.8282343!4d-80.3225756!16s%2Fg%2F1tt8d1wx!19sChIJh6uDwcy72YgROS25nzbEWtw?authuser=0&hl=en&rclk=1"
Alex Trucks Weld & Gen Repair,4.3,31,"11350 NW South River Dr STE A, Medley, FL 33178",(305) 805-9226,alextrucks.com,not_available,not_available,not_available,Truck repair shop,"VJGW+G6 Medley, Florida",https://www.google.com/maps/place/Alex+Trucks+Weld+%26+Gen+Repair/data=!4m7!3m6!1s0x88d9bb6f7f03ab6d:0x28cafc0453c64611!8m2!3d25.8763628!4d-80.3544957!16s%2Fg%2F113fcm7y7!19sChIJbasDf2-72YgREUbGUwT8yig?authuser=0&hl=en&rclk=1
King Truck Repair Shop Inc,4.4,14,"12195 NW 99th Ave, Hialeah Gardens, FL 33018",not_available,kingtruckrepairshop.wixsite.com,not_available,not_available,not_available,Truck repair shop,"VJMR+JC Hialeah Gardens, Florida",https://www.google.com/maps/place/King+Truck+Repair+Shop+Inc/data=!4m7!3m6!1s0x88d9bb67418d6109:0xe19ef380768401a2!8m2!3d25.8841057!4d-80.3589643!16s%2Fg%2F11j4fdh3vs!19sChIJCWGNQWe72YgRogGEdoDznuE?authuser=0&hl=en&rclk=1
Mobile Truck Repair Miami,5.0,2,"2940 SW 22nd St, Miami, FL 33145",(786) 977-4631,miamimobiletruckrepair.com,not_available,not_available,not_available,Truck repair shop,"PQX5+X9 Miami, Florida",https://www.google.com/maps/place/Mobile+Truck+Repair+Miami/data=!4m7!3m6!1s0x88d9b77f019ca523:0x7caa5e4be833b478!8m2!3d25.7499097!4d-80.2415346!16s%2Fg%2F11t8b39w2t!19sChIJI6WcAX-32YgReLQz6Eteqnw?authuser=0&hl=en&rclk=1
The Ford Diesel Service,4.8,31,"8230 NW 56th St, Doral, FL 33166",(305) 994-7791,theforddieselservice.com,not_available,not_available,not_available,Diesel engine repair service,"RMF9+JQ Doral, Florida",https://www.google.com/maps/place/The+Ford+Diesel+Service/data=!4m7!3m6!1s0x88d9bbd03c694ed3:0x6524618791638126!8m2!3d25.8240432!4d-80.3306043!16s%2Fg%2F1vd3wlvz!19sChIJ005pPNC72YgRJoFjkYdhJGU?authuser=0&hl=en&rclk=1
Jm Truck Services INC,5.0,5,"9125 NW 96th St, Medley, FL 33178",(786) 281-5736,not_available,not_available,not_available,not_available,Truck repair shop,"VM74+C6 Medley, Florida",https://www.google.com/maps/place/Jm+Truck+Services+INC/data=!4m7!3m6!1s0x88d9bb5a949b807b:0x6bfb4b415aff71e2!8m2!3d25.8635994!4d-80.34441!16s%2Fg%2F11vwpkr4xq!19sChIJe4CblFq72YgR4nH_WkFL-2s?authuser=0&hl=en&rclk=1
Prevez truck repairs.Corp,5.0,2,"11240 NW South River Dr, Medley, FL 33178",not_available,not_available,not_available,not_available,not_available,Truck repair shop,"VJGW+5F Medley, Florida",https://www.google.com/maps/place/Prevez+truck+repairs.Corp/data=!4m7!3m6!1s0x88d9bb1ec8bad7bd:0xdfd358f987759be5!8m2!3d25.8754719!4d-80.353847!16s%2Fg%2F11ssmv0r8w!19sChIJvde6yB672YgR5Zt1h_lY098?authuser=0&hl=en&rclk=1
Tim Halpin Equipment Corporation,4.8,230,"5670 NW 78th Ave, Miami, FL 33166",(305) 591-3164,timhalpin.com,not_available,not_available,not_available,Truck repair shop,"RMGG+29 Miami, Florida",https://www.google.com/maps/place/Tim+Halpin+Equipment+Corporation/data=!4m7!3m6!1s0x88d9bbcd784e61bd:0xe43b21db07b8e63d!8m2!3d25.8250317!4d-80.3240284!16s%2Fg%2F1v_z9q75!19sChIJvWFOeM272YgRPea4B9shO-Q?authuser=0&hl=en&rclk=1
GAW Diesel,4.3,90,"7835 NW 55th St, Doral, FL 33166",(305) 477-5433,not_available,not_available,not_available,not_available,Mechanic,"RMFG+F6 Doral, Florida",https://www.google.com/maps/place/GAW+Diesel/data=!4m7!3m6!1s0x88d9bbd27b4d99d5:0x89894e6d515c0f40!8m2!3d25.8237446!4d-80.3244924!16s%2Fg%2F11gmw8nv9v!19sChIJ1ZlNe9K72YgRQA9cUW1OiYk?authuser=0&hl=en&rclk=1
Mobile Truck Repair of Miami,5.0,3,"7006 NW 23rd Ave, Miami, FL 33125",(786) 977-4631,miamimobiletruckrepair.com,not_available,not_available,not_available,Truck repair shop,"QQQ8+3M Miami, Florida",https://www.google.com/maps/place/Mobile+Truck+Repair+of+Miami/data=!4m7!3m6!1s0x88d9b72fc7d9e3c5:0xea83dd32234999d!8m2!3d25.7876739!4d-80.233289!16s%2Fg%2F11s657z3vw!19sChIJxePZxy-32YgRnZk0ItM9qA4?authuser=0&hl=en&rclk=1
J&L Mechanic,4.4,47,"9861 NW 117th Way, Medley, FL 33178",(786) 412-4205,jlmechanics.com,not_available,not_available,"{""instagram"": ""https://www.instagram.com/jlmechanic_""}",Truck repair shop,"VJHQ+2X Medley, Florida",https://www.google.com/maps/place/J%26L+Mechanic/data=!4m7!3m6!1s0x88d9bb07f89adbbf:0x668fa68903b9e59b!8m2!3d25.877525!4d-80.3600958!16s%2Fg%2F11ddwz60df!19sChIJv9ua-Ae72YgRm-W5A4mmj2Y?authuser=0&hl=en&rclk=1
Diesel Precisión Truck Repair,5.0,2,"9125 NW 96th St, Medley, FL 33178",(786) 440-2644,not_available,not_available,not_available,not_available,Car repair and maintenance service,"VM64+C8 Medley, Florida",https://www.google.com/maps/place/Diesel+Precisi%C3%B3n+Truck+Repair/data=!4m7!3m6!1s0x88d9bbca7bcefdf3:0x8cf2d05310381c5c!8m2!3d25.8610145!4d-80.3442068!16s%2Fg%2F11vrc5yv2n!19sChIJ8_3Oe8q72YgRXBw4EFPQ8ow?authuser=0&hl=en&rclk=1
Power Truck & Trailer Parts LLC,5.0,37,"10250 NW 89th Ave Unit 2, Medley, FL 33178",(305) 570-2090,powersuspension.com,not_available,not_available,not_available,Truck parts supplier,"VM85+Q9 Medley, Florida",https://www.google.com/maps/place/Power+Truck+%26+Trailer+Parts+LLC/data=!4m7!3m6!1s0x88d9bd598fffab7d:0x648a33e52e14d8b1!8m2!3d25.8668841!4d-80.341507!16s%2Fg%2F11qn4_gxb8!19sChIJfav_j1m92YgRsdgULuUzimQ?authuser=0&hl=en&rclk=1
L&M National Equipment Sales– Truck & Fleet Repair | PACCAR Certified,5.0,9,"8201 NW 93rd St, Medley, FL 33166",(786) 245-3307,dieseltechservices.com,not_available,not_available,not_available,Truck repair shop,"VM59+GM Medley, Florida",https://www.google.com/maps/place/L%26M+National+Equipment+Sales%E2%80%93+Truck+%26+Fleet+Repair+%7C+PACCAR+Certified/data=!4m7!3m6!1s0x88d9bba156aa2c3f:0x6c2aee5be4819620!8m2!3d25.8588019!4d-80.3308415!16s%2Fg%2F11kq7gbftl!19sChIJPyyqVqG72YgRIJaB5FvuKmw?authuser=0&hl=en&rclk=1
Maximum Power Inc,4.9,10,"3920 NW 37th Ave, Miami, FL 33142",(305) 638-0007,not_available,not_available,not_available,not_available,Truck repair shop,"RP6V+M6 Miami, Florida",https://www.google.com/maps/place/Maximum+Power+Inc/data=!4m7!3m6!1s0x88d9b0b5ac241731:0xe1f827610cbc3aab!8m2!3d25.811629!4d-80.256899!16s%2Fg%2F1tgqk6kb!19sChIJMRckrLWw2YgRqzq8DGEn-OE?authuser=0&hl=en&rclk=1
Miami Mobile Truck Repair (Semi's Only),5.0,3,"725 NW 21st St, Miami, FL 33127",(786) 977-4631,miamimobiletruckrepair.com,not_available,not_available,not_available,Truck repair shop,"QQWR+HX Miami, Florida",https://www.google.com/maps/place/Miami+Mobile+Truck+Repair+%28Semi%27s+Only%29/data=!4m7!3m6!1s0x88d9b71e7d8e57ed:0xeb0907dd8d3c0a99!8m2!3d25.796407!4d-80.207602!16s%2Fg%2F11t9jtxk4y!19sChIJ7VeOfR632YgRmQo8jd0HCes?authuser=0&hl=en&rclk=1
Fast Prime Diesel Repair,5.0,not_available,"1543 NW 79th Ave, Miami, FL 33126",(786) 266-9796,commercialtrucktrader.com,not_available,not_available,not_available,Diesel engine repair service,"QMQG+CV Miami, Florida",https://www.google.com/maps/place/Fast+Prime+Diesel+Repair/data=!4m7!3m6!1s0x88d9b9fee46c8d1b:0x260c1e2ab5bec57a!8m2!3d25.788609!4d-80.322839!16s%2Fg%2F11rktwdxm6!19sChIJG41s5P652YgResW-tSoeDCY?authuser=0&hl=en&rclk=1
JC Diesel Mechanic Inc.,4.3,12,"8265 NW 93rd St, Medley, FL 33166",(347) 942-5470,not_available,not_available,jc-delgadillo@hotmail.com,not_available,Truck repair shop,"VM59+77 Medley, Florida",https://www.google.com/maps/place/JC+Diesel+Mechanic+Inc./data=!4m7!3m6!1s0x88d9bb25bda46b3b:0xdcd7b98a42f9a7f0!8m2!3d25.858147!4d-80.331864!16s%2Fg%2F11vwxvj7d0!19sChIJO2ukvSW72YgR8Kf5Qoq519w?authuser=0&hl=en&rclk=1
Diesel Truck & Parts,5.0,3,"8524 NW 61st St, Miami, FL 33166",(305) 599-1411,not_available,not_available,not_available,not_available,Truck repair shop,"RMH7+GJ Miami, Florida",https://www.google.com/maps/place/Diesel+Truck+%26+Parts/data=!4m7!3m6!1s0x88d9bbc444b6d895:0x14c8869c59451d35!8m2!3d25.8287539!4d-80.3359595!16s%2Fg%2F1tcv73jl!19sChIJldi2RMS72YgRNR1FWZyGyBQ?authuser=0&hl=en&rclk=1
NKR DIESEL PARTS - ISUZU TRUCK PART SPECIALISTS,4.7,146,"7853 NW 46th St, Miami, FL 33166",(305) 400-0411,nkrdieselparts.com,not_available,info@nkrdieselparts.com,not_available,Truck parts supplier,"RM8F+5W Miami, Florida",https://www.google.com/maps/place/NKR+DIESEL+PARTS+-+ISUZU+TRUCK+PART+SPECIALISTS/data=!4m7!3m6!1s0x88d9bb3a94887b71:0x6d2d24eb7112328b!8m2!3d25.8154026!4d-80.3251268!16s%2Fg%2F11b7g1wvcj!19sChIJcXuIlDq72YgRizISceskLW0?authuser=0&hl=en&rclk=1
Palmetto Freightliner,4.9,14,"7245 NW 36th St, Miami, FL 33166",(305) 592-3673,palmettofreightliner.com,not_available,not_available,not_available,Truck repair shop,"RM6P+56 Miami, Florida",https://www.google.com/maps/place/Palmetto+Freightliner/data=!4m7!3m6!1s0x88d9b95781e1463d:0xe1aeab63eb5e2fd6!8m2!3d25.8103869!4d-80.3144775!16s%2Fg%2F11tp2sj8_f!19sChIJPUbhgVe52YgR1i9e62OrruE?authuser=0&hl=en&rclk=1
One Way Diesel,4.4,85,"3730 NW 71st St, Miami, FL 33147",(305) 836-8813,onewaydiesel.com,not_available,not_available,not_available,Truck repair shop,"RPQR+5M Miami, Florida",https://www.google.com/maps/place/One+Way+Diesel/data=!4m7!3m6!1s0x88d9b0938c5eb255:0xf945efb89d6adf88!8m2!3d25.8379493!4d-80.2583528!16s%2Fg%2F1tfh5g6h!19sChIJVbJejJOw2YgRiN9qnbjvRfk?authuser=0&hl=en&rclk=1
Medley's Truck Center,3.4,5,"NW South River Dr, Medley, FL 33178",(305) 510-9035,not_available,not_available,not_available,not_available,Truck repair shop,"VJGW+49 Medley, Florida",https://www.google.com/maps/place/Medley%27s+Truck+Center/data=!4m7!3m6!1s0x88d9bb6fa51132ed:0x8e3fe96b44b3e6b7!8m2!3d25.8752869!4d-80.3540398!16s%2Fg%2F11bz_49sgj!19sChIJ7TIRpW-72YgRt-azRGvpP44?authuser=0&hl=en&rclk=1
Fleet Technology & Maintenance Corporation,4.6,16,"8500 NW 64th St, Miami, FL 33166",not_available,not_available,not_available,not_available,not_available,Truck repair shop,"RMJ7+GG Miami, Florida",https://www.google.com/maps/place/Fleet+Technology+%26+Maintenance+Corporation/data=!4m7!3m6!1s0x88d9bbc69d8ff42f:0x88650cf4d986140a!8m2!3d25.831306!4d-80.3361358!16s%2Fg%2F1tcwmc7v!19sChIJL_SPnca72YgRChSG2fQMZYg?authuser=0&hl=en&rclk=1
"Jack Lyons Truck Parts, Inc.",4.3,67,"8482 NW 96th St, Medley, FL 33166",(305) 884-4222,jltp.com,not_available,not_available,not_available,Truck repair shop,"VM67+3J Medley, Florida","https://www.google.com/maps/place/Jack+Lyons+Truck+Parts,+Inc./data=!4m7!3m6!1s0x88d9bba762db633d:0x678dfeb66efd3e8!8m2!3d25.860222!4d-80.335997!16s%2Fg%2F1tfjly9s!19sChIJPWPbYqe72YgR6NPvZuvfeAY?authuser=0&hl=en&rclk=1"
Mauru’s Truck & Car Repair Service,3.8,16,"9101 W Okeechobee Rd, Hialeah Gardens, FL 33016",(786) 451-2351,not_available,not_available,not_available,not_available,Truck repair shop,"VM4G+Q9 Hialeah Gardens, Florida",https://www.google.com/maps/place/Mauru%E2%80%99s+Truck+%26+Car+Repair+Service/data=!4m7!3m6!1s0x88d9bba956a95211:0x4ae246b44c8e0815!8m2!3d25.8569074!4d-80.324009!16s%2Fg%2F11ghtgd9vw!19sChIJEVKpVqm72YgRFQiOTLRG4ko?authuser=0&hl=en&rclk=1
Semi Truck Parts and Services Inc,5.0,4,"9135 NW 96th St, Medley, FL 33178",(561) 690-8550,not_available,not_available,not_available,not_available,Truck repair shop,"VM64+C7 Medley, Florida",https://www.google.com/maps/place/Semi+Truck+Parts+and+Services+Inc/data=!4m7!3m6!1s0x88d9bb7ac58ae923:0x711ee14e554f654a!8m2!3d25.8610858!4d-80.3443522!16s%2Fg%2F11q85_l1nd!19sChIJI-mKxXq72YgRSmVPVU7hHnE?authuser=0&hl=en&rclk=1
Truck City Body Corporation Inc,4.8,5,"10660 NW South River Dr, Medley, FL 33178",(305) 863-9209,not_available,not_available,not_available,not_available,Truck repair shop,"VMC3+6G Medley, Florida",https://www.google.com/maps/place/Truck+City+Body+Corporation+Inc/data=!4m7!3m6!1s0x88d9bb72e4059311:0xb8d31058abcc92d4!8m2!3d25.8705431!4d-80.34625!16s%2Fg%2F1tg5vw2c!19sChIJEZMF5HK72YgR1JLMq1gQ07g?authuser=0&hl=en&rclk=1
Rivero's Road Service Llc,4.2,5,"781 W 36th St, Hialeah, FL 33012",(786) 343-5417,not_available,not_available,not_available,not_available,Truck repair shop,"VP32+RP Hialeah, Florida",https://www.google.com/maps/place/Rivero%27s+Road+Service+Llc/data=!4m7!3m6!1s0x88d9bb20994a5ea3:0x26954476953d38c7!8m2!3d25.854572!4d-80.2981411!16s%2Fg%2F11nt3jgvv1!19sChIJo15KmSC72YgRxzg9lXZElSY?authuser=0&hl=en&rclk=1
Diesel Components Corporation,4.2,12,"1490 NW 79th Ave, Doral, FL 33126",(305) 470-1870,not_available,not_available,not_available,not_available,Truck repair shop,"QMQG+67 Doral, Florida",https://www.google.com/maps/place/Diesel+Components+Corporation/data=!4m7!3m6!1s0x88d9b90b1f138ab9:0xec2a0c2086b29e08!8m2!3d25.7880188!4d-80.3243703!16s%2Fg%2F1tmgd6xm!19sChIJuYoTHwu52YgRCJ6yhiAMKuw?authuser=0&hl=en&rclk=1
Exclusive Fleet Services,4.2,5,"8295 NW 93rd St, Medley, FL 33166",(305) 879-7861,not_available,not_available,not_available,not_available,Truck repair shop,"VM59+73 Medley, Florida",https://www.google.com/maps/place/Exclusive+Fleet+Services/data=!4m7!3m6!1s0x88d9addc7a516df1:0x3c496ec45a185ab7!8m2!3d25.858178!4d-80.3322536!16s%2Fg%2F11bzx33m2f!19sChIJ8W1Retyt2YgRt1oYWsRuSTw?authuser=0&hl=en&rclk=1
J & H Truck Repair,4.7,14,"8960 Northwest 119th Street BAY B 8960 NW 119 ST HIALEAH GARDENS, 8960 NW 119th St, Hialeah, FL 33018",(786) 759-4946,not_available,not_available,not_available,not_available,Truck repair shop,"VMJ3+CX Hialeah, Florida",https://www.google.com/maps/place/J+%26+H+Truck+Repair/data=!4m7!3m6!1s0x88d9bb6b18a34943:0xbe7b10181f993487!8m2!3d25.8810178!4d-80.3450883!16s%2Fg%2F1td4qhw0!19sChIJQ0mjGGu72YgRhzSZHxgQe74?authuser=0&hl=en&rclk=1
discount truck center,not_available,not_available,"6000 NW 77th Ct, Miami, FL 33166",(305) 219-0750,not_available,not_available,not_available,not_available,Truck repair shop,"RMHG+9G Miami, Florida",https://www.google.com/maps/place/discount+truck+center/data=!4m7!3m6!1s0x88d9bbccf3ff3efb:0xca1bbb71ab251dbf!8m2!3d25.8284044!4d-80.3237425!16s%2Fg%2F11gsltllb7!19sChIJ-z7_88y72YgRvx0lq3G7G8o?authuser=0&hl=en&rclk=1
"Fleet Services by Cox Automotive, Medley",4.4,29,"10660 NW South River Dr, Medley, FL 33178",(305) 863-9208,coxautoinc.com,not_available,not_available,not_available,Truck repair shop,"VMC3+6G Medley, Florida","https://www.google.com/maps/place/Fleet+Services+by+Cox+Automotive,+Medley/data=!4m7!3m6!1s0x88d9bbc66a022315:0xaa1431fc32cc1d54!8m2!3d25.8705431!4d-80.34625!16s%2Fg%2F11c5_n5522!19sChIJFSMCasa72YgRVB3MMvwxFKo?authuser=0&hl=en&rclk=1"
RAPID 3T CUSTOMS - SUSPENSION AND PERFORMANCE SPECIALISTS,4.7,255,"72 W 21st St, Hialeah, FL 33010",(786) 420-5862,r3tcustoms.com,not_available,not_available,not_available,Truck repair shop,"RPR8+6J Hialeah, Florida",https://www.google.com/maps/place/RAPID+3T+CUSTOMS+-+SUSPENSION+AND+PERFORMANCE+SPECIALISTS/data=!4m7!3m6!1s0x88d9ba714125f7ab:0xa3d9840e1c9bc11d!8m2!3d25.8405853!4d-80.2833818!16s%2Fg%2F1w0p6fj7!19sChIJq_clQXG62YgRHcGbHA6E2aM?authuser=0&hl=en&rclk=1
Atlantic Truck Parts & Equipment,4.9,31,"7895 NW 56th St, Doral, FL 33166",(305) 593-7074,atlantictruck.com,not_available,not_available,not_available,Truck accessories store,"RMFF+RR Doral, Florida",https://www.google.com/maps/place/Atlantic+Truck+Parts+%26+Equipment/data=!4m7!3m6!1s0x88d9bbcd8acba3b5:0x7c6e262e7cb29a75!8m2!3d25.8245552!4d-80.3254139!16s%2Fg%2F1td0tpt9!19sChIJtaPLis272YgRdZqyfC4mbnw?authuser=0&hl=en&rclk=1
Rechtien International Trucks and Idealease of South Florida,3.9,370,"7227 NW 74th Ave, Miami, FL 33166",(305) 888-0111,rechtien.com,not_available,not_available,not_available,Truck dealer,"RMQJ+RW Miami, Florida",https://www.google.com/maps/place/Rechtien+International+Trucks+and+Idealease+of+South+Florida/data=!4m7!3m6!1s0x88d9ba4bb34c9365:0xbdbd891abd0160b0!8m2!3d25.8395978!4d-80.3176828!16s%2Fg%2F1tdkyh22!19sChIJZZNMs0u62YgRsGABvRqJvb0?authuser=0&hl=en&rclk=1
Sima trailer & equipment repair Corp,5.0,14,"8600 NW South River Dr, Medley, FL 33166",(786) 241-0757,not_available,not_available,not_available,not_available,Trailer repair shop,"VM2H+8G Medley, Florida",https://www.google.com/maps/place/Sima+trailer+%26+equipment+repair+Corp/data=!4m7!3m6!1s0x88d9bbec7e1c73f1:0xbfc0f0495c29149!8m2!3d25.8507692!4d-80.3211357!16s%2Fg%2F11j1_dw0ft!19sChIJ8XMcfuy72YgRSZHClQQP_As?authuser=0&hl=en&rclk=1
Bayona Trucks And Trailer | Truck Parts,4.6,199,"6301 NW 74th Ave, Miami, FL 33166",(305) 629-9094,bayonaheavytruck.com,not_available,not_available,not_available,Auto parts store,"RMJJ+CX Miami, Florida",https://www.google.com/maps/place/Bayona+Trucks+And+Trailer+%7C+Truck+Parts/data=!4m7!3m6!1s0x88d9ba341e59a491:0x71ff66994048f2bd!8m2!3d25.8310163!4d-80.3175241!16s%2Fg%2F1v_nd9fv!19sChIJkaRZHjS62YgRvfJIQJlm_3E?authuser=0&hl=en&rclk=1
SSR Diesel Repairs,4.0,115,"1553 W 40th St, Hialeah, FL 33012",(305) 556-3300,dieselinjectionzone.com,not_available,not_available,not_available,Diesel engine repair service,"VM5P+8F Hialeah, Florida",https://www.google.com/maps/place/SSR+Diesel+Repairs/data=!4m7!3m6!1s0x88d9ba5624e18ac9:0xaf4e7352a0797479!8m2!3d25.8582533!4d-80.3138447!16s%2Fg%2F1tfqb0kv!19sChIJyYrhJFa62YgReXR5oFJzTq8?authuser=0&hl=en&rclk=1
Doral Acura Service Center,4.9,282,"10455 NW 12th St Suite #100, Doral, FL 33172",(786) 408-0866,doralacura.com,not_available,deandumetz@lithia.com,not_available,Auto repair shop,"QJMP+6C Doral, Florida",https://www.google.com/maps/place/Doral+Acura+Service+Center/data=!4m7!3m6!1s0x88d9b9d674ec09c3:0x5e370b65a5d393b5!8m2!3d25.7830875!4d-80.3639126!16s%2Fg%2F11td3x44qw!19sChIJwwnsdNa52YgRtZPTpWULN14?authuser=0&hl=en&rclk=1
"Bentley Truck Services, Inc.",4.4,33,"3555 NW 77th Ave, Miami, FL 33122",(305) 477-3031,bentleytruckservices.com,not_available,not_available,not_available,Truck dealer,"RM4H+VX Miami, Florida","https://www.google.com/maps/place/Bentley+Truck+Services,+Inc./data=!4m7!3m6!1s0x88d9b9827c9b12c3:0xb78f1e9e3dc6772e!8m2!3d25.8071469!4d-80.3200136!16s%2Fg%2F12lkxlvtr!19sChIJwxKbfIK52YgRLnfGPZ4ej7c?authuser=0&hl=en&rclk=1"
Babco Truck Bodies Engineering and Design,4.8,33,"5150 NW 72nd Ave, Miami, FL 33166",(305) 777-9035,babcotruckbodies.com,not_available,not_available,not_available,Truck dealer,"RMCP+69 Miami, Florida",https://www.google.com/maps/place/Babco+Truck+Bodies+Engineering+and+Design/data=!4m7!3m6!1s0x88d9bbcc5f4d06b7:0xf0bd97bc3c14addf!8m2!3d25.8205181!4d-80.3141131!16s%2Fg%2F11c14jhy7w!19sChIJtwZNX8y72YgR360UPLyXvfA?authuser=0&hl=en&rclk=1
JR Fleet llc,5.0,6,"2400 W 6th Ln, Hialeah, FL 33010",(786) 251-4695,jrfleet.com,not_available,not_available,not_available,Truck repair shop,"RPV3+FQ Hialeah, Florida",https://www.google.com/maps/place/JR+Fleet+llc/data=!4m7!3m6!1s0x88d9ba68facc07ef:0xcadcc655df0ea71!8m2!3d25.8436514!4d-80.2955869!16s%2Fg%2F1jkxy4lb4!19sChIJ7wfM-mi62YgRcerwXWXMrQw?authuser=0&hl=en&rclk=1
Albert Roservi Inc,5.0,not_available,"7327 NW 79th Terrace, Medley, FL 33166",(786) 400-4952,not_available,not_available,not_available,not_available,Truck repair shop,"RMWM+96 Medley, Florida",https://www.google.com/maps/place/Albert+Roservi+Inc/data=!4m7!3m6!1s0x88d9bb7293846f4f:0x97ffd5817091e224!8m2!3d25.8459671!4d-80.3169625!16s%2Fg%2F11vbgwr0hk!19sChIJT2-Ek3K72YgRJOKRcIHV_5c?authuser=0&hl=en&rclk=1
Lube To Go Inc,4.3,67,"9001 NW 97th Terrace STE D, Medley, FL 33178",(305) 805-7080,lubetogo.net,not_available,not_available,not_available,Truck repair shop,"VM74+4F Medley, Florida",https://www.google.com/maps/place/Lube+To+Go+Inc/data=!4m7!3m6!1s0x88d9bb7532b8d2af:0xbd48ba9d3d8a3cf6!8m2!3d25.8628137!4d-80.3438518!16s%2Fg%2F1td72tb3!19sChIJr9K4MnW72YgR9jyKPZ26SL0?authuser=0&hl=en&rclk=1
Hydradyne | Truck Center,4.5,4,"8501 NW 64th St, Miami, FL 33166",(305) 592-8735,hydradynellc.com,not_available,not_available,not_available,Truck repair shop,"RMJ7+RH Miami, Florida",https://www.google.com/maps/place/Hydradyne+%7C+Truck+Center/data=!4m7!3m6!1s0x88d9bbc69198e1b7:0xfbb2abe251acea2!8m2!3d25.8321229!4d-80.3361002!16s%2Fg%2F11g9dvdrc2!19sChIJt-GYkca72YgRos4aJb4quw8?authuser=0&hl=en&rclk=1
Nilo Electric Repair Corporation,4.7,46,"8267 NW 93rd St, Medley, FL 33166",(305) 558-9933,not_available,not_available,not_available,not_available,Truck repair shop,"VM59+86 Medley, Florida",https://www.google.com/maps/place/Nilo+Electric+Repair+Corporation/data=!4m7!3m6!1s0x88d9bbe581c324d7:0x61fc4e9a1d916b!8m2!3d25.8583346!4d-80.3319107!16s%2Fg%2F11ghs31439!19sChIJ1yTDgeW72YgRa5Edmk78YQA?authuser=0&hl=en&rclk=1
"European Autoworks of Miami, Inc.",4.0,13,"7835 NW 53rd St F, Doral, FL 33166",(786) 443-5011,not_available,not_available,not_available,not_available,Auto repair shop,"RMCG+X5 Doral, Florida","https://www.google.com/maps/place/European+Autoworks+of+Miami,+Inc./data=!4m7!3m6!1s0x88d9bbd250525c9f:0xdc9dbb4df2445124!8m2!3d25.8223854!4d-80.3245405!16s%2Fg%2F1tfp37sk!19sChIJn1xSUNK72YgRJFFE8k27ndw?authuser=0&hl=en&rclk=1"
M T Paint & Body Shop Corporation,4.2,10,"5091 NW 79th Ave A, Doral, FL 33166",(305) 591-3307,not_available,not_available,not_available,not_available,Truck repair shop,"RM9G+V9 Doral, Florida",https://www.google.com/maps/place/M+T+Paint+%26+Body+Shop+Corporation/data=!4m7!3m6!1s0x88d9bbd3ed213625:0x51886caef95994d9!8m2!3d25.8197207!4d-80.3240384!16s%2Fg%2F1w2yvpnz!19sChIJJTYh7dO72YgR2ZRZ-a5siFE?authuser=0&hl=en&rclk=1
Rafael Welding General Repair,4.8,12,"11232 NW South River Dr #1137, Medley, FL 33178",(786) 691-8537,rafaelweldinggeneralrepairinc.com,not_available,not_available,not_available,Auto body shop,"VJGW+5G Medley, Florida",https://www.google.com/maps/place/Rafael+Welding+General+Repair/data=!4m7!3m6!1s0x88d9bb6f9ff09b83:0x11e108b581f841e4!8m2!3d25.8754657!4d-80.3536747!16s%2Fg%2F1tp_75x7!19sChIJg5vwn2-72YgR5EH4gbUI4RE?authuser=0&hl=en&rclk=1
R&P Miami Auto Conversion,4.6,46,"5141 NW 79th Ave Unit 4C, Doral, FL 33166",(786) 239-7721,rypmiamiauto.com,not_available,not_available,not_available,Truck repair shop,"RMCG+2G Doral, Florida",https://www.google.com/maps/place/R%26P+Miami+Auto+Conversion/data=!4m7!3m6!1s0x88d9bb872c13664d:0xd01aa8ed9c3f2528!8m2!3d25.8200748!4d-80.3236993!16s%2Fg%2F11tt14jdmz!19sChIJTWYTLIe72YgRKCU_nO2oGtA?authuser=0&hl=en&rclk=1
The Peterbilt Store - Miami,4.1,61,"8440 NW 58th St, Doral, FL 33166",(786) 785-4400,thepetestore.com,not_available,feedback@thepetestore.com,not_available,Truck parts supplier,"RMG8+94 Doral, Florida",https://www.google.com/maps/place/The+Peterbilt+Store+-+Miami/data=!4m7!3m6!1s0x88d9bb0126f660b7:0xef42add1b456f3a9!8m2!3d25.825983!4d-80.3347119!16s%2Fg%2F11h6gwx5q2!19sChIJt2D2JgG72YgRqfNWtNGtQu8?authuser=0&hl=en&rclk=1
M M Truck Repair Inc,not_available,not_available,"9811 NW 115th Way, Medley, FL 33178",(305) 889-2061,not_available,not_available,not_available,not_available,Truck repair shop,"VJGR+FW Medley, Florida",https://www.google.com/maps/place/M+M+Truck+Repair+Inc/data=!4m7!3m6!1s0x88d9bb6595c67a57:0xdef0c231414a4415!8m2!3d25.8762029!4d-80.3576729!16s%2Fg%2F1thxlwdt!19sChIJV3rGlWW72YgRFURKQTHC8N4?authuser=0&hl=en&rclk=1
"Fleet Services by Cox Automotive, Miami",5.0,5,"8500 NW 64th St, Miami, FL 33166",(305) 883-2999,coxautoinc.com,not_available,not_available,not_available,Truck repair shop,"RMJ7+GG Miami, Florida","https://www.google.com/maps/place/Fleet+Services+by+Cox+Automotive,+Miami/data=!4m7!3m6!1s0x88d9bbdd97fd3ca9:0x4ddd239eaf994985!8m2!3d25.8312626!4d-80.336135!16s%2Fg%2F11j3s1bh9t!19sChIJqTz9l9272YgRhUmZr54j3U0?authuser=0&hl=en&rclk=1"
Karnage Motorsports | Jeep and 4x4 Shop,4.9,259,"8600 NW South River Dr #1, Miami, FL 33166",(305) 609-4747,karnagemotorsports.com,not_available,not_available,not_available,Auto repair shop,"VM2H+4Q Miami, Florida",https://www.google.com/maps/place/Karnage+Motorsports+%7C+Jeep+and+4x4+Shop/data=!4m7!3m6!1s0x88d9bbcd7bd993c5:0x836bb4caff6c7f08!8m2!3d25.8503423!4d-80.3205493!16s%2Fg%2F1jglvqkxm!19sChIJxZPZe8272YgRCH9s_8q0a4M?authuser=0&hl=en&rclk=1
All Auto Tech Inc - Auto Repair Doral,4.6,83,"2379 NW 97th Ave, Doral, FL 33172",(305) 482-0202,allautotech.com,not_available,not_available,not_available,Auto repair shop,"QJWW+7W Doral, Florida",https://www.google.com/maps/place/All+Auto+Tech+Inc+-+Auto+Repair+Doral/data=!4m7!3m6!1s0x88d9b0518778e403:0xfedcf7782970e714!8m2!3d25.795641!4d-80.3526839!16s%2Fg%2F1tdr435m!19sChIJA-R4h1Gw2YgRFOdwKXj33P4?authuser=0&hl=en&rclk=1
Precision Wheel Alignment & Balancing,4.4,148,"9871 NW 117th Way, Medley, FL 33178",(305) 319-2725,not_available,not_available,not_available,not_available,Wheel alignment service,"VJGQ+RM Medley, Florida",https://www.google.com/maps/place/Precision+Wheel+Alignment+%26+Balancing/data=!4m7!3m6!1s0x88d9bb0d3ab1a277:0x7a09f4bbabc57fb7!8m2!3d25.877027!4d-80.360824!16s%2Fg%2F11c5s7sc90!19sChIJd6KxOg272YgRt3_Fq7v0CXo?authuser=0&hl=en&rclk=1
Empire RV and truck repair,not_available,not_available,"325 Majorca Ave, Coral Gables, FL 33134",(786) 449-1437,empiretruckandrv.com,not_available,not_available,not_available,RV repair shop,"QP4Q+48 Coral Gables, Florida",https://www.google.com/maps/place/Empire+RV+and+truck+repair/data=!4m7!3m6!1s0x88d9b7949f02ea89:0xd285a967ff122c12!8m2!3d25.7553244!4d-80.2617211!16s%2Fg%2F11t70d1x85!19sChIJieoCn5S32YgREiwS_2ephdI?authuser=0&hl=en&rclk=1
Russo Tires,4.5,749,"8300 NW 58th St, Doral, FL 33166",(305) 513-4501,russotires.com,not_available,not_available,not_available,Auto repair shop,"RMG9+69 Doral, Florida",https://www.google.com/maps/place/Russo+Tires/data=!4m7!3m6!1s0x88d9bbcfe872494f:0xe4ce93fd3e2e9fe2!8m2!3d25.8256195!4d-80.3315376!16s%2Fg%2F1pzsvhhb7!19sChIJT0ly6M-72YgR4p8uPv2TzuQ?authuser=0&hl=en&rclk=1
"STEERING REPAIR SOLUTIONS, INC",4.8,17,"1779 W 40th St, Hialeah, FL 33012",(786) 443-2978,steeringrepairtrucks.com,not_available,not_available,not_available,Truck repair shop,"VM5J+9R Hialeah, Florida","https://www.google.com/maps/place/STEERING+REPAIR+SOLUTIONS,+INC/data=!4m7!3m6!1s0x88d9ba559a2e56f5:0x673dcb010ed8c9f2!8m2!3d25.8583779!4d-80.3179726!16s%2Fg%2F11b7c9jh0x!19sChIJ9VYumlW62YgR8snYDgHLPWc?authuser=0&hl=en&rclk=1"
Commercial Trucks Miami - Trucks for sale,5.0,not_available,"6000 NW 77th Ct, Miami, FL 33166",(305) 508-5010,commercialtrucksmiami.com,not_available,not_available,not_available,Truck dealer,"RMHG+8F Miami, Florida",https://www.google.com/maps/place/Commercial+Trucks+Miami+-+Trucks+for+sale/data=!4m7!3m6!1s0x88d9bbccf3ff3efb:0xe25730c08c1053fb!8m2!3d25.8283486!4d-80.3237945!16s%2Fg%2F11h4cg63n6!19sChIJ-z7_88y72YgR-1MQjMAwV-I?authuser=0&hl=en&rclk=1
Nextran Truck Centers,4.2,157,"6801 NW 74th Ave, Miami, FL 33166",(305) 883-8506,nextranusa.com,not_available,not_available,not_available,Truck dealer,"RMPM+92 Miami, Florida",https://www.google.com/maps/place/Nextran+Truck+Centers/data=!4m7!3m6!1s0x88d9ba4a715a1445:0xf6fef56e2d21630b!8m2!3d25.8359423!4d-80.3174995!16s%2Fg%2F1tdlw1zd!19sChIJRRRacUq62YgRC2MhLW71_vY?authuser=0&hl=en&rclk=1
American Smart Services & Parts,not_available,not_available,"9950 NW South River Dr, Medley, FL 33166",(786) 333-5550,americansmartservices.com,not_available,not_available,not_available,Truck repair shop,"VM76+GV Medley, Florida",https://www.google.com/maps/place/American+Smart+Services+%26+Parts/data=!4m7!3m6!1s0x88d9b95749feda57:0x6eac84de08eafa79!8m2!3d25.8638109!4d-80.3378649!16s%2Fg%2F11nn2thc_0!19sChIJV9r-SVe52YgRefrqCN6ErG4?authuser=0&hl=en&rclk=1
Florida Detroit Diesel Allison,4.0,96,"2277 NW 14th St, Miami, FL 33125",(305) 638-5300,fdda.com,not_available,not_available,not_available,Truck repair shop,"QQQ8+8Q Miami, Florida",https://www.google.com/maps/place/Florida+Detroit+Diesel+Allison/data=!4m7!3m6!1s0x88d9b720b065766f:0xe4ffef8d0256bae5!8m2!3d25.7883!4d-80.2330788!16s%2Fg%2F1tg5_fkk!19sChIJb3ZlsCC32YgR5bpWAo3v_-Q?authuser=0&hl=en&rclk=1
Radiators Kingdom Truck Parts,5.0,141,"8588 NW 56th St, Doral, FL 33166",(786) 337-2276,radiatorskingdom.com,not_available,not_available,not_available,Auto parts store,"RMF7+M9 Doral, Florida",https://www.google.com/maps/place/Radiators+Kingdom+Truck+Parts/data=!4m7!3m6!1s0x88d9bb003f564f15:0xa0c7327c7a569b6d!8m2!3d25.8241361!4d-80.3365123!16s%2Fg%2F11vymf9ngc!19sChIJFU9WPwC72YgRbZtWenwyx6A?authuser=0&hl=en&rclk=1
ROCO 4X4,4.7,105,"1525 NW 93rd Ave, Doral, FL 33172",(305) 392-6808,roco4x4.com,not_available,not_available,not_available,Car accessories store,"QMQ3+CH Doral, Florida",https://www.google.com/maps/place/ROCO+4X4/data=!4m7!3m6!1s0x88d9ba2d774bdf19:0xca83fe3b30e21c79!8m2!3d25.7886039!4d-80.3460959!16s%2Fg%2F1tfstpbd!19sChIJGd9Ldy262YgReRziMDv-g8o?authuser=0&hl=en&rclk=1
Torino Trailer Services,3.9,234,"5045 NW 79th Ave, Miami, FL 33166",(305) 592-1917,torino.qpg.com,not_available,not_available,not_available,Trailer repair shop,"RM9G+MW Miami, Florida",https://www.google.com/maps/place/Torino+Trailer+Services/data=!4m7!3m6!1s0x88d9bbd367e53ae9:0x3ee1dc4c2b26e33e!8m2!3d25.8191423!4d-80.3227439!16s%2Fg%2F1tsyk_8v!19sChIJ6TrlZ9O72YgRPuMmK0zc4T4?authuser=0&hl=en&rclk=1
Beacon Auto Care,4.6,134,"8701 NW 13th Terrace, Doral, FL 33172",(305) 471-8400,beaconauto.net,not_available,not_available,not_available,Car repair and maintenance service,"QMP7+64 Doral, Florida",https://www.google.com/maps/place/Beacon+Auto+Care/data=!4m7!3m6!1s0x88d9b913ec4adab7:0x9c249c985ea91a7e!8m2!3d25.785509!4d-80.337156!16s%2Fg%2F1wfcpyt_!19sChIJt9pK7BO52YgRfhqpXpicJJw?authuser=0&hl=en&rclk=1
Great Dane Miami,4.6,67,"3130 NW 79th Ave, Doral, FL 33122",(305) 592-0580,greatdane.com,not_available,not_available,not_available,Trailer dealer,"RM3F+5M Doral, Florida",https://www.google.com/maps/place/Great+Dane+Miami/data=!4m7!3m6!1s0x88d9b9798e8f00d7:0x83ce9ddd542b0da6!8m2!3d25.8029544!4d-80.3258647!16s%2Fg%2F1tfr1704!19sChIJ1wCPjnm52YgRpg0rVN2dzoM?authuser=0&hl=en&rclk=1
All Import Tech,4.8,180,"7861 NW 55th St, Doral, FL 33166",(305) 262-1994,not_available,not_available,not_available,not_available,Auto repair shop,"RMFG+G2 Doral, Florida",https://www.google.com/maps/place/All+Import+Tech/data=!4m7!3m6!1s0x88d9bbd27015fe85:0x9719958e691ec5a7!8m2!3d25.8238256!4d-80.3248781!16s%2Fg%2F11f00pssc9!19sChIJhf4VcNK72YgRp8UeaY6VGZc?authuser=0&hl=en&rclk=1
Doral Volkswagen Service Department,4.9,732,"10455 NW 12th St Suite #100, Doral, FL 33172",(786) 567-3412,doralvw.com,not_available,alaindiaz@lithia.com,not_available,Auto repair shop,"QJMM+6X Doral, Florida",https://www.google.com/maps/place/Doral+Volkswagen+Service+Department/data=!4m7!3m6!1s0x88d9b92b4f970b81:0x894dbf49b62c5683!8m2!3d25.7831081!4d-80.3650541!16s%2Fg%2F11tf9hw_7j!19sChIJgQuXTyu52YgRg1Ystkm_TYk?authuser=0&hl=en&rclk=1
On Demand Towing,5.0,6,"7500 NW 8th St, Miami, FL 33126",(786) 856-4946,towingmiamifl.com,not_available,not_available,not_available,Towing service,"QMHJ+6Q Miami, Florida",https://www.google.com/maps/place/On+Demand+Towing/data=!4m7!3m6!1s0x88d9b9cd759c6a1f:0x7facc2de11c2406b!8m2!3d25.7780778!4d-80.3180055!16s%2Fg%2F11x7q28f70!19sChIJH2qcdc252YgRa0DCEd7CrH8?authuser=0&hl=en&rclk=1
Pena Power Steering Inc,4.4,49,"1779 W 40th St, Hialeah, FL 33012",(305) 825-0864,not_available,not_available,not_available,not_available,Truck repair shop,"VM5J+8Q Hialeah, Florida",https://www.google.com/maps/place/Pena+Power+Steering+Inc/data=!4m7!3m6!1s0x88d9ba559be741e1:0x84cddd33eb32a4e1!8m2!3d25.8583118!4d-80.3180037!16s%2Fg%2F1w6r928w!19sChIJ4UHnm1W62YgR4aQy6zPdzYQ?authuser=0&hl=en&rclk=1
Quality Trailer Repair. Inc,4.8,143,"3645 NW N River Dr, Miami, FL 33142",(786) 501-5314,miamiqualitytrailerrepair.com,not_available,not_available,not_available,Trailer repair shop,"RP4V+3X Miami, Florida",https://www.google.com/maps/place/Quality+Trailer+Repair.+Inc/data=!4m7!3m6!1s0x88d9afec1885ff5f:0x1b00d802f80197ce!8m2!3d25.8051264!4d-80.2551013!16s%2Fg%2F11gy635mxz!19sChIJX_-FGOyv2YgRzpcB-ALYABs?authuser=0&hl=en&rclk=1
MR Steering Specialist,4.7,53,"8022 NW 90th St, Medley, FL 33166",(305) 646-1152,mrsteeringspecialist.com,not_available,not_available,not_available,Truck parts supplier,"VM3F+P4 Medley, Florida",https://www.google.com/maps/place/MR+Steering+Specialist/data=!4m7!3m6!1s0x88d9bba95fa3f689:0x3eb1a9637379f898!8m2!3d25.8543241!4d-80.3271844!16s%2Fg%2F11b90bc3wt!19sChIJifajX6m72YgRmPh5c2OpsT4?authuser=0&hl=en&rclk=1
T&M TRUCK & TRAILER REPAIR,5.0,6,"1000 N State Rd 7 lot b, Hollywood, FL 33021",(954) 505-6934,timtrucktrailer-repair.com,not_available,not_available,not_available,Truck repair shop,"2Q9R+FP Hollywood, Florida",https://www.google.com/maps/place/T%26M+TRUCK+%26+TRAILER+REPAIR/data=!4m7!3m6!1s0x88d9a98193f12bd1:0x75b290dcbdcbb7a2!8m2!3d26.0187286!4d-80.2082123!16s%2Fg%2F11xh0qp3lk!19sChIJ0Svxk4Gp2YgRorfLvdyQsnU?authuser=0&hl=en&rclk=1
Empire Tronic Diesel,4.3,6,"9101 W Okeechobee Rd, Hialeah Gardens, FL 33016",(305) 218-3543,not_available,not_available,not_available,not_available,Auto repair shop,"VM4G+J4 Hialeah Gardens, Florida",https://www.google.com/maps/place/Empire+Tronic+Diesel/data=!4m7!3m6!1s0x88d9bb66b4afffff:0xc2a87f8ecdf23dfe!8m2!3d25.8565581!4d-80.3247014!16s%2Fg%2F11h3vbnkwf!19sChIJ__-vtGa72YgR_j3yzY5_qMI?authuser=0&hl=en&rclk=1
WheelRoc,4.8,101,"5413 NW 82nd Ave, Doral, FL 33166",(786) 353-0353,wheelroc.com,not_available,not_available,not_available,Wheel store,"RMFC+76 Doral, Florida",https://www.google.com/maps/place/WheelRoc/data=!4m7!3m6!1s0x88d9b91186905659:0xc8dd372938e89cca!8m2!3d25.8231478!4d-80.3294094!16s%2Fg%2F11byycn47_!19sChIJWVaQhhG52YgRypzoOCk33cg?authuser=0&hl=en&rclk=1
Marti Auto Service Doral,4.9,108,"8450 NW 58th St, Doral, FL 33166",(305) 718-8851,martiautoservice.com,not_available,not_available,not_available,Auto repair shop,"RMG8+43 Doral, Florida",https://www.google.com/maps/place/Marti+Auto+Service+Doral/data=!4m7!3m6!1s0x88d9bbc526a46e43:0x4eee3751dc810f41!8m2!3d25.825296!4d-80.334853!16s%2Fg%2F1thmg5zf!19sChIJQ26kJsW72YgRQQ-B3FE37k4?authuser=0&hl=en&rclk=1
Miami Car & Truck Accessories Corporation,4.6,47,"5650 NW 79th Ave, Doral, FL 33166",(305) 593-9430,mcta305.com,not_available,sales@mcta305.com,not_available,Truck accessories store,"RMGF+3H Doral, Florida",https://www.google.com/maps/place/Miami+Car+%26+Truck+Accessories+Corporation/data=!4m7!3m6!1s0x88d9bbcdf3cafd79:0x566131a125e537cb!8m2!3d25.8251698!4d-80.3260845!16s%2Fg%2F12611s4zq!19sChIJef3K88272YgRyzflJaExYVY?authuser=0&hl=en&rclk=1
AutoNation Chevrolet Doral Service Center,4.5,663,"1201 NW 89th Ct suite a, Miami, FL 33172",(786) 416-6002,autonationchevroletdoral.com,not_available,not_available,not_available,Car repair and maintenance service,"QMM5+CX Miami, Florida",https://www.google.com/maps/place/AutoNation+Chevrolet+Doral+Service+Center/data=!4m7!3m6!1s0x88d9b916907adb81:0xaf5a9da93c14e9a9!8m2!3d25.7835652!4d-80.3400665!16s%2Fg%2F11ddzpv_md!19sChIJgdt6kBa52YgRqekUPKmdWq8?authuser=0&hl=en&rclk=1
J&H Truck Repair,4.7,12,not_available,not_available,not_available,not_available,not_available,not_available,Car repair and maintenance service,not_available,https://www.google.com/maps/place/J%26H+Truck+Repair/data=!4m7!3m6!1s0x88d9bb0b5c41062b:0x2dab3391a52336a1!8m2!3d46.423669!4d-129.9427086!16s%2Fg%2F11fqvbg3_t!19sChIJKwZBXAu72YgRoTYjpZEzqy0?authuser=0&hl=en&rclk=1
Volvo Commercial Truck Parts,4.3,32,"6000 NW 77th Ct, Miami, FL 33166",(305) 777-9000,truckmaxmiami.com,not_available,not_available,not_available,Truck parts supplier,"RMHG+9G Miami, Florida",https://www.google.com/maps/place/Volvo+Commercial+Truck+Parts/data=!4m7!3m6!1s0x88d9bbccf3ff3efb:0xf19752303181888a!8m2!3d25.8284044!4d-80.3237425!16s%2Fg%2F11h4cgpmb1!19sChIJ-z7_88y72YgRioiBMTBSl_E?authuser=0&hl=en&rclk=1
Fleetway Usa Heavy Duty Parts,5.0,3,"2499 W 8th Ln, Hialeah, FL 33010",(786) 542-0254,fleetwayusa.com,not_available,not_available,not_available,Truck parts supplier,"RPV2+P5 Hialeah, Florida",https://www.google.com/maps/place/Fleetway+Usa+Heavy+Duty+Parts/data=!4m7!3m6!1s0x88d9ba4290baee93:0x38bbd171c8cb51e4!8m2!3d25.8442528!4d-80.2996204!16s%2Fg%2F11f3fn65cq!19sChIJk-66kEK62YgR5FHLyHHRuzg?authuser=0&hl=en&rclk=1
J Santos Auto Repair,4.9,113,"10231 NW 21st St, Doral, FL 33172",(305) 513-4664,jsantosautorepair.com,not_available,not_available,not_available,Auto repair shop,"QJVQ+G8 Doral, Florida",https://www.google.com/maps/place/J+Santos+Auto+Repair/data=!4m7!3m6!1s0x88d9b94a4703cd4f:0x1b58eff740cb1184!8m2!3d25.7937596!4d-80.3616979!16s%2Fg%2F1tkf1sl2!19sChIJT80DR0q52YgRhBHLQPfvWBs?authuser=0&hl=en&rclk=1
The Ford Connection,4.1,45,"6900 NW 74th St, Miami, FL 33166",(305) 934-5085,not_available,not_available,not_available,not_available,Diesel engine repair service,"RMRQ+5G Miami, Florida",https://www.google.com/maps/place/The+Ford+Connection/data=!4m7!3m6!1s0x88d9bb0095791977:0xfe852d5063eb128d!8m2!3d25.8404719!4d-80.311236!16s%2Fg%2F1hc2kpnzd!19sChIJdxl5lQC72YgRjRLrY1Athf4?authuser=0&hl=en&rclk=1
"Alex Transmissions,Inc",4.8,121,"5610 NW 78th Ave, Doral, FL 33166",(305) 463-0232,not_available,not_available,not_available,not_available,Transmission shop,"RMFG+RC Doral, Florida","https://www.google.com/maps/place/Alex+Transmissions,Inc/data=!4m7!3m6!1s0x88d9bbcd7e45a027:0x7ac760a7b87a96!8m2!3d25.8245865!4d-80.3239211!16s%2Fg%2F1vqmk54n!19sChIJJ6BFfs272YgRlnq4p2DHegA?authuser=0&hl=en&rclk=1"
