name,rating,reviews,address,phone,website,hours,email,social_media,category,plus_code,url
"Armellini Logistics- Miami, FL",4.1,108,"2811 NW 74th Ave, Doral, FL 33122",(305) 592-5933,armellini.com,not_available,not_available,not_available,Logistics service,"RM2M+3H Doral, Florida","https://www.google.com/maps/place/Armellini+Logistics-+Miami,+FL/data=!4m7!3m6!1s0x88d9b99caae672dd:0x780e4daa63745e5e!8m2!3d25.8002471!4d-80.3160018!16s%2Fg%2F1tsr3_sh!19sChIJ3XLmqpy52YgRXl50Y6pNDng?authuser=0&hl=en&rclk=1"
Heat Express Inc,4.7,26,"8801 NW 23rd St, Doral, FL 33172",(305) 418-5035,heatexpressmiami.com,not_available,not_available,not_available,Trucking company,"QMW6+2G Doral, Florida",https://www.google.com/maps/place/Heat+Express+Inc/data=!4m7!3m6!1s0x88d9b055916c7771:0xb42a1f244cf60aca!8m2!3d25.7950964!4d-80.3386585!16s%2Fg%2F1tgcn2f_!19sChIJcXdskVWw2YgRygr2TCQfKrQ?authuser=0&hl=en&rclk=1
"Supreme Produce Logistics, Corp",5.0,7,"1690 NW 108th Ave Unit 147, Doral, FL 33172",(786) 447-5678,not_available,not_available,not_available,not_available,Trucking company,"QJQH+WH Doral, Florida","https://www.google.com/maps/place/Supreme+Produce+Logistics,+Corp/data=!4m7!3m6!1s0x88d9b9c1252622f3:0x9a06cc8596aaa043!8m2!3d25.789754!4d-80.371052!16s%2Fg%2F11q93zm3gm!19sChIJ8yImJcG52YgRQ6CqloXMBpo?authuser=0&hl=en&rclk=1"
Florida Beauty Flora Transportation,3.6,203,"3400 NW 74th Ave, Miami, FL 33122",(305) 503-1200,floridabeauty.us,not_available,not_available,not_available,Transportation service,"RM3J+VV Miami, Florida",https://www.google.com/maps/place/Florida+Beauty+Flora+Transportation/data=!4m7!3m6!1s0x88d9b983baea89ed:0x38cd62c31d098c90!8m2!3d25.8046554!4d-80.3177678!16s%2Fg%2F1tvdklpl!19sChIJ7YnquoO52YgRkIwJHcNizTg?authuser=0&hl=en&rclk=1
"BN Trucking Services, Inc.",4.0,22,"2127-2129 NW 79th Ave, Doral, FL 33122",(305) 436-1459,bntruckingservices.com,not_available,not_available,not_available,Trucking company,"QMVH+F3 Doral, Florida","https://www.google.com/maps/place/BN+Trucking+Services,+Inc./data=!4m7!3m6!1s0x88d9b976ee84f2f9:0xa29812af037b27ed!8m2!3d25.7937223!4d-80.3223035!16s%2Fg%2F1tnl2631!19sChIJ-fKE7na52YgR7Sd7A68SmKI?authuser=0&hl=en&rclk=1"
Andoba Trucking Inc,4.6,37,"3561 E 4th Ave, Hialeah, FL 33013",(305) 907-0786,andobatrucking.com,not_available,not_available,not_available,Trucking company,"VP5J+8C Hialeah, Florida",https://www.google.com/maps/place/Andoba+Trucking+Inc/data=!4m7!3m6!1s0x88d9b0805d827cf5:0x8251498ae636b8aa!8m2!3d25.8583473!4d-80.268955!16s%2Fg%2F11f_grv7xb!19sChIJ9XyCXYCw2YgRqrg25opJUYI?authuser=0&hl=en&rclk=1
Doral Freight Logistics Inc,4.9,7,"11450 NW 34th St Suite 100, Doral, FL 33178",(305) 477-1022,doralfreight.com,not_available,not_available,not_available,Freight forwarding service,"RJ38+QP Doral, Florida",https://www.google.com/maps/place/Doral+Freight+Logistics+Inc/data=!4m7!3m6!1s0x88d9bbb9bfa0402d:0x2bdfe993687b97d8!8m2!3d25.8044871!4d-80.3831756!16s%2Fg%2F11bxg0lz3k!19sChIJLUCgv7m72YgR2Jd7aJPp3ys?authuser=0&hl=en&rclk=1
Lazaro Delivery Corporation,3.7,66,"7451 NW 63rd St, Doral, FL 33166",(305) 629-8948,lazarodelivery.com,not_available,not_available,not_available,Trucking company,"RMJJ+9C Doral, Florida",https://www.google.com/maps/place/Lazaro+Delivery+Corporation/data=!4m7!3m6!1s0x88d9b94595f4f47b:0x1db39223ac98f94f!8m2!3d25.830989!4d-80.3188957!16s%2Fg%2F11btw_yfzt!19sChIJe_T0lUW52YgRT_mYrCOSsx0?authuser=0&hl=en&rclk=1
O'Globo Cargo Miami,4.5,44,"4815 NW 79th Ave Unit 05, Doral, FL 33166",(786) 534-9510,oglobocargo.com,not_available,not_available,not_available,Trucking company,"RM9G+32 Doral, Florida",https://www.google.com/maps/place/O%27Globo+Cargo+Miami/data=!4m7!3m6!1s0x88d9b852935245e1:0xb6dbf51daa338078!8m2!3d25.8177459!4d-80.3249602!16s%2Fg%2F11gbkjv56p!19sChIJ4UVSk1K42YgReIAzqh3127Y?authuser=0&hl=en&rclk=1
Servitrans Cargo Doral,3.7,6,"1736 NW 82nd Ave, Doral, FL 33126",(786) 334-6828,servitranscargo.com,not_available,not_available,not_available,Trucking company,"QMR9+4W Doral, Florida",https://www.google.com/maps/place/Servitrans+Cargo+Doral/data=!4m7!3m6!1s0x88d9b94175fc481d:0xe46733d9aea68332!8m2!3d25.7903337!4d-80.3301267!16s%2Fg%2F11y7v00p27!19sChIJHUj8dUG52YgRMoOmrtkzZ-Q?authuser=0&hl=en&rclk=1
Martainer Inc,3.7,36,"13155 NW 19th Ln, Doral, FL 33182",(305) 593-9113,kingocean.com,not_available,not_available,not_available,Trucking company,"QHRR+WX Doral, Florida",https://www.google.com/maps/place/Martainer+Inc/data=!4m7!3m6!1s0x88d9be931a910d2f:0x1f11f8303a21fac1!8m2!3d25.7923591!4d-80.4075631!16s%2Fg%2F1260jcv9q!19sChIJLw2RGpO-2YgRwfohOjD4ER8?authuser=0&hl=en&rclk=1
AB TRUCKING OF MIAMI INC,4.8,26,"9901 NW 106th St #5, Medley, FL 33178",(954) 756-5715,abtruckingofmiami.com,not_available,not_available,not_available,Transportation service,"VJCQ+7P Medley, Florida",https://www.google.com/maps/place/AB+TRUCKING+OF+MIAMI+INC/data=!4m7!3m6!1s0x88d9bb3b69c85be5:0x4bac67bd13d44e21!8m2!3d25.8706593!4d-80.3607414!16s%2Fg%2F11h93d1bty!19sChIJ5VvIaTu72YgRIU7UE71nrEs?authuser=0&hl=en&rclk=1
High Quality Trucking Inc,4.3,27,"9830 NW 114th Way, Medley, FL 33178",(305) 882-0288,safer.fmcsa.dot.gov,not_available,not_available,not_available,Trucking company,"VJFV+M5 Medley, Florida",https://www.google.com/maps/place/High+Quality+Trucking+Inc/data=!4m7!3m6!1s0x88d9bb653b4b8865:0xee6e416e3e922805!8m2!3d25.874225!4d-80.3570548!16s%2Fg%2F11b76ttndq!19sChIJZYhLO2W72YgRBSiSPm5Bbu4?authuser=0&hl=en&rclk=1
Brit Trading Llc,5.0,4,"8375 NW 53rd Terrace, Doral, FL 33166",(786) 389-4383,not_available,not_available,not_available,not_available,Trucking company,"RMC8+QP Doral, Florida",https://www.google.com/maps/place/Brit+Trading+Llc/data=!4m7!3m6!1s0x88d9bd01d00ef8e5:0x5e5cd3c4e3451285!8m2!3d25.8219972!4d-80.3331708!16s%2Fg%2F11j6z45v55!19sChIJ5fgO0AG92YgRhRJF48TTXF4?authuser=0&hl=en&rclk=1
Suddenly Express Corporation,4.5,8,"1475 NW 97th Ave STE 102, Doral, FL 33172",(305) 717-3252,suddex.com,not_available,not_available,not_available,Trucking company,"QJQX+42 Doral, Florida",https://www.google.com/maps/place/Suddenly+Express+Corporation/data=!4m7!3m6!1s0x88d9b939ae845e09:0xcbbf6a9ed37a97ce!8m2!3d25.7878739!4d-80.3524498!16s%2Fg%2F1vnnk64z!19sChIJCV6Erjm52YgRzpd6055qv8s?authuser=0&hl=en&rclk=1
BELUH INTERNATIONAL SERVICES,5.0,18,"5141 NW 79th Ave #7, Doral, FL 33166",(786) 647-0973,beluh.com,not_available,not_available,not_available,Trucking company,"RM9G+XM Doral, Florida",https://www.google.com/maps/place/BELUH+INTERNATIONAL+SERVICES/data=!4m7!3m6!1s0x88d9bbcee26b6121:0x3dd23e9ca2981db4!8m2!3d25.819928!4d-80.3232844!16s%2Fg%2F11fm_754p9!19sChIJIWFr4s672YgRtB2Yopw-0j0?authuser=0&hl=en&rclk=1
Gold Coast Customs Express Corp.,4.0,124,"1335 NW 98th Ct Unit 2, Doral, FL 33172",(786) 452-9090,not_available,not_available,not_available,not_available,Trucking company,"QJPW+F9 Doral, Florida",https://www.google.com/maps/place/Gold+Coast+Customs+Express+Corp./data=!4m7!3m6!1s0x88d9b9b9e7568131:0xa477b861e7a9cc63!8m2!3d25.7861322!4d-80.3540786!16s%2Fg%2F11j5s8cd_w!19sChIJMYFW57m52YgRY8yp52G4d6Q?authuser=0&hl=en&rclk=1
M C International Transportation,4.6,69,"8321 NW 68th St, Miami, FL 33166",(305) 805-8228,mcitransport.com,not_available,not_available,not_available,Trucking company,"RMP9+55 Miami, Florida",https://www.google.com/maps/place/M+C+International+Transportation/data=!4m7!3m6!1s0x88d9bbb10ca8379d:0x8bb375681aab2609!8m2!3d25.8354589!4d-80.3320953!16s%2Fg%2F1tgx7dny!19sChIJnTeoDLG72YgRCSarGmh1s4s?authuser=0&hl=en&rclk=1
American Sourcing LLC,5.0,2,"8892 NW 102nd Ct, Doral, FL 33178",(786) 405-6907,safer.fmcsa.dot.gov,not_available,not_available,not_available,Trucking company,"VJ3P+RJ Doral, Florida",https://www.google.com/maps/place/American+Sourcing+LLC/data=!4m7!3m6!1s0x88d9bba71ae83cdb:0xbb30d6180f130f15!8m2!3d25.854616!4d-80.3634399!16s%2Fg%2F11nmrtjdxh!19sChIJ2zzoGqe72YgRFQ8TDxjWMLs?authuser=0&hl=en&rclk=1
ROB D TRUCKING INC,2.5,2,"5015 NW 79th Ave lot A, Doral, FL 33166",(786) 502-2416,not_available,not_available,not_available,not_available,Trucking company,"RM9G+M2 Doral, Florida",https://www.google.com/maps/place/ROB+D+TRUCKING+INC/data=!4m7!3m6!1s0x88d9bbd3ed164d8d:0x2bb95f3719c2601b!8m2!3d25.8192124!4d-80.3249894!16s%2Fg%2F11b6_sg5ks!19sChIJjU0W7dO72YgRG2DCGTdfuSs?authuser=0&hl=en&rclk=1
"Catalina Cold Transfer , Inc.",4.7,34,"2927 NW 74th Ave, Miami, FL 33122",(305) 592-9975,catalinacoldtransfer.com,not_available,not_available,not_available,Trucking company,"RM2M+C7 Miami, Florida","https://www.google.com/maps/place/Catalina+Cold+Transfer+,+Inc./data=!4m7!3m6!1s0x88d9b9834e31dd65:0xa6e861741a15c3fb!8m2!3d25.8010867!4d-80.3167521!16s%2Fg%2F1tcx_mzk!19sChIJZd0xToO52YgR-8MVGnRh6KY?authuser=0&hl=en&rclk=1"
Lara's Trucking,3.8,12,"7001 NW 84th Ave, Miami, FL 33166",(305) 436-1700,not_available,not_available,not_available,not_available,Trucking,"RMQ8+4C Miami, Florida",https://www.google.com/maps/place/Lara%27s+Trucking/data=!4m7!3m6!1s0x88d9b978c32a1dbd:0xe48c097db01fc8eb!8m2!3d25.8377679!4d-80.3339085!16s%2Fg%2F12639t4tx!19sChIJvR0qw3i52YgR68gfsH0JjOQ?authuser=0&hl=en&rclk=1
"Freight Dispatch Service, INC",4.5,24,"8880 NW 20th St suite j, Miami, FL 33172",(786) 740-3911,fdscarrier.com,not_available,not_available,not_available,Trucking company,"QMR5+QM Miami, Florida","https://www.google.com/maps/place/Freight+Dispatch+Service,+INC/data=!4m7!3m6!1s0x88d9b9a7235e33ab:0x7381198aaf20f83f!8m2!3d25.7918798!4d-80.3408082!16s%2Fg%2F11fky_9scj!19sChIJqzNeI6e52YgRP_ggr4oZgXM?authuser=0&hl=en&rclk=1"
Cicar Trucking LLC,5.0,4,"3871 Estepona Ave, Doral, FL 33178",(786) 390-9662,quicktransportsolutions.com,not_available,not_available,not_available,Transportation service,"RJ5P+QX Doral, Florida",https://www.google.com/maps/place/Cicar+Trucking+LLC/data=!4m7!3m6!1s0x88d9b97247c24c45:0x63511f575c1fffa6!8m2!3d25.8094259!4d-80.362561!16s%2Fg%2F11q1q8jnrd!19sChIJRUzCR3K52YgRpv8fXFcfUWM?authuser=0&hl=en&rclk=1
Go Express Inc,3.0,2,"8811 NW 23rd St, Doral, FL 33172",(305) 471-9004,goexpressincmiami.com,not_available,not_available,not_available,Trucking company,"QMW6+48 Doral, Florida",https://www.google.com/maps/place/Go+Express+Inc/data=!4m7!3m6!1s0x88d9b96bc1167b0b:0x8fd89dd64b07f04c!8m2!3d25.795324!4d-80.3391446!16s%2Fg%2F125_z1x8r!19sChIJC3sWwWu52YgRTPAHS9ad2I8?authuser=0&hl=en&rclk=1
Gold coast consolidator Inc,4.8,5,"6994 NW 82nd Ave, Miami, FL 33166",(786) 620-6126,not_available,not_available,not_available,not_available,Freight forwarding service,"RMP9+JV Miami, Florida",https://www.google.com/maps/place/Gold+coast+consolidator+Inc/data=!4m7!3m6!1s0x88d9b99a09ca4b13:0x134aa7a3192c8cb!8m2!3d25.8365235!4d-80.3303731!16s%2Fg%2F11cm1blq47!19sChIJE0vKCZq52YgRy8iSMXqqNAE?authuser=0&hl=en&rclk=1
Alva Freight International (Freight Forwarder & NVOCC),4.4,17,"7750 NW 46th St, Doral, FL 33166",(305) 403-7755,alvafreight.com,Closed ⋅ Opens 8 AM Thu,not_available,not_available,Freight forwarding service,"RM7H+W6 Doral, Florida",https://www.google.com/maps/place/Alva+Freight+International+%28Freight+Forwarder+%26+NVOCC%29/data=!4m7!3m6!1s0x88d9bbd5b1eeb741:0x69cce2b24a87b268!8m2!3d25.8148668!4d-80.3219217!16s%2Fg%2F1q5gnbz6m!19sChIJQbfusdW72YgRaLKHSrLizGk?authuser=0&hl=en&rclk=1
TRACE EXPRESS,3.6,26,"7949 NW 21st St, Doral, FL 33122",(305) 988-6854,enviacontrace.com,not_available,not_available,not_available,Trucking company,"QMVF+MV Doral, Florida",https://www.google.com/maps/place/TRACE+EXPRESS/data=!4m7!3m6!1s0x88d9b9998b286051:0x4d9e257b6c737e57!8m2!3d25.7942404!4d-80.3253594!16s%2Fg%2F11h0gyv1lz!19sChIJUWAoi5m52YgRV35zbHslnk0?authuser=0&hl=en&rclk=1
"Brenlla & Son Transport, Inc",5.0,11,"3560 NW 115th Ave, Doral, FL 33178",(786) 344-4634,bstransportinc.org,not_available,not_available,not_available,Delivery service,"RJ58+MC Doral, Florida","https://www.google.com/maps/place/Brenlla+%26+Son+Transport,+Inc/data=!4m7!3m6!1s0x88d9bfad3832858f:0x4911bf4182af133e!8m2!3d25.8092112!4d-80.383958!16s%2Fg%2F11flfgls6x!19sChIJj4UyOK2_2YgRPhOvgkG_EUk?authuser=0&hl=en&rclk=1"
Southeastern Freight Lines,3.2,116,"5875 NW 72nd Ave, Miami, FL 33166",(305) 889-0501,sefl.com,not_available,not_available,not_available,Trucking company,"RMGQ+V2 Miami, Florida",https://www.google.com/maps/place/Southeastern+Freight+Lines/data=!4m7!3m6!1s0x88d9ba30fc8ae205:0xf5e0ae31d16043f5!8m2!3d25.8271289!4d-80.3124899!16s%2Fg%2F1tlkd50z!19sChIJBeKK_DC62YgR9UNg0TGu4PU?authuser=0&hl=en&rclk=1
Universal Freight and Logistics LLC,4.6,16,"1362 NW 78th Ave, Doral, FL 33126",(786) 699-0871,universalmiami.co,not_available,not_available,not_available,Freight forwarding service,"QMPG+4F Doral, Florida",https://www.google.com/maps/place/Universal+Freight+and+Logistics+LLC/data=!4m7!3m6!1s0x88d9b9e8ae0ca58f:0xb3c9eaad7080a2ef!8m2!3d25.7853143!4d-80.3237952!16s%2Fg%2F11f9_dbpvw!19sChIJj6UMrui52YgR76KAcK3qybM?authuser=0&hl=en&rclk=1
Carga Tica International Inc,4.1,49,"11350 NW 25th St Suite 100, Doral, FL 33172",(305) 477-5508,cargatica.com,not_available,not_available,not_available,Trucking company,"QJWC+43 Doral, Florida",https://www.google.com/maps/place/Carga+Tica+International+Inc/data=!4m7!3m6!1s0x88d9b93891688717:0xc48b1ad61b4d5f0e!8m2!3d25.7952982!4d-80.3798703!16s%2Fg%2F1tj2jpxs!19sChIJF4dokTi52YgRDl9NG9Yai8Q?authuser=0&hl=en&rclk=1
Prieto Brother's Corporation,3.9,44,"7980 NW 82nd Pl, Medley, FL 33166",(305) 418-9329,safer.fmcsa.dot.gov,not_available,not_available,not_available,Trucking company,"RMV8+RV Medley, Florida",https://www.google.com/maps/place/Prieto+Brother%27s+Corporation/data=!4m7!3m6!1s0x88d9bbba6e543dc9:0xf6bafbff8b609929!8m2!3d25.8445841!4d-80.3328055!16s%2Fg%2F11ckqrrfnr!19sChIJyT1Ubrq72YgRKZlgi__7uvY?authuser=0&hl=en&rclk=1
Nighthawk Enterprises Inc,4.2,36,"9701 NW 89th Ave, Medley, FL 33178",(305) 637-3005,not_available,not_available,not_available,not_available,Trucking company,"VM65+M4 Medley, Florida",https://www.google.com/maps/place/Nighthawk+Enterprises+Inc/data=!4m7!3m6!1s0x88d9b0ef88c7784f:0xaece08a5eeeb30cc!8m2!3d25.861682!4d-80.3422421!16s%2Fg%2F1tlbkcf9!19sChIJT3jHiO-w2YgRzDDr7qUIzq4?authuser=0&hl=en&rclk=1
TalaTrans Worldwide | MIAMI,4.0,5,"1627 NW 84th Ave, Doral, FL 33126",(888) 233-6762,talatransworldwide.com,not_available,not_available,not_available,Freight forwarding service,"QMQ9+R6 Doral, Florida",https://www.google.com/maps/place/TalaTrans+Worldwide+%7C+MIAMI/data=!4m7!3m6!1s0x88d9bbc6c3424e6b:0x52745b8717f0f6ed!8m2!3d25.78958!4d-80.331959!16s%2Fg%2F11c59__mxw!19sChIJa05Cw8a72YgR7fbwF4dbdFI?authuser=0&hl=en&rclk=1
Forward Air Inc (MIA),3.6,174,"3405 NW 72nd Ave, Miami, FL 33122",(305) 599-3161,forwardair.com,not_available,not_available,not_available,Trucking company,"RM4Q+MV Miami, Florida",https://www.google.com/maps/place/Forward+Air+Inc+%28MIA%29/data=!4m7!3m6!1s0x88d9b985fff821f7:0x931bdb3e31d63eec!8m2!3d25.8066752!4d-80.3102695!16s%2Fg%2F1tj33ykv!19sChIJ9yH4_4W52YgR7D7WMT7bG5M?authuser=0&hl=en&rclk=1
Cannon Express,2.8,4,"1904 NW 82nd Ave, Doral, FL 33126",(305) 592-8685,cannonexpress.com,not_available,not_available,not_available,Trucking company,"QMRC+V7 Doral, Florida",https://www.google.com/maps/place/Cannon+Express/data=!4m7!3m6!1s0x88d9b973046b6099:0x138b21f16913c03a!8m2!3d25.7921546!4d-80.3293228!16s%2Fg%2F1w15_7bt!19sChIJmWBrBHO52YgROsATafEhixM?authuser=0&hl=en&rclk=1
APM Logistics & Transportation LLC,3.9,22,"7810 NW 52nd St, Doral, FL 33166",(305) 456-0283,apmlogistics.us,Closed ⋅ Opens 9 AM Thu,not_available,not_available,Refrigerated transport service,"RMCG+5C Doral, Florida",https://www.google.com/maps/place/APM+Logistics+%26+Transportation+LLC/data=!4m7!3m6!1s0x88d9bbd3a74f1907:0x86053a2207eb9435!8m2!3d25.8204392!4d-80.3239106!16s%2Fg%2F11c54_glsb!19sChIJBxlPp9O72YgRNZTrByI6BYY?authuser=0&hl=en&rclk=1
Master Delivery,4.6,7,"8757 NW 35th Ln, Doral, FL 33172",(305) 930-5032,master-delivery.net,not_available,not_available,not_available,Trucking company,"RM56+4H Doral, Florida",https://www.google.com/maps/place/Master+Delivery/data=!4m7!3m6!1s0x88d9bbf77bbfffff:0xe86c7189f3b14289!8m2!3d25.8078503!4d-80.3385798!16s%2Fg%2F11h4cfzrvm!19sChIJ__-_e_e72YgRiUKx84lxbOg?authuser=0&hl=en&rclk=1
SUCARGO,4.4,67,"2051 NW 112th Ave #118, Miami, FL 33172",(305) 456-9280,sucargo.com,not_available,not_available,not_available,Trucking company,"QJVF+7C Miami, Florida",https://www.google.com/maps/place/SUCARGO/data=!4m7!3m6!1s0x88d9ba2e2c0118c3:0x8d59f2e2d4063a17!8m2!3d25.7931782!4d-80.376386!16s%2Fg%2F11cmtr4ccx!19sChIJwxgBLC662YgRFzoG1OLyWY0?authuser=0&hl=en&rclk=1
Freight Transportation Services | CP Broker 🚚,4.6,20,"8383 NW 66th St, Doral, FL 33166",(954) 605-6949,cpbroker.net,not_available,not_available,not_available,Freight forwarding service,"RMM8+FG Doral, Florida",https://www.google.com/maps/place/Freight+Transportation+Services+%7C+CP+Broker+%F0%9F%9A%9A/data=!4m7!3m6!1s0x88d9bb9f2e46cd71:0x2e5ef2072014fc19!8m2!3d25.8336258!4d-80.3336606!16s%2Fg%2F11j8wjxdgn!19sChIJcc1GLp-72YgRGfwUIAfyXi4?authuser=0&hl=en&rclk=1
Columbia International Transportation,4.2,5,"7223 NW 43rd St, Miami, FL 33166",(305) 592-4273,columbiacourier.com,not_available,not_available,not_available,Trucking company,"RM7P+GH Miami, Florida",https://www.google.com/maps/place/Columbia+International+Transportation/data=!4m7!3m6!1s0x88d9ba29c093ade3:0xa7a9e8142c2d3756!8m2!3d25.8138137!4d-80.3135924!16s%2Fg%2F1tpbcsm8!19sChIJ462TwCm62YgRVjctLBToqac?authuser=0&hl=en&rclk=1
Pinto Transfer & Packing Corp,3.0,2,"2251 NW 93rd Ave, Doral, FL 33172",(305) 592-9657,pintotransfer.com,not_available,not_available,not_available,Trucking company,"QMV3+RF Doral, Florida",https://www.google.com/maps/place/Pinto+Transfer+%26+Packing+Corp/data=!4m7!3m6!1s0x88d9b939acd46381:0x38b300efb7938c68!8m2!3d25.794541!4d-80.3463407!16s%2Fg%2F1tjrqsf2!19sChIJgWPUrDm52YgRaIyTt-8Aszg?authuser=0&hl=en&rclk=1
JLD Nation Corp,4.7,41,"8333 NW 53rd St SUITE 450, Doral, FL 33166",(786) 784-6251,jldnationcorp.com,not_available,not_available,not_available,Transportation service,"RMC9+P3 Doral, Florida",https://www.google.com/maps/place/JLD+Nation+Corp/data=!4m7!3m6!1s0x88d9bb44b80f2337:0x852a7c57c10ed48b!8m2!3d25.8218444!4d-80.3322642!16s%2Fg%2F11x8d6r3yz!19sChIJNyMPuES72YgRi9QOwVd8KoU?authuser=0&hl=en&rclk=1
Unique Trucking Express,4.5,34,"2575 NW 72nd St, Miami, FL 33147",(305) 836-7080,uniquetruckingexpress.com,not_available,not_available,not_available,Trucking company,"RQR5+4W Miami, Florida",https://www.google.com/maps/place/Unique+Trucking+Express/data=!4m7!3m6!1s0x88d9b0eeffffffff:0xa0b6d0afcdb0ba12!8m2!3d25.8402527!4d-80.2402432!16s%2Fg%2F11h6gwlx5c!19sChIJ_____-6w2YgRErqwza_QtqA?authuser=0&hl=en&rclk=1
Sterling Transportation,4.1,54,"8201 NW 56th St, Miami, FL 33166",(305) 591-1276,sterlingtransportation.com,not_available,not_available,not_available,Transportation service,"RMF9+XR Miami, Florida",https://www.google.com/maps/place/Sterling+Transportation/data=!4m7!3m6!1s0x88d9bbb10ca8379d:0xca059d8e0b381b13!8m2!3d25.8249649!4d-80.3304363!16s%2Fg%2F1td18n8c!19sChIJnTeoDLG72YgRExs4C46dBco?authuser=0&hl=en&rclk=1
Marathon Xpress Inc,4.2,38,"8350 NW 52nd Terrace Suite 301, Miami, FL 33166",(305) 381-5155,mxicarrier.com,not_available,not_available,not_available,Trucking company,"RM98+QW Miami, Florida",https://www.google.com/maps/place/Marathon+Xpress+Inc/data=!4m7!3m6!1s0x88d9bf4c6ef7a49f:0xc47a49cb0f540783!8m2!3d25.8194869!4d-80.3327495!16s%2Fg%2F11g4gx8t34!19sChIJn6T3bky_2YgRgwdUD8tJesQ?authuser=0&hl=en&rclk=1
Quality Container Transport,4.5,57,"7555 NW 82nd Pl, Miami, FL 33166",(305) 406-2206,qualityct.com,not_available,not_available,not_available,Transportation service,"RMV9+4F Miami, Florida",https://www.google.com/maps/place/Quality+Container+Transport/data=!4m7!3m6!1s0x88d9ba2a19dcf7a9:0x8a70182297beff3b!8m2!3d25.842858!4d-80.3313339!16s%2Fg%2F1tf7hgpj!19sChIJqffcGSq62YgRO_--lyIYcIo?authuser=0&hl=en&rclk=1
A's Express Corp,5.0,5,"8228 NW 68th St, Miami, FL 33166",(305) 463-7988,asexpresscorp.com,not_available,not_available,not_available,Trucking company,"RMP9+2Q Miami, Florida",https://www.google.com/maps/place/A%27s+Express+Corp/data=!4m7!3m6!1s0x88d9bb92b257e225:0x6e4fbaa6e6aa5eb!8m2!3d25.8350562!4d-80.3306231!16s%2Fg%2F11x5c2zycs!19sChIJJeJXspK72YgR66Vqbqr75AY?authuser=0&hl=en&rclk=1
Express International Freight,4.5,17,"8345 NW 74th St, Doral, FL 33166",(305) 477-4041,eifreight.com,not_available,not_available,not_available,Freight forwarding service,"RMR8+QJ Doral, Florida",https://www.google.com/maps/place/Express+International+Freight/data=!4m7!3m6!1s0x88d9bbb9b8daa49d:0x7b0be54f3484ab55!8m2!3d25.8418788!4d-80.3333935!16s%2Fg%2F1tfcv0f9!19sChIJnaTauLm72YgRVauENE_lC3s?authuser=0&hl=en&rclk=1
Chamos Express Llc,4.4,15,"8180 NW 90th St, Medley, FL 33166",(305) 965-5167,chamosexpressllc.com,not_available,not_available,not_available,Trucking company,"VM3C+V7 Medley, Florida",https://www.google.com/maps/place/Chamos+Express+Llc/data=!4m7!3m6!1s0x88d9bb225b4d5e8b:0xc79487f758a00956!8m2!3d25.8547136!4d-80.3293274!16s%2Fg%2F11h0cj168k!19sChIJi15NWyK72YgRVgmgWPeHlMc?authuser=0&hl=en&rclk=1
ABF Freight,4.0,67,"6402 NW 74th Ave, Miami, FL 33166",(305) 592-1950,arcb.com,not_available,social@arcb.com,not_available,Trucking company,"RMJJ+VF Miami, Florida",https://www.google.com/maps/place/ABF+Freight/data=!4m7!3m6!1s0x88d9ba34cd53bbbf:0x7f87c2da56674af1!8m2!3d25.8322105!4d-80.3188247!16s%2Fg%2F11c453dsf1!19sChIJv7tTzTS62YgR8UpnVtrCh38?authuser=0&hl=en&rclk=1
Smart Transport Inc,4.7,18,"2222 W 79th St, Hialeah, FL 33016",(786) 286-9669,smarttransportinc.com,not_available,not_available,"{""facebook"": ""https://www.facebook.com/smarttransportinc""}",Trucking company,"VMVC+MF Hialeah, Florida",https://www.google.com/maps/place/Smart+Transport+Inc/data=!4m7!3m6!1s0x88d9bb0a4014b1e9:0xaef7124c197e3f04!8m2!3d25.8941625!4d-80.3287642!16s%2Fg%2F1w0p6fjk!19sChIJ6bEUQAq72YgRBD9-GUwS964?authuser=0&hl=en&rclk=1
Corp Master Freight America,5.0,9,"8950 NW 27th St Suite 313, Doral, FL 33172",(305) 470-1224,masterfreight.com,not_available,not_available,not_available,Freight forwarding service,"QMX5+PG Doral, Florida",https://www.google.com/maps/place/Corp+Master+Freight+America/data=!4m7!3m6!1s0x88d9b96906677f15:0xb8623b4cbf1752ab!8m2!3d25.799345!4d-80.3412246!16s%2Fg%2F1tnhz3p8!19sChIJFX9nBmm52YgRq1IXv0w7Yrg?authuser=0&hl=en&rclk=1
Gold Eagle Transportation Inc,5.0,not_available,"8871 NW 102nd St, Medley, FL 33178",not_available,not_available,not_available,not_available,not_available,Trucking company,"VM85+CF Medley, Florida",https://www.google.com/maps/place/Gold+Eagle+Transportation+Inc/data=!4m7!3m6!1s0x88d9bb5a06484081:0xc134d6a59ad6608a!8m2!3d25.8660754!4d-80.3412683!16s%2Fg%2F11kjpf72mb!19sChIJgUBIBlq72YgRimDWmqXWNME?authuser=0&hl=en&rclk=1
Delta Trucking Inc,4.4,92,"2790 NW 127th St, Opa-locka, FL 33054",(305) 685-4318,delta-trucking.com,not_available,not_available,not_available,Trucking company,"VQR3+6W Opa-locka, Florida",https://www.google.com/maps/place/Delta+Trucking+Inc/data=!4m7!3m6!1s0x88d9b024cea22883:0xab965f69dc86dc02!8m2!3d25.890532!4d-80.245141!16s%2Fg%2F1tdcms2s!19sChIJgyiiziSw2YgRAtyG3Glflqs?authuser=0&hl=en&rclk=1
Allied Trucking of Florida,4.1,17,"10761 NW 89th Ave, Hialeah, FL 33018",(305) 885-6464,alliedtk.com,not_available,not_available,not_available,Trucking company,"VMC4+FV Hialeah, Florida",https://www.google.com/maps/place/Allied+Trucking+of+Florida/data=!4m7!3m6!1s0x88d9bb0d37c4c35b:0x814bda92abf668a2!8m2!3d25.8711719!4d-80.3428421!16s%2Fg%2F1tg_gv_x!19sChIJW8PENw272YgRomj2q5LaS4E?authuser=0&hl=en&rclk=1
Titan Transport Services LLC,5.0,3,"1692 NW 82nd Ave, Doral, FL 33126",(786) 260-0700,ttsmia.com,not_available,not_available,not_available,Logistics service,"QMQ9+RJ Doral, Florida",https://www.google.com/maps/place/Titan+Transport+Services+LLC/data=!4m7!3m6!1s0x88d9b974718a3489:0x9414b13f40224bed!8m2!3d25.7895806!4d-80.3308949!16s%2Fg%2F1tdhftbm!19sChIJiTSKcXS52YgR7UsiQD-xFJQ?authuser=0&hl=en&rclk=1
Royal Trucking Automation,3.7,3,"8350 NW 52nd Terrace, Doral, FL 33166",(786) 470-6005,not_available,not_available,not_available,not_available,Transportation service,"RM98+QV Doral, Florida",https://www.google.com/maps/place/Royal+Trucking+Automation/data=!4m7!3m6!1s0x88d9bbadec45b8a5:0x82425a9932a06f81!8m2!3d25.8194595!4d-80.3328493!16s%2Fg%2F11sj2h4nhy!19sChIJpbhF7K272YgRgW-gMplaQoI?authuser=0&hl=en&rclk=1
Cargo King Inc,3.2,17,"8821 NW 102nd St, Medley, FL 33178",(305) 805-9090,cargokingexpress.com,not_available,not_available,not_available,Transportation service,"VM85+7M Medley, Florida",https://www.google.com/maps/place/Cargo+King+Inc/data=!4m7!3m6!1s0x88d9bb0b76f995ef:0xafaf34dcbcea1f38!8m2!3d25.8657258!4d-80.3408204!16s%2Fg%2F1v8j177h!19sChIJ75X5dgu72YgROB_qvNw0r68?authuser=0&hl=en&rclk=1
GM International Freight Forwarders Corp.,4.9,99,"7517 NW 52nd St, Miami, FL 33166",(305) 599-7924,gmfreight.com,not_available,not_available,not_available,Freight forwarding service,"RMCJ+98 Miami, Florida",https://www.google.com/maps/place/GM+International+Freight+Forwarders+Corp./data=!4m7!3m6!1s0x88d9ba280882779f:0xecbc6b19c1853e46!8m2!3d25.8209356!4d-80.3192322!16s%2Fg%2F1tf87x0g!19sChIJn3eCCCi62YgRRj6FwRlrvOw?authuser=0&hl=en&rclk=1
Mvp International Freight Systems,4.6,12,"8012 NW 29th St, Doral, FL 33122",(305) 597-9099,mvp-ifs.com,not_available,not_available,not_available,Freight forwarding service,"RM2F+32 Doral, Florida",https://www.google.com/maps/place/Mvp+International+Freight+Systems/data=!4m7!3m6!1s0x88d9b9775c266e2f:0x58a2b038bc1ef9ae!8m2!3d25.8001657!4d-80.3274392!16s%2Fg%2F1tjy298d!19sChIJL24mXHe52YgRrvkevDiwolg?authuser=0&hl=en&rclk=1
Next Unlimited LLC,3.4,13,"903 NW 97th Ave apt 101, Miami, FL 33172",(773) 675-7442,nextunlimitedllc.com,not_available,not_available,not_available,Trucking company,"QJHX+GC Miami, Florida",https://www.google.com/maps/place/Next+Unlimited+LLC/data=!4m7!3m6!1s0x88d9b940ff2d3ef7:0xa563ce7532ca642c!8m2!3d25.7788112!4d-80.3514657!16s%2Fg%2F11qh8qb5q3!19sChIJ9z4t_0C52YgRLGTKMnXOY6U?authuser=0&hl=en&rclk=1
Olarte Transport,4.5,51,"8542 NW 72nd St, Miami, FL 33166",(305) 423-7539,olartetransport.com,not_available,not_available,not_available,Trucking company,"RMQ7+7F Miami, Florida",https://www.google.com/maps/place/Olarte+Transport/data=!4m7!3m6!1s0x88d9bbb8450fb591:0x76c453aaed2ae900!8m2!3d25.8382024!4d-80.3362855!16s%2Fg%2F1thsb4nx!19sChIJkbUPRbi72YgRAOkq7apTxHY?authuser=0&hl=en&rclk=1
"Ritehaul Logistics, LLC.",3.7,3,"6355 NW 36th St #508, Virginia Gardens, FL 33166",(800) 927-5819,ritehaul.com,not_available,not_available,not_available,Trucking company,"RM5X+3P Virginia Gardens, Florida","https://www.google.com/maps/place/Ritehaul+Logistics,+LLC./data=!4m7!3m6!1s0xf80ffd51e653c3f:0x8a40cf0f0219e84f!8m2!3d25.8076286!4d-80.3006528!16s%2Fg%2F11sfrb0g2j!19sChIJPzxlHtX_gA8RT-gZAg_PQIo?authuser=0&hl=en&rclk=1"
"D Manganelli Logistics, INC",5.0,28,"8200 NW 33rd St STE 330, Doral, FL 33122",(305) 428-3374,dmanganelli.com,not_available,not_available,not_available,Customs broker,"RM39+7X Doral, Florida","https://www.google.com/maps/place/D+Manganelli+Logistics,+INC/data=!4m7!3m6!1s0x88d9b976dc58ca79:0x7b4bf9584d8b848b!8m2!3d25.8031592!4d-80.3301192!16s%2Fg%2F11clwj0l3b!19sChIJecpY3Ha52YgRi4SLTVj5S3s?authuser=0&hl=en&rclk=1"
Sola Transport Agency Inc,5.0,2,"7500 NW 81st Pl Suite 2, Miami, FL 33166",(305) 592-1616,solatransport.com,not_available,not_available,not_available,Shipping service,"RMRC+W2 Miami, Florida",https://www.google.com/maps/place/Sola+Transport+Agency+Inc/data=!4m7!3m6!1s0x88d9bbb0d1955555:0x955e8ccad812f315!8m2!3d25.8423486!4d-80.3299973!16s%2Fg%2F11ghr05f1z!19sChIJVVWV0bC72YgRFfMS2MqMXpU?authuser=0&hl=en&rclk=1
Compass Freight Brokers Inc,5.0,5,"8900 NW 35th Ln #140, Doral, FL 33172",(305) 363-2007,compassfreightbrokers.com,Closed ⋅ Opens 8:30 AM Thu,not_available,not_available,Freight forwarding service,"RM45+PQ Doral, Florida",https://www.google.com/maps/place/Compass+Freight+Brokers+Inc/data=!4m7!3m6!1s0x88d9b9471de66c7d:0xc4eb00548daed239!8m2!3d25.8067777!4d-80.340567!16s%2Fg%2F11fsvr7_wf!19sChIJfWzmHUe52YgROdKujVQA68Q?authuser=0&hl=en&rclk=1
"Pacific Bonded Carrier, Inc.",4.3,6,"7320 NW 43rd St, Miami, FL 33166",(786) 336-0030,safer.fmcsa.dot.gov,not_available,not_available,not_available,Trucking company,"RM7M+6J Miami, Florida","https://www.google.com/maps/place/Pacific+Bonded+Carrier,+Inc./data=!4m7!3m6!1s0x88d9bb5ff479de1b:0x3d77b1b16680f4e5!8m2!3d25.8130987!4d-80.3159145!16s%2Fg%2F11y4gt4lz3!19sChIJG9559F-72YgR5fSAZrGxdz0?authuser=0&hl=en&rclk=1"
Atlantic Trucking Express,5.0,not_available,"7661 NW 68th St #108, Miami, FL 33166",(305) 500-9134,atlantictruckingexpress.com,not_available,not_available,not_available,Trucking company,"RMPH+7P Miami, Florida",https://www.google.com/maps/place/Atlantic+Trucking+Express/data=!4m7!3m6!1s0x88d9b9703b592a0b:0xe0a9e943721344e!8m2!3d25.8356896!4d-80.3206578!16s%2Fg%2F11r8thwk5!19sChIJCypZO3C52YgRTjQhN5SeCg4?authuser=0&hl=en&rclk=1
SERVICIOS EXPRESOS USA / MRW,4.7,"3,029","6451 NW 102nd Ave Unit 7, Doral, FL 33178",(786) 600-7296,usa.serviciosexpresos.com,not_available,miami@serviciosexpresos.com,not_available,Trucking company,"RJJR+Q9 Doral, Florida",https://www.google.com/maps/place/SERVICIOS+EXPRESOS+USA+%2F+MRW/data=!4m7!3m6!1s0x88d9bbf0efa41077:0x3d29f65e936d6c4!8m2!3d25.8319734!4d-80.3590236!16s%2Fg%2F11lq560355!19sChIJdxCk7_C72YgRxNY26WWf0gM?authuser=0&hl=en&rclk=1
Ontrak Transport,4.0,4,"7270 NW 12th St #381, Miami, FL 33126",(305) 239-9235,ontrak-transport.com,not_available,not_available,not_available,Trucking company,"QMJP+F7 Miami, Florida",https://www.google.com/maps/place/Ontrak+Transport/data=!4m7!3m6!1s0x88d9b9d2794eba49:0x1fa0cb76e02fa165!8m2!3d25.7812257!4d-80.314265!16s%2Fg%2F11v68krr4k!19sChIJSbpOedK52YgRZaEv4HbLoB8?authuser=0&hl=en&rclk=1
LTL EXPRESS INC,4.4,11,"6924 NW 72nd Ave, Miami, FL 33166",(305) 882-0966,ltlmiami.com,not_available,not_available,not_available,Trucking company,"RMPP+M7 Miami, Florida",https://www.google.com/maps/place/LTL+EXPRESS+INC/data=!4m7!3m6!1s0x88d9ba3643f22625:0xe2d920b6fea872df!8m2!3d25.8366883!4d-80.3143694!16s%2Fg%2F1td9fkdb!19sChIJJSbyQza62YgR33Ko_rYg2eI?authuser=0&hl=en&rclk=1
SAGE LOGISTIC SOLUTIONS LLC,not_available,not_available,"401 SW 68th Ave, Miami, FL 33144",(786) 203-7409,not_available,not_available,not_available,not_available,Trucking company,"QM8V+HM Miami, Florida",https://www.google.com/maps/place/SAGE+LOGISTIC+SOLUTIONS+LLC/data=!4m7!3m6!1s0x35b628ca337a67f:0x6f948760b0a4cd1d!8m2!3d25.7664575!4d-80.3058345!16s%2Fg%2F11ry9gtrys!19sChIJf6Y3o4xiWwMRHc2ksGCHlG8?authuser=0&hl=en&rclk=1
Harbor Transport,4.8,8,"7320 NW 70th St, Miami, FL 33166",(305) 863-8979,harbortransport.com,not_available,not_available,not_available,Trucking company,"RMPM+FJ Miami, Florida",https://www.google.com/maps/place/Harbor+Transport/data=!4m7!3m6!1s0x88d9ba4a04561ead:0xe82712cb642b56c2!8m2!3d25.8362489!4d-80.3159982!16s%2Fg%2F1td39157!19sChIJrR5WBEq62YgRwlYrZMsSJ-g?authuser=0&hl=en&rclk=1
Xpress Freight Services,3.7,20,"8550 NW 17th St # 100, Doral, FL 33126",(305) 591-0033,shipwithxpress.com,not_available,not_available,not_available,Freight forwarding service,"QMQ8+95 Doral, Florida",https://www.google.com/maps/place/Xpress+Freight+Services/data=!4m7!3m6!1s0x88d9bbf055555555:0xfcab416abb061be3!8m2!3d25.7884442!4d-80.3346024!16s%2Fg%2F11f72_363y!19sChIJVVVVVfC72YgR4xsGu2pBq_w?authuser=0&hl=en&rclk=1
Freight180,4.7,15,"8200 NW 41st St Suite 200-21, Doral, FL 33166",(833) 227-4639,freight180.com,not_available,not_available,not_available,Freight forwarding service,"RM69+CQ Doral, Florida",https://www.google.com/maps/place/Freight180/data=!4m7!3m6!1s0x88d9b9fd7f6880d3:0x5afac1cf98d259a5!8m2!3d25.8110604!4d-80.3306115!16s%2Fg%2F11jpsxjvtg!19sChIJ04Bof_252YgRpVnSmM_B-lo?authuser=0&hl=en&rclk=1
Ground Cargo Transportation,3.8,25,"1568 NW 82 Avenue, Doral, Miami, FL 33126",(305) 400-8889,ground-cargo.com,not_available,quotes@ground-cargo.com,not_available,Logistics service,"QMQC+73 Miami, Florida",https://www.google.com/maps/place/Ground+Cargo+Transportation/data=!4m7!3m6!1s0x88d9b90cc41ff517:0xfb632c0fbd16aeea!8m2!3d25.7882281!4d-80.3298172!16s%2Fg%2F11g6mh9txf!19sChIJF_UfxAy52YgR6q4WvQ8sY_s?authuser=0&hl=en&rclk=1
Lusso Transport,5.0,21,"8333 NW 53rd St SUITE 450, Doral, FL 33166",(305) 747-3368,lussotransport.com,not_available,not_available,not_available,Vehicle shipping agent,"RMC9+P3 Doral, Florida",https://www.google.com/maps/place/Lusso+Transport/data=!4m7!3m6!1s0x88d9bb6150ec7e45:0x1e91d37f29b8e7e2!8m2!3d25.8218444!4d-80.3322642!16s%2Fg%2F11yjlskg_1!19sChIJRX7sUGG72YgR4ue4KX_TkR4?authuser=0&hl=en&rclk=1
Eagle Carriers of South Florida LLC,4.3,15,"8600 NW 36th Ave, Miami, FL 33147",(305) 640-1338,eaglecarriers.net,not_available,not_available,not_available,Trucking company,"VP2V+R8 Miami, Florida",https://www.google.com/maps/place/Eagle+Carriers+of+South+Florida+LLC/data=!4m7!3m6!1s0x88d9b99dad3337b9:0x815099c6fec4b71c!8m2!3d25.8520865!4d-80.2567382!16s%2Fg%2F1wk7rnwg!19sChIJuTczrZ252YgRHLfE_saZUIE?authuser=0&hl=en&rclk=1
USA CARRIER SOLUTIONS | TRUCK PERMITS | IFTA | ROAD TAXES | DOT NUMBER,4.7,25,"8600 NW South River Dr Suite 235, Medley, FL 33166",(786) 806-4863,usacarriersolution.com,not_available,not_available,not_available,Transportation service,"VM2H+FJ Medley, Florida",https://www.google.com/maps/place/USA+CARRIER+SOLUTIONS+%7C+TRUCK+PERMITS+%7C+IFTA+%7C+ROAD+TAXES+%7C+DOT+NUMBER/data=!4m7!3m6!1s0x88d9bba48efe9371:0x3dd0c75fe9933434!8m2!3d25.8512271!4d-80.3208918!16s%2Fg%2F11l6vtfty4!19sChIJcZP-jqS72YgRNDST6V_H0D0?authuser=0&hl=en&rclk=1
Tu Casillero Express,3.9,16,"Direccion, 7861 NW 46th St, Doral, FL 33166",(786) 881-3166,cargotce.com,not_available,not_available,not_available,Trucking company,"RM8G+42 Doral, Florida",https://www.google.com/maps/place/Tu+Casillero+Express/data=!4m7!3m6!1s0x4da297f0121eed5f:0xe9b447799c4cc07!8m2!3d25.8153437!4d-80.3249518!16s%2Fg%2F11vxq13qt2!19sChIJX-0eEvCXok0RB8zEmXdEmw4?authuser=0&hl=en&rclk=1
Kelly Group Enterprises Corporation,3.8,13,"7812 NW 46th St, Doral, FL 33166",(305) 436-1800,kellygroup.us,not_available,oscar@kellygroup.us,not_available,Freight forwarding service,"RM7G+WG Doral, Florida",https://www.google.com/maps/place/Kelly+Group+Enterprises+Corporation/data=!4m7!3m6!1s0x88d9bbd5ae3f70d1:0x3914ec095e4a3196!8m2!3d25.8148564!4d-80.3237368!16s%2Fg%2F1tfsj67y!19sChIJ0XA_rtW72YgRljFKXgnsFDk?authuser=0&hl=en&rclk=1
World Courier logistics corp,not_available,not_available,"7910 NW 21st St, Doral, FL 33122",(305) 200-5537,not_available,not_available,not_available,not_available,Trucking company,"QMVG+63 Doral, Florida",https://www.google.com/maps/place/World+Courier+logistics+corp/data=!4m7!3m6!1s0x88d9b9943c187543:0xd727431e6233b6eb!8m2!3d25.7931248!4d-80.3247766!16s%2Fg%2F11vhnfc6qy!19sChIJQ3UYPJS52YgR67YzYh5DJ9c?authuser=0&hl=en&rclk=1
Southern Global Logistics,4.0,12,"8201 NW 66th St suite 1, Miami, FL 33166",(305) 884-6880,southerngl.com,not_available,not_available,not_available,Transportation service,"RMM9+FV Miami, Florida",https://www.google.com/maps/place/Southern+Global+Logistics/data=!4m7!3m6!1s0x88d9bba71c3595ab:0x8ba7489cbbf41796!8m2!3d25.8336465!4d-80.3303348!16s%2Fg%2F11bzrcbwp6!19sChIJq5U1HKe72YgRlhf0u5xIp4s?authuser=0&hl=en&rclk=1
US Freight Brokers Inc,2.0,2,"5121 NW 79th Ave, Doral, FL 33166",(786) 368-3302,not_available,not_available,not_available,not_available,Freight forwarding service,"RM9F+XX Doral, Florida",https://www.google.com/maps/place/US+Freight+Brokers+Inc/data=!4m7!3m6!1s0x88d9bbd3eb413de3:0xc71f4f4995e6b9fd!8m2!3d25.8199674!4d-80.3250099!16s%2Fg%2F1vg6vjtr!19sChIJ4z1B69O72YgR_bnmlUlPH8c?authuser=0&hl=en&rclk=1
Imperial Freight Brokers,4.0,22,"10890 NW 29th St, Doral, FL 33172",(305) 592-6910,imperialfreight.com,not_available,not_available,not_available,Freight forwarding service,"RJ2G+2R Doral, Florida",https://www.google.com/maps/place/Imperial+Freight+Brokers/data=!4m7!3m6!1s0x88d9b94a55555555:0xe41a0fbda04afb26!8m2!3d25.8000562!4d-80.372878!16s%2Fg%2F11f2wmf8tk!19sChIJVVVVVUq52YgRJvtKoL0PGuQ?authuser=0&hl=en&rclk=1
EvoluXion Y LLC,5.0,6,"8195 NW 54th St, Doral, FL 33166",(305) 510-4393,evoluxiony.com,not_available,not_available,not_available,Transportation service,"RMFC+37 Doral, Florida",https://www.google.com/maps/place/EvoluXion+Y+LLC/data=!4m7!3m6!1s0x88d9bbcbf9ad45a1:0xefe3a701e578459!8m2!3d25.8227445!4d-80.3293224!16s%2Fg%2F11h7d10tvc!19sChIJoUWt-cu72YgRWYRXHnA6_g4?authuser=0&hl=en&rclk=1
Fega Xpress Corporation,3.0,3,"7141 SW 14th St, Miami, FL 33144",(305) 225-2276,fegaxpress.com,not_available,not_available,not_available,Trucking company,"QM4Q+WP Miami, Florida",https://www.google.com/maps/place/Fega+Xpress+Corporation/data=!4m7!3m6!1s0x88d9b851db0620f5:0xf5d344587612288!8m2!3d25.7572686!4d-80.3106275!16s%2Fg%2F1vzn6c7g!19sChIJ9SAG21G42YgRiCJhh0U0XQ8?authuser=0&hl=en&rclk=1
Mahomi Cargo Express Corp,4.6,822,"8446 NW 70th St, Miami, FL 33166",(305) 324-7050,mahomicargo.us,not_available,not_available,not_available,Trucking company,"RMP7+QW Miami, Florida",https://www.google.com/maps/place/Mahomi+Cargo+Express+Corp/data=!4m7!3m6!1s0x88d9bbb880898dbb:0x9dacb4a9fa39be28!8m2!3d25.836914!4d-80.3351795!16s%2Fg%2F1tj46q8r!19sChIJu42JgLi72YgRKL45-qm0rJ0?authuser=0&hl=en&rclk=1
"Freight R Us – Freight, Logistics Company | Air, Ocean Freight Service | White Glove Service",4.8,22,"7521 NW 52nd St, Miami, FL 33166",(561) 463-5385,freightrus.net,not_available,not_available,not_available,Freight forwarding service,"RMCJ+98 Miami, Florida","https://www.google.com/maps/place/Freight+R+Us+%E2%80%93+Freight,+Logistics+Company+%7C+Air,+Ocean+Freight+Service+%7C+White+Glove+Service/data=!4m7!3m6!1s0x88d9bbb0fd492607:0x499e0330e735609b!8m2!3d25.8209016!4d-80.319183!16s%2Fg%2F11f66wtnbd!19sChIJByZJ_bC72YgRm2A15zADnkk?authuser=0&hl=en&rclk=1"
American Logistic Cargo,4.0,29,"4797 NW 72nd Ave, Miami, FL 33166",(786) 357-4592,americanlogisticcargo.com,not_available,not_available,not_available,Trucking company,"RM8Q+Q9 Miami, Florida",https://www.google.com/maps/place/American+Logistic+Cargo/data=!4m7!3m6!1s0x88d9ba2c49d1c50d:0xd0de3584f1db8778!8m2!3d25.81697!4d-80.3115512!16s%2Fg%2F11hcdslyyb!19sChIJDcXRSSy62YgReIfb8YQ13tA?authuser=0&hl=en&rclk=1
NSL Express,5.0,4,"8239 NW 68th St, Miami, FL 33166",(954) 381-6652,nsl-express.com,not_available,not_available,not_available,Trucking company,"RMP9+99 Miami, Florida",https://www.google.com/maps/place/NSL+Express/data=!4m7!3m6!1s0x88d9bbca0c5b54b1:0x6c528e4c584bcfe6!8m2!3d25.8359381!4d-80.3315233!16s%2Fg%2F11c4q1_1tb!19sChIJsVRbDMq72YgR5s9LWEyOUmw?authuser=0&hl=en&rclk=1
"Tropical Cartage Enterprises D.c., Inc.",not_available,not_available,"5842 SW 31st St, Miami, FL 33155",(305) 591-1122,not_available,not_available,not_available,not_available,Trucking company,"PPR6+P2 Miami, Florida","https://www.google.com/maps/place/Tropical+Cartage+Enterprises+D.c.,+Inc./data=!4m7!3m6!1s0x88d9b83d12595555:0x579ce1b33aad8a2b!8m2!3d25.7418185!4d-80.2898779!16s%2Fg%2F11j03bps1k!19sChIJVVVZEj242YgRK4qtOrPhnFc?authuser=0&hl=en&rclk=1"
direct permits and more,5.0,11,"7352 SW 41st St, Miami, FL 33155",(786) 325-4407,directpermitsandmore.com,not_available,not_available,not_available,Trucking company,"PMJP+V9 Miami, Florida",https://www.google.com/maps/place/direct+permits+and+more/data=!4m7!3m6!1s0x88d9b9fd0c153ca1:0xb4236625dd632dcf!8m2!3d25.7321649!4d-80.3141239!16s%2Fg%2F11rz7mgww_!19sChIJoTwVDP252YgRzy1j3SVmI7Q?authuser=0&hl=en&rclk=1
Two Men and a Truck Moving and Storage,4.3,392,"1521 NW 82nd Ave, Doral, FL 33126",(305) 939-4185,twomenandatruck.com,not_available,not_available,not_available,Mover,"QMQC+9V Doral, Florida",https://www.google.com/maps/place/Two+Men+and+a+Truck+Moving+and+Storage/data=!4m7!3m6!1s0x88d9b90cc1f6356d:0x9635113d4b4bc54d!8m2!3d25.7884599!4d-80.3278453!16s%2Fg%2F11cm6dkw89!19sChIJbTX2wQy52YgRTcVLSz0RNZY?authuser=0&hl=en&rclk=1
Simplex Group,4.3,729,"7500 NW 52nd St #100, Miami, FL 33166",(888) 405-0802,simplexgroup.net,not_available,not_available,not_available,Transportation service,"RMCJ+33 Miami, Florida",https://www.google.com/maps/place/Simplex+Group/data=!4m7!3m6!1s0x88d9ba324de20741:0x296cbf449c9340d6!8m2!3d25.8201731!4d-80.3198744!16s%2Fg%2F1vyk39ct!19sChIJQQfiTTK62YgR1kCTnES_bCk?authuser=0&hl=en&rclk=1
Smart Transport Inc - Freight Broker,5.0,4,"2222 W 79th St, Hialeah, FL 33016",(305) 333-6936,truckyourfreight.com,not_available,not_available,not_available,Logistics service,"VMVC+MF Hialeah, Florida",https://www.google.com/maps/place/Smart+Transport+Inc+-+Freight+Broker/data=!4m7!3m6!1s0x88d9bb28b1347c27:0xb8e0c1d365205d35!8m2!3d25.8941625!4d-80.3287642!16s%2Fg%2F11s0tbf8p_!19sChIJJ3w0sSi72YgRNV0gZdPB4Lg?authuser=0&hl=en&rclk=1
ABA Express,3.4,5,"2229 NW 79th Ave, Doral, FL 33122",(786) 331-9200,abaexpress.com,not_available,not_available,not_available,Logistics service,"QMRG+PG Doral, Florida",https://www.google.com/maps/place/ABA+Express/data=!4m7!3m6!1s0x88d9b975bc9ca195:0x439e03bc9f3a9842!8m2!3d25.791777!4d-80.3237047!16s%2Fg%2F1tj7x59f!19sChIJlaGcvHW52YgRQpg6n7wDnkM?authuser=0&hl=en&rclk=1
Saia LTL Freight,3.2,101,"11405 NW 36th Ave, Miami, FL 33167",(305) 685-1047,saia.com,not_available,CustomersMatter@Saia.com,not_available,Trucking company,"VPHV+F5 Miami, Florida",https://www.google.com/maps/place/Saia+LTL+Freight/data=!4m7!3m6!1s0x88d9b014cd21460d:0xc703157c5733e6bf!8m2!3d25.8787055!4d-80.2570987!16s%2Fg%2F1tdzryp7!19sChIJDUYhzRSw2YgRv-YzV3wVA8c?authuser=0&hl=en&rclk=1
Dama Bus Service/Truck Depot,5.0,not_available,"W 35th Pl, Hialeah, FL 33012",not_available,not_available,not_available,not_available,not_available,Trucking company,"VM3P+GR Hialeah, Florida",https://www.google.com/maps/place/Dama+Bus+Service%2FTruck+Depot/data=!4m7!3m6!1s0x88d9ba5727833985:0xcff672a1284915d6!8m2!3d25.8538664!4d-80.3129138!16s%2Fg%2F11b7q5lrb0!19sChIJhTmDJ1e62YgR1hVJKKFy9s8?authuser=0&hl=en&rclk=1
Beni Express Inc,5.0,2,"7270 NW 35th Terrace, Miami, FL 33122",(305) 591-0169,beniexpress.com,not_available,not_available,not_available,Freight forwarding service,"RM4P+Q2 Miami, Florida",https://www.google.com/maps/place/Beni+Express+Inc/data=!4m7!3m6!1s0x88d9bbc6f8f2f887:0xec571e19b8594889!8m2!3d25.8069807!4d-80.314945!16s%2Fg%2F1thn69pc!19sChIJh_jy-Ma72YgRiUhZuBkeV-w?authuser=0&hl=en&rclk=1
A Tu Puerta Express,4.5,67,"8355 NW 68th St, Miami, FL 33166",(786) 382-0758,atupuertaexpress.com,not_available,not_available,not_available,Freight forwarding service,"RMP8+7Q Miami, Florida",https://www.google.com/maps/place/A+Tu+Puerta+Express/data=!4m7!3m6!1s0x88d9bbc7c2a9b03d:0x6cd54f3338a31191!8m2!3d25.8356802!4d-80.3330465!16s%2Fg%2F11f03wv5s4!19sChIJPbCpwse72YgRkRGjODNP1Ww?authuser=0&hl=en&rclk=1
BOXEX | BOX EXPRESS Courier | Doral Miami,4.0,13,"2025 NW 102nd Ave STE 109, Doral, FL 33172",(305) 938-5658,boxexpress.us,not_available,not_available,not_available,Shipping and mailing service,"QJVQ+5V Doral, Florida",https://www.google.com/maps/place/BOXEX+%7C+BOX+EXPRESS+Courier+%7C+Doral+Miami/data=!4m7!3m6!1s0x88d9b99afe4528e5:0x3b64dace528d958f!8m2!3d25.7929131!4d-80.3603565!16s%2Fg%2F1tf668fb!19sChIJ5ShF_pq52YgRj5WNUs7aZDs?authuser=0&hl=en&rclk=1
EastCoast Transportation Company,2.3,29,"2646 NW 97th Ave, Doral, FL 33172",(305) 887-2307,not_available,not_available,not_available,not_available,Handicapped transportation service,"QJXW+HM Doral, Florida",https://www.google.com/maps/place/EastCoast+Transportation+Company/data=!4m7!3m6!1s0x88d9b9891fbddaeb:0x492d35c4e323d089!8m2!3d25.7989651!4d-80.3533279!16s%2Fg%2F11gk8qwtvn!19sChIJ69q9H4m52YgRidAj48Q1LUk?authuser=0&hl=en&rclk=1
Yaguarama Express Inc,4.0,not_available,"6045 NW 87th Ave, Miami, FL 33178",(305) 305-4087,yaguaramaexpress.net,not_available,not_available,not_available,Trucking company,"RMH7+C3 Miami, Florida",https://www.google.com/maps/place/Yaguarama+Express+Inc/data=!4m7!3m6!1s0x88d9bbbfe50d92d1:0xfff3b947cab0c4b9!8m2!3d25.8286051!4d-80.337288!16s%2Fg%2F11jk0cxxwk!19sChIJ0ZIN5b-72YgRucSwyke58_8?authuser=0&hl=en&rclk=1
Dawn Freight Inc,4.8,4,"4430 NW 74th Ave, Miami, FL 33166",(305) 597-1545,dawnfreight.net,not_available,not_available,not_available,Freight forwarding service,"RM7J+R2 Miami, Florida",https://www.google.com/maps/place/Dawn+Freight+Inc/data=!4m7!3m6!1s0x88d9ba2a4b93621f:0xe36d73bf71d67cdd!8m2!3d25.8146183!4d-80.3199885!16s%2Fg%2F1tghdyvh!19sChIJH2KTSyq62YgR3XzWcb9zbeM?authuser=0&hl=en&rclk=1
LTC Global Logistics LLC,5.0,2,"8000 NW 29th St, Doral, FL 33122",(305) 465-2030,ltcgl.com,not_available,not_available,not_available,Freight forwarding service,"RM2F+62 Doral, Florida",https://www.google.com/maps/place/LTC+Global+Logistics+LLC/data=!4m7!3m6!1s0x88d9b95e99b485df:0x2cddfa2ccb4f8db2!8m2!3d25.8005924!4d-80.3273932!16s%2Fg%2F11p647py4g!19sChIJ34W0mV652YgRso1Pyyz63Sw?authuser=0&hl=en&rclk=1
Tri County Truck and Trailer Repair Inc,4.4,310,"8000 NW 74th St, Medley, FL 33166",(786) 879-2275,tctruckandtrailer.com,not_available,not_available,not_available,Truck repair shop,"RMRF+49 Medley, Florida",https://www.google.com/maps/place/Tri+County+Truck+and+Trailer+Repair+Inc/data=!4m7!3m6!1s0x88d9bb755711df49:0x56c5f26c4d3994ee!8m2!3d25.8402988!4d-80.3265861!16s%2Fg%2F11f405hfzy!19sChIJSd8RV3W72YgR7pQ5TWzyxVY?authuser=0&hl=en&rclk=1
Quick Shipping,3.8,68,"8501 NW 17th St Ste 120, Doral, FL 33126",(305) 594-9378,quickshipping.com,not_available,not_available,not_available,Freight forwarding service,"QMR7+XW Doral, Florida",https://www.google.com/maps/place/Quick+Shipping/data=!4m7!3m6!1s0x88d9b96cdce99cfb:0x2f7cd54398bfbc61!8m2!3d25.7924287!4d-80.3352494!16s%2Fg%2F1ygvt047r!19sChIJ-5zp3Gy52YgRYby_mEPVfC8?authuser=0&hl=en&rclk=1
Interglobal Logistics Corp.,5.0,5,"8750 NW 36th St # 620, Doral, FL 33178",(305) 470-9989,intergloballogistics.com,not_available,not_available,not_available,Freight forwarding service,"RM56+QC Doral, Florida",https://www.google.com/maps/place/Interglobal+Logistics+Corp./data=!4m7!3m6!1s0x88d9b97c7b83a325:0xd895a000952d1a1e!8m2!3d25.8094753!4d-80.3389541!16s%2Fg%2F1tftrx5n!19sChIJJaODe3y52YgRHhotlQCgldg?authuser=0&hl=en&rclk=1
