name,rating,reviews,address,phone,website,hours,email,social_media,category,plus_code,url
Doral Tours & Transportation,2.8,17,"7250 NW 11th St, Doral, FL 33126",(305) 406-2036,doraltransport.com,not_available,not_available,not_available,Transportation service,"QMJP+8G Doral, Florida",https://www.google.com/maps/place/Doral+Tours+%26+Transportation/data=!4m7!3m6!1s0x88d9b9a4f442553b:0x85c6ead3221a9cc3!8m2!3d25.7807679!4d-80.313646!16s%2Fg%2F1hc4p9c2w!19sChIJO1VC9KS52YgRw5waItPqxoU?authuser=0&hl=en&rclk=1
Lux VIP Transportation - Miami,5.0,18,"5501 NW 82nd Ave, Doral, FL 33166",(877) 737-1589,luxvipmiami.com,not_available,not_available,not_available,Limousine service,"RMFC+C6 Doral, Florida",https://www.google.com/maps/place/Lux+VIP+Transportation+-+Miami/data=!4m7!3m6!1s0x88d9bb7c1881ff85:0xd6a3b921bee9a039!8m2!3d25.8235394!4d-80.3294499!16s%2Fg%2F11v66452_s!19sChIJhf-BGHy72YgROaDpviG5o9Y?authuser=0&hl=en&rclk=1
Miami luxury services,5.0,45,"7950 NW 53rd St #337, Miami, FL 33166",(786) 575-7028,miamiluxuryservices.us,not_available,not_available,not_available,Transportation service,"RMCF+FC Miami, Florida",https://www.google.com/maps/place/Miami+luxury+services/data=!4m7!3m6!1s0x88d9bbff25b92b4b:0xb3e055f39735bc02!8m2!3d25.8212276!4d-80.3263975!16s%2Fg%2F11jz8400kp!19sChIJSyu5Jf-72YgRArw1l_NV4LM?authuser=0&hl=en&rclk=1
Miami Transportation Services,not_available,not_available,"10O46, NW 41st St, Doral, FL 33178",(305) 412-8008,not_available,not_available,not_available,not_available,Transportation service,"RJ6Q+CW Doral, Florida",https://www.google.com/maps/place/Miami+Transportation+Services/data=!4m7!3m6!1s0x88d9b9b0ef66bcf7:0x24e25f17acbe4c3d!8m2!3d25.8110662!4d-80.3601351!16s%2Fg%2F11gl43s42w!19sChIJ97xm77C52YgRPUy-rBdf4iQ?authuser=0&hl=en&rclk=1
Royal Transportation,4.1,210,"8880 NW 20th St N, Miami, FL 33172",(786) 403-4434,royal-transportation.com,not_available,not_available,not_available,Transportation service,"QMR5+QV Miami, Florida",https://www.google.com/maps/place/Royal+Transportation/data=!4m7!3m6!1s0x88d9c127a532c617:0x1d959f99267dd75a!8m2!3d25.7919844!4d-80.3403725!16s%2Fg%2F11jtbmp902!19sChIJF8YypSfB2YgRWtd9JpmflR0?authuser=0&hl=en&rclk=1
EastCoast Transportation Company,2.3,29,"2646 NW 97th Ave, Doral, FL 33172",(305) 887-2307,not_available,not_available,not_available,not_available,Handicapped transportation service,"QJXW+HM Doral, Florida",https://www.google.com/maps/place/EastCoast+Transportation+Company/data=!4m7!3m6!1s0x88d9b9891fbddaeb:0x492d35c4e323d089!8m2!3d25.7989651!4d-80.3533279!16s%2Fg%2F11gk8qwtvn!19sChIJ69q9H4m52YgRidAj48Q1LUk?authuser=0&hl=en&rclk=1
Limme Black Car Services,5.0,126,"8800 NW 36th St Unit 4346, Doral, FL 33178",(786) 451-3919,luxetransportations.com,not_available,not_available,not_available,Limousine service,"RM55+VQ Doral, Florida",https://www.google.com/maps/place/Limme+Black+Car+Services/data=!4m7!3m6!1s0x88d9b9718dc3770f:0x2f59d80629e06c45!8m2!3d25.8097033!4d-80.340545!16s%2Fg%2F11q4c5b64w!19sChIJD3fDjXG52YgRRWzgKQbYWS8?authuser=0&hl=en&rclk=1
Titan Transport Services LLC,5.0,3,"1692 NW 82nd Ave, Doral, FL 33126",(786) 260-0700,ttsmia.com,not_available,not_available,not_available,Logistics service,"QMQ9+RJ Doral, Florida",https://www.google.com/maps/place/Titan+Transport+Services+LLC/data=!4m7!3m6!1s0x88d9b974718a3489:0x9414b13f40224bed!8m2!3d25.7895806!4d-80.3308949!16s%2Fg%2F1tdhftbm!19sChIJiTSKcXS52YgR7UsiQD-xFJQ?authuser=0&hl=en&rclk=1
Maxpedited Services LLC,5.0,7,"3785 NW 82nd Ave Suite 209, Doral, FL 33166",(305) 540-4428,not_available,not_available,not_available,not_available,Transportation service,"RM5C+9F Doral, Florida",https://www.google.com/maps/place/Maxpedited+Services+LLC/data=!4m7!3m6!1s0x88d9b99a4f16b60f:0xc7043fd01b8a617c!8m2!3d25.8084186!4d-80.3288395!16s%2Fg%2F11wwzcmjtw!19sChIJD7YWT5q52YgRfGGKG9A_BMc?authuser=0&hl=en&rclk=1
Many Van Line,3.3,12,"9725 NW 52nd St, Doral, FL 33178",(305) 559-5829,manyvanline.com,not_available,not_available,not_available,Transportation service,"RJCW+M8 Doral, Florida",https://www.google.com/maps/place/Many+Van+Line/data=!4m7!3m6!1s0x88d9bbe4b3a988d1:0xeffce13a8705e2c9!8m2!3d25.8217413!4d-80.3542482!16s%2Fg%2F1hm2db2qp!19sChIJ0Yips-S72YgRyeIFhzrh_O8?authuser=0&hl=en&rclk=1
American Transportation & Limo Service,4.9,"1,294","3319 NW 74th Ave, Miami, FL 33122",(305) 885-5002,americanlimofl.com,not_available,not_available,not_available,Limousine service,"RM3M+H9 Miami, Florida",https://www.google.com/maps/place/American+Transportation+%26+Limo+Service/data=!4m7!3m6!1s0x88d9b98a0881a333:0xba4c0c3bc1955235!8m2!3d25.8038893!4d-80.3165231!16s%2Fg%2F11btyv_lkk!19sChIJM6OBCIq52YgRNVKVwTsMTLo?authuser=0&hl=en&rclk=1
Freight Transportation Services | CP Broker 🚚,4.6,20,"8383 NW 66th St, Doral, FL 33166",(954) 605-6949,cpbroker.net,not_available,not_available,not_available,Freight forwarding service,"RMM8+FG Doral, Florida",https://www.google.com/maps/place/Freight+Transportation+Services+%7C+CP+Broker+%F0%9F%9A%9A/data=!4m7!3m6!1s0x88d9bb9f2e46cd71:0x2e5ef2072014fc19!8m2!3d25.8336258!4d-80.3336606!16s%2Fg%2F11j8wjxdgn!19sChIJcc1GLp-72YgRGfwUIAfyXi4?authuser=0&hl=en&rclk=1
JLD Nation Corp,4.7,41,"8333 NW 53rd St SUITE 450, Doral, FL 33166",(786) 784-6251,jldnationcorp.com,not_available,not_available,not_available,Transportation service,"RMC9+P3 Doral, Florida",https://www.google.com/maps/place/JLD+Nation+Corp/data=!4m7!3m6!1s0x88d9bb44b80f2337:0x852a7c57c10ed48b!8m2!3d25.8218444!4d-80.3322642!16s%2Fg%2F11x8d6r3yz!19sChIJNyMPuES72YgRi9QOwVd8KoU?authuser=0&hl=en&rclk=1
Loyalty Transport Services,not_available,not_available,"5551 NW 82nd Ave, Doral, FL 33166",(305) 203-2983,loyaltytransport.net,not_available,not_available,not_available,Transportation service,"RMFC+H5 Doral, Florida",https://www.google.com/maps/place/Loyalty+Transport+Services/data=!4m7!3m6!1s0x88d9b1b84ff2e0e7:0x7ab5fb7e13e5cfb8!8m2!3d25.8239373!4d-80.3295175!16s%2Fg%2F11gxdsdzhk!19sChIJ5-DyT7ix2YgRuM_lE377tXo?authuser=0&hl=en&rclk=1
RAD Medical Transportation Inc.,2.7,21,"11477 NW 34th St, Doral, FL 33178",(786) 571-7231,rymaps.xyz,not_available,not_available,not_available,Transportation service,"RJ48+3R Doral, Florida",https://www.google.com/maps/place/RAD+Medical+Transportation+Inc./data=!4m7!3m6!1s0x88d9bffae0f6ac31:0x3f90dd571be1b5ca!8m2!3d25.8052386!4d-80.3829427!16s%2Fg%2F11ry3p9_9l!19sChIJMaz24Pq_2YgRyrXhG1fdkD8?authuser=0&hl=en&rclk=1
STAR LUX Transportation / Miami & World wide Limousine Services,4.5,36,"7950 NW 53rd St #337, Miami, FL 33166",(833) 465-8900,starlux.com,not_available,not_available,"{""twitter"": ""x.com/book-a-ride""}",Limousine service,"RMCF+FC Miami, Florida",https://www.google.com/maps/place/STAR+LUX+Transportation+%2F+Miami+%26+World+wide+Limousine+Services/data=!4m7!3m6!1s0x88d9bbb94f4cffb7:0x784b6deb820f0939!8m2!3d25.8212276!4d-80.3263975!16s%2Fg%2F11s5xk2psy!19sChIJt_9MT7m72YgROQkPguttS3g?authuser=0&hl=en&rclk=1
Blue Island Transport Service,4.8,21,"8600 NW South River Dr, Medley, FL 33166",(305) 505-0506,not_available,not_available,not_available,not_available,Transportation service,"VM2H+5Q Medley, Florida",https://www.google.com/maps/place/Blue+Island+Transport+Service/data=!4m7!3m6!1s0x88d9bb5cc4e65853:0x7580d977727d1f9e!8m2!3d25.850386!4d-80.3205197!16s%2Fg%2F11tft3pzyh!19sChIJU1jmxFy72YgRnh99cnfZgHU?authuser=0&hl=en&rclk=1
UniRide Logistic LLC,5.0,7,"8350 NW 56th St Suite B, Doral, FL 33166",(305) 703-2002,not_available,not_available,not_available,not_available,Transportation service,"RMF8+CV Doral, Florida",https://www.google.com/maps/place/UniRide+Logistic+LLC/data=!4m7!3m6!1s0x88d9bb42ab5708af:0x177fad9b8a88167e!8m2!3d25.8235962!4d-80.332756!16s%2Fg%2F11p5x53ht5!19sChIJrwhXq0K72YgRfhaIiputfxc?authuser=0&hl=en&rclk=1
Medical Transportation,4.2,5,"130 SW 71st Ave, Miami, FL 33144",(305) 979-0788,atransportation.com,not_available,not_available,not_available,Transportation service,"QM9Q+FM Miami, Florida",https://www.google.com/maps/place/Medical+Transportation/data=!4m7!3m6!1s0x88d9b9ad8fc284a9:0x7dd1e594f5794be1!8m2!3d25.7687411!4d-80.3108203!16s%2Fg%2F1vm7c7wm!19sChIJqYTCj6252YgR4Ut59ZTl0X0?authuser=0&hl=en&rclk=1
"Armellini Logistics- Miami, FL",4.1,108,"2811 NW 74th Ave, Doral, FL 33122",(305) 592-5933,armellini.com,not_available,not_available,not_available,Logistics service,"RM2M+3H Doral, Florida","https://www.google.com/maps/place/Armellini+Logistics-+Miami,+FL/data=!4m7!3m6!1s0x88d9b99caae672dd:0x780e4daa63745e5e!8m2!3d25.8002471!4d-80.3160018!16s%2Fg%2F1tsr3_sh!19sChIJ3XLmqpy52YgRXl50Y6pNDng?authuser=0&hl=en&rclk=1"
5 Star Auto Transport,4.9,234,"1501 Palm Ave, Hialeah, FL 33010",(305) 887-7272,5starautotransportinc.com,not_available,not_available,not_available,Transportation service,"RPP9+7C Hialeah, Florida",https://www.google.com/maps/place/5+Star+Auto+Transport/data=!4m7!3m6!1s0x88d9ba748faba2ab:0x94aab9d89cabdd14!8m2!3d25.8356464!4d-80.2814572!16s%2Fg%2F11f1lxw2k4!19sChIJq6Krj3S62YgRFN2rnNi5qpQ?authuser=0&hl=en&rclk=1
BELUH INTERNATIONAL SERVICES,5.0,18,"5141 NW 79th Ave #7, Doral, FL 33166",(786) 647-0973,beluh.com,not_available,not_available,not_available,Trucking company,"RM9G+XM Doral, Florida",https://www.google.com/maps/place/BELUH+INTERNATIONAL+SERVICES/data=!4m7!3m6!1s0x88d9bbcee26b6121:0x3dd23e9ca2981db4!8m2!3d25.819928!4d-80.3232844!16s%2Fg%2F11fm_754p9!19sChIJIWFr4s672YgRtB2Yopw-0j0?authuser=0&hl=en&rclk=1
MIAMI ELITE TRANSFERS,4.9,82,"5501 NW 7th St e309, Miami, FL 33126",(800) 281-1035,miamielitetransfers.com,not_available,not_available,not_available,Limousine service,"QPH8+C5 Miami, Florida",https://www.google.com/maps/place/MIAMI+ELITE+TRANSFERS/data=!4m7!3m6!1s0x88d9b96b69e4bb3b:0x9ff3839deabd635f!8m2!3d25.778563!4d-80.2845493!16s%2Fg%2F11h6gbgbb1!19sChIJO7vkaWu52YgRX2O96p2D858?authuser=0&hl=en&rclk=1
Key Transportation,3.7,22,"13215 W Okeechobee Rd, Hialeah, FL 33018",(877) 539-5005,key-transportation.com,not_available,not_available,not_available,Chauffeur service,"VJVG+FC Hialeah, Florida",https://www.google.com/maps/place/Key+Transportation/data=!4m7!3m6!1s0x88d9bdd72a050f3f:0x53d9869ce80323d6!8m2!3d25.893743!4d-80.3739499!16s%2Fg%2F11sstybrfz!19sChIJPw8FKte92YgR1iMD6JyG2VM?authuser=0&hl=en&rclk=1
Olarte Transport,4.5,51,"8542 NW 72nd St, Miami, FL 33166",(305) 423-7539,olartetransport.com,not_available,not_available,not_available,Trucking company,"RMQ7+7F Miami, Florida",https://www.google.com/maps/place/Olarte+Transport/data=!4m7!3m6!1s0x88d9bbb8450fb591:0x76c453aaed2ae900!8m2!3d25.8382024!4d-80.3362855!16s%2Fg%2F1thsb4nx!19sChIJkbUPRbi72YgRAOkq7apTxHY?authuser=0&hl=en&rclk=1
Cata Black Car Transportation Miami,4.8,120,"3301 NE 1st Ave, Miami, FL 33137",(305) 788-6699,catablackcar.com,Open 24 hours,not_available,not_available,Limousine service,"RR55+43 Miami, Florida",https://www.google.com/maps/place/Cata+Black+Car+Transportation+Miami/data=!4m7!3m6!1s0x88d9b15473047b67:0x1fcfc0bac73532d9!8m2!3d25.8078433!4d-80.1922895!16s%2Fg%2F12mkw9h_q!19sChIJZ3sEc1Sx2YgR2TI1x7rAzx8?authuser=0&hl=en&rclk=1
Sterling Transportation,4.1,54,"8201 NW 56th St, Miami, FL 33166",(305) 591-1276,sterlingtransportation.com,not_available,not_available,not_available,Transportation service,"RMF9+XR Miami, Florida",https://www.google.com/maps/place/Sterling+Transportation/data=!4m7!3m6!1s0x88d9bbb10ca8379d:0xca059d8e0b381b13!8m2!3d25.8249649!4d-80.3304363!16s%2Fg%2F1td18n8c!19sChIJnTeoDLG72YgRExs4C46dBco?authuser=0&hl=en&rclk=1
Pro Transport Miami,4.5,37,"10800 NW South River Dr, Miami, FL 33178",(305) 884-4186,protransportusa.com,not_available,shayna@protransportusa.com,not_available,Trucking company,"VMC3+H2 Miami, Florida",https://www.google.com/maps/place/Pro+Transport+Miami/data=!4m7!3m6!1s0x88d9bb718a810483:0xf534cc88c487bcd1!8m2!3d25.8714049!4d-80.3474146!16s%2Fg%2F1vnnk65t!19sChIJgwSBinG72YgR0byHxIjMNPU?authuser=0&hl=en&rclk=1
The Elite Carrier Services,4.5,69,"8245 NW 93rd St, Medley, FL 33166",(305) 405-2600,elitecsom.com,not_available,not_available,not_available,Transportation service,"VM59+6G Medley, Florida",https://www.google.com/maps/place/The+Elite+Carrier+Services/data=!4m7!3m6!1s0x88d9bb66bd02d90b:0xb8417ab81bc8ee77!8m2!3d25.8580886!4d-80.3312471!16s%2Fg%2F11btm0gqnp!19sChIJC9kCvWa72YgRd-7IG7h6Qbg?authuser=0&hl=en&rclk=1
O'Globo Cargo Miami,4.5,44,"4815 NW 79th Ave Unit 05, Doral, FL 33166",(786) 534-9510,oglobocargo.com,not_available,not_available,not_available,Trucking company,"RM9G+32 Doral, Florida",https://www.google.com/maps/place/O%27Globo+Cargo+Miami/data=!4m7!3m6!1s0x88d9b852935245e1:0xb6dbf51daa338078!8m2!3d25.8177459!4d-80.3249602!16s%2Fg%2F11gbkjv56p!19sChIJ4UVSk1K42YgReIAzqh3127Y?authuser=0&hl=en&rclk=1
Hecny Transportation Inc,3.9,21,"1904 NW 82nd Ave, Doral, FL 33126",(305) 594-5882,hecny.com,not_available,not_available,not_available,Freight forwarding service,"QMRC+Q7 Doral, Florida",https://www.google.com/maps/place/Hecny+Transportation+Inc/data=!4m7!3m6!1s0x88d9b973a7fcdff5:0x1f9dcd4b658e9854!8m2!3d25.7919374!4d-80.3293448!16s%2Fg%2F1vf9d516!19sChIJ9d_8p3O52YgRVJiOZUvNnR8?authuser=0&hl=en&rclk=1
Servitrans Cargo Doral,3.7,6,"1736 NW 82nd Ave, Doral, FL 33126",(786) 334-6828,servitranscargo.com,not_available,not_available,not_available,Trucking company,"QMR9+4W Doral, Florida",https://www.google.com/maps/place/Servitrans+Cargo+Doral/data=!4m7!3m6!1s0x88d9b94175fc481d:0xe46733d9aea68332!8m2!3d25.7903337!4d-80.3301267!16s%2Fg%2F11y7v00p27!19sChIJHUj8dUG52YgRMoOmrtkzZ-Q?authuser=0&hl=en&rclk=1
Shuttle Express Miami LLC,5.0,406,not_available,(305) 462-8826,shuttleexpressmiami.com,not_available,not_available,not_available,Airport shuttle service,not_available,https://www.google.com/maps/place/Shuttle+Express+Miami+LLC/data=!4m7!3m6!1s0x645d27c4ca8c3a1f:0x1b178f35a8513312!8m2!3d25.658391!4d-80.9169924!16s%2Fg%2F11ryrl2f5p!19sChIJHzqMysQnXWQREjNRqDWPFxs?authuser=0&hl=en&rclk=1
Speed Services Logistic,1.0,not_available,"3105 Nw 107th ave suite 430 Doral, Miami, FL 33172",(786) 756-5938,speedservices.org,Closed ⋅ Opens 8 AM Thu,not_available,not_available,Transportation service,"RJ3J+5R Miami, Florida",https://www.google.com/maps/place/Speed+Services+Logistic/data=!4m7!3m6!1s0x88d9bff9dcf16e39:0x596ad92c3e6c1e5b!8m2!3d25.8028835!4d-80.3679964!16s%2Fg%2F11rq1dkrh5!19sChIJOW7x3Pm_2YgRWx5sPizZalk?authuser=0&hl=en&rclk=1
Aircraft Transportation Worldwide (ATW),5.0,11,"11003 NW 33rd St, Doral, FL 33172",(305) 456-8400,atwcargo.com,not_available,not_available,not_available,Freight forwarding service,"RJ3F+RP Doral, Florida",https://www.google.com/maps/place/Aircraft+Transportation+Worldwide+%28ATW%29/data=!4m7!3m6!1s0x88d9bfe2eb5c3b37:0x42a00fd902695f10!8m2!3d25.8045866!4d-80.3756366!16s%2Fg%2F11l0mz4ml1!19sChIJNztc6-K_2YgREF9pAtkPoEI?authuser=0&hl=en&rclk=1
Rolling Limo LLC,5.0,not_available,"4560 NW 79th Ave, Doral, FL 33166",(786) 567-7433,rollinglimomiami.com,not_available,not_available,not_available,Limousine service,"RM7F+QF Doral, Florida",https://www.google.com/maps/place/Rolling+Limo+LLC/data=!4m7!3m6!1s0x88d9bbd5dd059387:0x23821c1b949e0440!8m2!3d25.814478!4d-80.326331!16s%2Fg%2F11b6dxfsy8!19sChIJh5MF3dW72YgRQASelBscgiM?authuser=0&hl=en&rclk=1
EASY TRANSPORT SERVICE,5.0,not_available,"945 NW 126th Ct, Miami, FL 33182",not_available,easytransportmiami.com,not_available,not_available,not_available,School bus service,"QJH2+C2 Miami, Florida",https://www.google.com/maps/place/EASY+TRANSPORT+SERVICE/data=!4m7!3m6!1s0x88d9bf9e5b2a95fd:0xef83d9c503eb4455!8m2!3d25.778572!4d-80.3998957!16s%2Fg%2F11w3t4s5kk!19sChIJ_ZUqW56_2YgRVUTrA8XZg-8?authuser=0&hl=en&rclk=1
Auto Trip Transportation,5.0,2,not_available,(866) 895-8081,autotriptransportation.com,not_available,not_available,not_available,Transportation service,not_available,https://www.google.com/maps/place/Auto+Trip+Transportation/data=!4m7!3m6!1s0x6bce4a4167f42737:0x75710f0835c1e06c!8m2!3d33.4523944!4d-95.504983!16s%2Fg%2F11xmg0glnk!19sChIJNyf0Z0FKzmsRbODBNQgPcXU?authuser=0&hl=en&rclk=1
Lazaro Delivery Corporation,3.7,66,"7451 NW 63rd St, Doral, FL 33166",(305) 629-8948,lazarodelivery.com,not_available,not_available,not_available,Trucking company,"RMJJ+9C Doral, Florida",https://www.google.com/maps/place/Lazaro+Delivery+Corporation/data=!4m7!3m6!1s0x88d9b94595f4f47b:0x1db39223ac98f94f!8m2!3d25.830989!4d-80.3188957!16s%2Fg%2F11btw_yfzt!19sChIJe_T0lUW52YgRT_mYrCOSsx0?authuser=0&hl=en&rclk=1
"Snow Transportation ,Inc",4.7,12,not_available,(305) 849-3162,not_available,not_available,not_available,not_available,Transportation service,not_available,"https://www.google.com/maps/place/Snow+Transportation+,Inc/data=!4m7!3m6!1s0x88d9b960b388a121:0x779115cea2ede243!8m2!3d25.5584269!4d-80.468195!16s%2Fg%2F11qqn75sbf!19sChIJIaGIs2C52YgRQ-Ltos4VkXc?authuser=0&hl=en&rclk=1"
A Plus School Bus,3.4,8,"8010 NW 56th St, Doral, FL 33166",(786) 273-7287,aplusbus.com,not_available,not_available,not_available,School bus service,"RMFC+MR Doral, Florida",https://www.google.com/maps/place/A+Plus+School+Bus/data=!4m7!3m6!1s0x88d9bbd1e677187b:0x44dc4cd19293b436!8m2!3d25.8241723!4d-80.3279335!16s%2Fg%2F1v3knwbm!19sChIJexh35tG72YgRNrSTktFM3EQ?authuser=0&hl=en&rclk=1
https://www.topleveltransportation.com/,5.0,4,not_available,(305) 302-4933,topleveltransportation.com,not_available,not_available,not_available,Transportation service,not_available,https://www.google.com/maps/place/https:%2F%2Fwww.topleveltransportation.com%2F/data=!4m7!3m6!1s0x87f55749200ac649:0xe923c95c58f16d40!8m2!3d25.782414!4d-80.2253934!16s%2Fg%2F11yf3xrg3f!19sChIJScYKIElX9YcRQG3xWFzJI-k?authuser=0&hl=en&rclk=1
M C International Transportation,4.6,69,"8321 NW 68th St, Miami, FL 33166",(305) 805-8228,mcitransport.com,not_available,not_available,not_available,Trucking company,"RMP9+55 Miami, Florida",https://www.google.com/maps/place/M+C+International+Transportation/data=!4m7!3m6!1s0x88d9bbb10ca8379d:0x8bb375681aab2609!8m2!3d25.8354589!4d-80.3320953!16s%2Fg%2F1tgx7dny!19sChIJnTeoDLG72YgRCSarGmh1s4s?authuser=0&hl=en&rclk=1
Alva Freight International (Freight Forwarder & NVOCC),4.4,17,"7750 NW 46th St, Doral, FL 33166",(305) 403-7755,alvafreight.com,Closed ⋅ Opens 8 AM Thu,not_available,not_available,Freight forwarding service,"RM7H+W6 Doral, Florida",https://www.google.com/maps/place/Alva+Freight+International+%28Freight+Forwarder+%26+NVOCC%29/data=!4m7!3m6!1s0x88d9bbd5b1eeb741:0x69cce2b24a87b268!8m2!3d25.8148668!4d-80.3219217!16s%2Fg%2F1q5gnbz6m!19sChIJQbfusdW72YgRaLKHSrLizGk?authuser=0&hl=en&rclk=1
Senaduana Freight Forwarders,4.5,74,"7778 NW 46th St, Doral, FL 33166",(305) 392-6741,senaduana.com,not_available,not_available,not_available,Freight forwarding service,"RM7G+XV Doral, Florida",https://www.google.com/maps/place/Senaduana+Freight+Forwarders/data=!4m7!3m6!1s0x88d9bbd5037eb395:0x8044da6e0726fb7d!8m2!3d25.8148845!4d-80.3228012!16s%2Fg%2F11b61rty5j!19sChIJlbN-A9W72YgRffsmB27aRIA?authuser=0&hl=en&rclk=1
Veloexpress International Inc,4.6,17,"3541 NW 82nd Ave, Doral, FL 33122",(305) 290-7033,veloexpress.us,not_available,not_available,not_available,Freight forwarding service,"RM4F+J2 Doral, Florida",https://www.google.com/maps/place/Veloexpress+International+Inc/data=!4m7!3m6!1s0x88d9b97331d457b3:0xef86eb96d215c5bc!8m2!3d25.8065032!4d-80.3274547!16s%2Fg%2F1hc2bztq3!19sChIJs1fUMXO52YgRvMUV0pbrhu8?authuser=0&hl=en&rclk=1
Vortex Worldwide Logistics,4.2,12,"3301 NW 97th Ave, Doral, FL 33172",(305) 715-9090,vortexwl.com,not_available,not_available,not_available,Freight forwarding service,"RJ3W+VR Doral, Florida",https://www.google.com/maps/place/Vortex+Worldwide+Logistics/data=!4m7!3m6!1s0x88d9b94a02f9bff3:0xc10eb595f93d1614!8m2!3d25.8046342!4d-80.3528938!16s%2Fg%2F1tvr_j64!19sChIJ87_5Akq52YgRFBY9-ZW1DsE?authuser=0&hl=en&rclk=1
Sensation Tours,5.0,94,"215 SW 42nd Ave, Miami, FL 33134",(786) 212-4836,sensationtours.com,not_available,not_available,not_available,Transportation service,"QPCP+2Q Miami, Florida",https://www.google.com/maps/place/Sensation+Tours/data=!4m7!3m6!1s0x88d9b7b7f9c3f5fd:0x707de9bd6567d87!8m2!3d25.7700621!4d-80.2630938!16s%2Fg%2F11g8g0z1f5!19sChIJ_fXD-be32YgRh31W1pveBwc?authuser=0&hl=en&rclk=1
"iTransport Services, Inc.",4.3,12,"8601 SW 129th Terrace, Miami, FL 33156",(305) 662-6797,not_available,not_available,not_available,not_available,Transportation service,"JMX9+X6 Miami, Florida","https://www.google.com/maps/place/iTransport+Services,+Inc./data=!4m7!3m6!1s0x88d9b7fb6aa3ac3d:0xd34fe5d37738c7ca!8m2!3d25.6499001!4d-80.3319444!16s%2Fg%2F1tp8_vny!19sChIJPayjavu32YgRysc4d9PlT9M?authuser=0&hl=en&rclk=1"
International Servic,not_available,not_available,"8552 NW 66th St, Doral, FL 33166",(561) 788-1608,not_available,not_available,not_available,not_available,Transportation service,"RMM7+8J Doral, Florida",https://www.google.com/maps/place/International+Servic/data=!4m7!3m6!1s0x88d9bbc6fad7a717:0xd9279155119ac0e0!8m2!3d25.8332769!4d-80.3359018!16s%2Fg%2F11y2cl11ly!19sChIJF6fX-sa72YgR4MCaEVWRJ9k?authuser=0&hl=en&rclk=1
Gorail Distribution Co.,5.0,not_available,"8296 NW 56th St, Doral, FL 33166",(305) 794-9498,not_available,not_available,not_available,not_available,Transportation service,"RMF9+H9 Doral, Florida",https://www.google.com/maps/place/Gorail+Distribution+Co./data=!4m7!3m6!1s0x88d9bbd011777b1d:0xdabad873c7013c01!8m2!3d25.823885!4d-80.331568!16s%2Fg%2F11ghr132f2!19sChIJHXt3EdC72YgRATwBx3PYuto?authuser=0&hl=en&rclk=1
Xpress Freight Services,3.7,20,"8550 NW 17th St # 100, Doral, FL 33126",(305) 591-0033,shipwithxpress.com,not_available,not_available,not_available,Freight forwarding service,"QMQ8+95 Doral, Florida",https://www.google.com/maps/place/Xpress+Freight+Services/data=!4m7!3m6!1s0x88d9bbf055555555:0xfcab416abb061be3!8m2!3d25.7884442!4d-80.3346024!16s%2Fg%2F11f72_363y!19sChIJVVVVVfC72YgR4xsGu2pBq_w?authuser=0&hl=en&rclk=1
Master Delivery,4.6,7,"8757 NW 35th Ln, Doral, FL 33172",(305) 930-5032,master-delivery.net,not_available,not_available,not_available,Trucking company,"RM56+4H Doral, Florida",https://www.google.com/maps/place/Master+Delivery/data=!4m7!3m6!1s0x88d9bbf77bbfffff:0xe86c7189f3b14289!8m2!3d25.8078503!4d-80.3385798!16s%2Fg%2F11h4cfzrvm!19sChIJ__-_e_e72YgRiUKx84lxbOg?authuser=0&hl=en&rclk=1
Elite Transportation Miami,4.9,129,not_available,(954) 579-9910,elitetransportmiami.com,not_available,not_available,not_available,Limousine service,not_available,https://www.google.com/maps/place/Elite+Transportation+Miami/data=!4m7!3m6!1s0x448b34dac85553d7:0x5db97c99c084ad00!8m2!3d26.5790445!4d-80.9378219!16s%2Fg%2F11v69z4z58!19sChIJ11NVyNo0i0QRAK2EwJl8uV0?authuser=0&hl=en&rclk=1
Air B School Bus Transportation,2.3,61,"7503 NW 7th St, Miami, FL 33126",(305) 264-7579,airbbus.com,not_available,not_available,not_available,School bus service,"QMGJ+VM Miami, Florida",https://www.google.com/maps/place/Air+B+School+Bus+Transportation/data=!4m7!3m6!1s0x88d9b9a881818767:0xed409e3047a2775a!8m2!3d25.7772219!4d-80.3183485!16s%2Fg%2F1tw1fmsm!19sChIJZ4eBgai52YgRWneiRzCeQO0?authuser=0&hl=en&rclk=1
Aereomar Express Inc.,4.3,92,"8206 NW 30th Terrace, Doral, FL 33122",(305) 647-0008,aereomarexpress.com,not_available,not_available,not_available,Shipping service,"RM2C+G6 Doral, Florida",https://www.google.com/maps/place/Aereomar+Express+Inc./data=!4m7!3m6!1s0x88d9b984de5694db:0xe2291c28de3b4f83!8m2!3d25.8013598!4d-80.3294286!16s%2Fg%2F1vj5__xs!19sChIJ25RW3oS52YgRg0873igcKeI?authuser=0&hl=en&rclk=1
American Wings,4.1,14,"3000 NW 79th Ave, Doral, FL 33122",(305) 477-7733,americanwingsfl.com,not_available,not_available,not_available,Freight forwarding service,"RM2F+QV Doral, Florida",https://www.google.com/maps/place/American+Wings/data=!4m7!3m6!1s0x88d9b979c4a80b73:0xc9e97deb47a4d735!8m2!3d25.8018966!4d-80.3253051!16s%2Fg%2F1tg4m5d3!19sChIJcwuoxHm52YgRNdekR-t96ck?authuser=0&hl=en&rclk=1
Direct Service Express Inc,3.0,4,"8252 NW 68th St, Miami, FL 33166",(305) 597-5747,not_available,not_available,not_available,not_available,Transportation service,"RMM9+XH Miami, Florida",https://www.google.com/maps/place/Direct+Service+Express+Inc/data=!4m7!3m6!1s0x88d9bbd1bb302203:0x1efd6d0ba925a098!8m2!3d25.8349674!4d-80.3310651!16s%2Fg%2F1tdq6trr!19sChIJAyIwu9G72YgRmKAlqQtt_R4?authuser=0&hl=en&rclk=1
Florida Limos Group LLC,5.0,8,not_available,(954) 702-7766,floridalimosgroupllc.com,not_available,not_available,not_available,Transportation service,not_available,https://www.google.com/maps/place/Florida+Limos+Group+LLC/data=!4m7!3m6!1s0xae8f8e3d973e2c07:0x5760bf8821ce6b96!8m2!3d26.2735715!4d-80.1807435!16s%2Fg%2F11y22p8jzw!19sChIJByw-lz2Oj64RlmvOIYi_YFc?authuser=0&hl=en&rclk=1
Express International Freight,4.5,17,"8345 NW 74th St, Doral, FL 33166",(305) 477-4041,eifreight.com,not_available,not_available,not_available,Freight forwarding service,"RMR8+QJ Doral, Florida",https://www.google.com/maps/place/Express+International+Freight/data=!4m7!3m6!1s0x88d9bbb9b8daa49d:0x7b0be54f3484ab55!8m2!3d25.8418788!4d-80.3333935!16s%2Fg%2F1tfcv0f9!19sChIJnaTauLm72YgRVauENE_lC3s?authuser=0&hl=en&rclk=1
EvoluXion Y LLC,5.0,6,"8195 NW 54th St, Doral, FL 33166",(305) 510-4393,evoluxiony.com,not_available,not_available,not_available,Transportation service,"RMFC+37 Doral, Florida",https://www.google.com/maps/place/EvoluXion+Y+LLC/data=!4m7!3m6!1s0x88d9bbcbf9ad45a1:0xefe3a701e578459!8m2!3d25.8227445!4d-80.3293224!16s%2Fg%2F11h7d10tvc!19sChIJoUWt-cu72YgRWYRXHnA6_g4?authuser=0&hl=en&rclk=1
"Expedited World Cargo, Inc.",4.7,18,"9667 NW 33rd St, Doral, FL 33178",(305) 392-5085,ewcnow.com,not_available,not_available,not_available,Freight forwarding service,"RJ4X+7C Doral, Florida","https://www.google.com/maps/place/Expedited+World+Cargo,+Inc./data=!4m7!3m6!1s0x88d9b95aa28f4765:0x8dc300e425f64502!8m2!3d25.805659!4d-80.35147!16s%2Fg%2F1v9gktbf!19sChIJZUePolq52YgRAkX2JeQAw40?authuser=0&hl=en&rclk=1"
Royal Trucking Automation,3.7,3,"8350 NW 52nd Terrace, Doral, FL 33166",(786) 470-6005,not_available,not_available,not_available,not_available,Transportation service,"RM98+QV Doral, Florida",https://www.google.com/maps/place/Royal+Trucking+Automation/data=!4m7!3m6!1s0x88d9bbadec45b8a5:0x82425a9932a06f81!8m2!3d25.8194595!4d-80.3328493!16s%2Fg%2F11sj2h4nhy!19sChIJpbhF7K272YgRgW-gMplaQoI?authuser=0&hl=en&rclk=1
Fenix Cargo & Logistics,3.7,82,"7705 NW 46th St, Doral, FL 33195",(844) 933-3649,mifenixcargo.com,not_available,not_available,not_available,Courier service,"RM8H+74 Doral, Florida",https://www.google.com/maps/place/Fenix+Cargo+%26+Logistics/data=!4m7!3m6!1s0x88d9bbd50475c215:0x8c101d235cc42938!8m2!3d25.8157062!4d-80.3221811!16s%2Fg%2F1th29645!19sChIJFcJ1BNW72YgROCnEXCMdEIw?authuser=0&hl=en&rclk=1
Quick Transportation Solutions,not_available,not_available,"2330 NW 82nd Ave, Doral, FL 33122",(305) 477-8088,not_available,not_available,not_available,not_available,Farm,"QMW9+8W Doral, Florida",https://www.google.com/maps/place/Quick+Transportation+Solutions/data=!4m7!3m6!1s0x88d9b971864d95b1:0x70710b25ac62e592!8m2!3d25.795762!4d-80.330237!16s%2Fg%2F1264hykk9!19sChIJsZVNhnG52YgRkuVirCULcXA?authuser=0&hl=en&rclk=1
Maromar International Freight Forwarders,5.0,4,"3521 NW 82nd Ave, Doral, FL 33122",(305) 599-3380,not_available,not_available,not_available,not_available,Freight forwarding service,"RM4C+P9 Doral, Florida",https://www.google.com/maps/place/Maromar+International+Freight+Forwarders/data=!4m7!3m6!1s0x88d9b97b9b43fdcb:0x262267cf56945548!8m2!3d25.8067811!4d-80.3290703!16s%2Fg%2F11c508b6m7!19sChIJy_1Dm3u52YgRSFWUVs9nIiY?authuser=0&hl=en&rclk=1
J & DL International Corporation,4.2,5,"3559 NW 82nd Ave, Doral, FL 33122",(305) 436-7676,not_available,not_available,not_available,not_available,Freight forwarding service,"RM4C+M7 Doral, Florida",https://www.google.com/maps/place/J+%26+DL+International+Corporation/data=!4m7!3m6!1s0x88d9b97b9b7a0bef:0x2ea3e50525e111f2!8m2!3d25.8066786!4d-80.3292624!16s%2Fg%2F1tqcm04r!19sChIJ7wt6m3u52YgR8hHhJQXloy4?authuser=0&hl=en&rclk=1
Wex,5.0,2,"8611 NW 54th St, Doral, FL 33166",(786) 795-7774,wexlogisticaintegral.com,not_available,not_available,not_available,Transportation service,"RMF7+69 Doral, Florida",https://www.google.com/maps/place/Wex/data=!4m7!3m6!1s0x88d9bbdb12aa526f:0x31b1360437471684!8m2!3d25.8230866!4d-80.3366155!16s%2Fg%2F11t2p_b59s!19sChIJb1KqEtu72YgRhBZHNwQ2sTE?authuser=0&hl=en&rclk=1
Limo Miami,5.0,142,"114 NW 25th St Unit 103, Miami, FL 33127",(305) 878-1720,limomiami.net,Open 24 hours,not_available,not_available,Limousine service,"RR23+62 Miami, Florida",https://www.google.com/maps/place/Limo+Miami/data=!4m7!3m6!1s0x281349d54d64493b:0x5375a8e3a5d4333a!8m2!3d25.8005456!4d-80.1973964!16s%2Fg%2F11pdfxwty2!19sChIJO0lkTdVJEygROjPUpeOodVM?authuser=0&hl=en&rclk=1
Keo Logistics,1.0,not_available,"8590 NW 56th St, Doral, FL 33166",(305) 709-0648,keologistics.com,not_available,not_available,not_available,Transportation service,"RMF7+MC Doral, Florida",https://www.google.com/maps/place/Keo+Logistics/data=!4m7!3m6!1s0x88d9bbdb25161485:0x25fa1f9990cf3f0a!8m2!3d25.8241283!4d-80.3364629!16s%2Fg%2F11b5_26c37!19sChIJhRQWJdu72YgRCj_PkJkf-iU?authuser=0&hl=en&rclk=1
Mvp International Freight Systems,4.6,12,"8012 NW 29th St, Doral, FL 33122",(305) 597-9099,mvp-ifs.com,not_available,not_available,not_available,Freight forwarding service,"RM2F+32 Doral, Florida",https://www.google.com/maps/place/Mvp+International+Freight+Systems/data=!4m7!3m6!1s0x88d9b9775c266e2f:0x58a2b038bc1ef9ae!8m2!3d25.8001657!4d-80.3274392!16s%2Fg%2F1tjy298d!19sChIJL24mXHe52YgRrvkevDiwolg?authuser=0&hl=en&rclk=1
Continental Services & Carrier,4.2,92,"6045 NW 87th Ave, Miami, FL 33178",(305) 436-2990,contiserca.com,not_available,not_available,not_available,Shipping company,"RMH6+9X Miami, Florida",https://www.google.com/maps/place/Continental+Services+%26+Carrier/data=!4m7!3m6!1s0x88d9bbc49ec968ed:0x981bd364e21860b1!8m2!3d25.8284892!4d-80.3375457!16s%2Fg%2F1wtbvpjs!19sChIJ7WjJnsS72YgRsWAY4mTTG5g?authuser=0&hl=en&rclk=1
MIA Logistics,3.5,2,"8305 NW 27th St # 108, Doral, FL 33122",(305) 929-3680,mialogistics.com,not_available,not_available,not_available,Freight forwarding service,"QMX9+W8 Doral, Florida",https://www.google.com/maps/place/MIA+Logistics/data=!4m7!3m6!1s0x88d9b99d1f4c24e9:0xc65495174a0852ee!8m2!3d25.799788!4d-80.3316422!16s%2Fg%2F11c1w0d8x7!19sChIJ6SRMH5252YgR7lIISheVVMY?authuser=0&hl=en&rclk=1
Global Parcel System Llc.,4.3,12,"8305 NW 27th St #115, Doral, FL 33122",(305) 468-1556,globalparcel.net,not_available,not_available,not_available,Freight forwarding service,"RM29+6F Doral, Florida",https://www.google.com/maps/place/Global+Parcel+System+Llc./data=!4m7!3m6!1s0x88d9b9703cab1be1:0xf20b4ebbb02f793b!8m2!3d25.8005052!4d-80.3313729!16s%2Fg%2F1q66s1rsg!19sChIJ4RurPHC52YgRO3kvsLtOC_I?authuser=0&hl=en&rclk=1
NL Cargo Inc,4.0,20,"8600 NW 30th Terrace STE 203, Doral, FL 33122",(305) 593-8446,not_available,not_available,not_available,not_available,Freight forwarding service,"RM27+JV Doral, Florida",https://www.google.com/maps/place/NL+Cargo+Inc/data=!4m7!3m6!1s0x88d9b965800a73bd:0xf24dfa2925ec8297!8m2!3d25.8015559!4d-80.3353303!16s%2Fg%2F1td48shc!19sChIJvXMKgGW52YgRl4LsJSn6TfI?authuser=0&hl=en&rclk=1
Kelly Group Enterprises Corporation,3.8,13,"7812 NW 46th St, Doral, FL 33166",(305) 436-1800,kellygroup.us,not_available,oscar@kellygroup.us,not_available,Freight forwarding service,"RM7G+WG Doral, Florida",https://www.google.com/maps/place/Kelly+Group+Enterprises+Corporation/data=!4m7!3m6!1s0x88d9bbd5ae3f70d1:0x3914ec095e4a3196!8m2!3d25.8148564!4d-80.3237368!16s%2Fg%2F1tfsj67y!19sChIJ0XA_rtW72YgRljFKXgnsFDk?authuser=0&hl=en&rclk=1
Magna Assisted Transportation,5.0,8,not_available,(305) 603-9684,atransportation.com,not_available,not_available,not_available,Handicapped transportation service,not_available,https://www.google.com/maps/place/Magna+Assisted+Transportation/data=!4m7!3m6!1s0x88d9bbc9913f5b31:0x7294861940c92899!8m2!3d25.7464834!4d-80.4482804!16s%2Fg%2F11hdjd6fj3!19sChIJMVs_kcm72YgRmSjJQBmGlHI?authuser=0&hl=en&rclk=1
Vanguardia Inc Llp,3.7,3,"5141 NW 79th Ave UNIT 9, Doral, FL 33166",(305) 594-9011,solaircargousa.com,not_available,not_available,not_available,Freight forwarding service,"RMCF+3Q Doral, Florida",https://www.google.com/maps/place/Vanguardia+Inc+Llp/data=!4m7!3m6!1s0x88d9bbd3eaeacb5d:0xd794c9f191c6fcae!8m2!3d25.8202207!4d-80.3255898!16s%2Fg%2F1tgm3nvw!19sChIJXcvq6tO72YgRrvzGkfHJlNc?authuser=0&hl=en&rclk=1
MVC TRANSPORTATION,3.0,8,"10805 NW 23rd St, Miami, FL 33172",(305) 888-4682,mvctransportation.com,not_available,not_available,not_available,Trucking company,"QJWH+5C Miami, Florida",https://www.google.com/maps/place/MVC+TRANSPORTATION/data=!4m7!3m6!1s0x88d9beb6801c1d83:0x82344ef0d455a36e!8m2!3d25.7954956!4d-80.3714207!16s%2Fg%2F1tk709g1!19sChIJgx0cgLa-2YgRbqNV1PBONII?authuser=0&hl=en&rclk=1
Line Cargo Ltda,5.0,2,"3533 NW 82nd Ave, Doral, FL 33122",(305) 280-1389,linecargointl.com,not_available,not_available,not_available,Freight forwarding service,"RM4C+Q9 Doral, Florida",https://www.google.com/maps/place/Line+Cargo+Ltda/data=!4m7!3m6!1s0x88d9b97b8665360f:0x5d9e61ee25e62ce4!8m2!3d25.8068861!4d-80.3290741!16s%2Fg%2F11fm3t_c53!19sChIJDzZlhnu52YgR5CzmJe5hnl0?authuser=0&hl=en&rclk=1
Next Day Cargo,4.1,142,"8805 NW 35th Ln, Doral, FL 33172",(305) 477-3451,nextdaycargo.com,not_available,andy@nextdaycargo.con,not_available,Freight forwarding service,"RM56+3C Doral, Florida",https://www.google.com/maps/place/Next+Day+Cargo/data=!4m7!3m6!1s0x88d9b966b73e9343:0x12aec6c1e1a91714!8m2!3d25.8076519!4d-80.3389172!16s%2Fg%2F1td05w25!19sChIJQ5M-t2a52YgRFBep4cHGrhI?authuser=0&hl=en&rclk=1
Brit Trading Llc,5.0,4,"8375 NW 53rd Terrace, Doral, FL 33166",(786) 389-4383,not_available,not_available,not_available,not_available,Trucking company,"RMC8+QP Doral, Florida",https://www.google.com/maps/place/Brit+Trading+Llc/data=!4m7!3m6!1s0x88d9bd01d00ef8e5:0x5e5cd3c4e3451285!8m2!3d25.8219972!4d-80.3331708!16s%2Fg%2F11j6z45v55!19sChIJ5fgO0AG92YgRhRJF48TTXF4?authuser=0&hl=en&rclk=1
Interglobal Logistics Corp.,5.0,5,"8750 NW 36th St # 620, Doral, FL 33178",(305) 470-9989,intergloballogistics.com,not_available,not_available,not_available,Freight forwarding service,"RM56+QC Doral, Florida",https://www.google.com/maps/place/Interglobal+Logistics+Corp./data=!4m7!3m6!1s0x88d9b97c7b83a325:0xd895a000952d1a1e!8m2!3d25.8094753!4d-80.3389541!16s%2Fg%2F1tftrx5n!19sChIJJaODe3y52YgRHhotlQCgldg?authuser=0&hl=en&rclk=1
MAXIMUS GLOBAL SERVICES,4.2,71,"7791 NW 46th St STE 320, Doral, FL 33166",(786) 953-4294,mgs.aero,not_available,not_available,not_available,Airport,"RM8G+4H Doral, Florida",https://www.google.com/maps/place/MAXIMUS+GLOBAL+SERVICES/data=!4m7!3m6!1s0x88d9b75348aa4153:0x15ac38f0bc3b0bfe!8m2!3d25.8152889!4d-80.3235445!16s%2Fg%2F11ghr13nl4!19sChIJU0GqSFO32YgR_gs7vPA4rBU?authuser=0&hl=en&rclk=1
Savino Del Bene,3.8,31,"7755 NW 41st St Suite 400, Doral, FL 33166",(305) 463-8844,savinodelbene.com,not_available,not_available,not_available,Freight forwarding service,"RM7G+2Q Doral, Florida",https://www.google.com/maps/place/Savino+Del+Bene/data=!4m7!3m6!1s0x88d9bb62c8796105:0x1517ed4467125ded!8m2!3d25.8125781!4d-80.3230409!16s%2Fg%2F1260qbkw2!19sChIJBWF5yGK72YgR7V0SZ0TtFxU?authuser=0&hl=en&rclk=1
Mondial Forwaring,5.0,not_available,"7786 NW 46th St, Doral, FL 33166",(305) 594-9696,mondialforwarding.com,not_available,not_available,not_available,Transportation service,"RM8G+2Q Doral, Florida",https://www.google.com/maps/place/Mondial+Forwaring/data=!4m7!3m6!1s0x88d9bbd51bd7d1b1:0x77bea46d70d4b05d!8m2!3d25.8150688!4d-80.3230537!16s%2Fg%2F11y2cl2clc!19sChIJsdHXG9W72YgRXbDUcG2kvnc?authuser=0&hl=en&rclk=1
Freight Group USA - Envios a Mexico,4.4,7,"8342 NW 56th St, Doral, FL 33166",(305) 632-8897,not_available,not_available,not_available,not_available,Freight forwarding service,"RMF9+M4 Doral, Florida",https://www.google.com/maps/place/Freight+Group+USA+-+Envios+a+Mexico/data=!4m7!3m6!1s0x88d9bbd0052f9829:0x34f16350de965bd1!8m2!3d25.8241566!4d-80.3322245!16s%2Fg%2F124t3l4ns!19sChIJKZgvBdC72YgR0VuW3lBj8TQ?authuser=0&hl=en&rclk=1
Freight180,4.7,15,"8200 NW 41st St Suite 200-21, Doral, FL 33166",(833) 227-4639,freight180.com,not_available,not_available,not_available,Freight forwarding service,"RM69+CQ Doral, Florida",https://www.google.com/maps/place/Freight180/data=!4m7!3m6!1s0x88d9b9fd7f6880d3:0x5afac1cf98d259a5!8m2!3d25.8110604!4d-80.3306115!16s%2Fg%2F11jpsxjvtg!19sChIJ04Bof_252YgRpVnSmM_B-lo?authuser=0&hl=en&rclk=1
Qshark Moving Company,5.0,62,"8200 NW 41st St #250, Doral, FL 33166",(305) 676-9679,qshark-moving.com,not_available,not_available,not_available,Mover,"RM5C+V6 Doral, Florida",https://www.google.com/maps/place/Qshark+Moving+Company/data=!4m7!3m6!1s0x88d9b9ce2022dd3d:0x7c4916196a3bea2f!8m2!3d25.8097265!4d-80.3293985!16s%2Fg%2F11ydg813nz!19sChIJPd0iIM652YgRL-o7ahkWSXw?authuser=0&hl=en&rclk=1
America Cargo Services,4.1,21,"8288 NW 68th St, Doral, FL 33166",(786) 558-9133,instagram.com,not_available,not_available,"{""instagram"": ""https://www.instagram.com/america_cargo2022""}",Freight forwarding service,"RMP9+27 Doral, Florida",https://www.google.com/maps/place/America+Cargo+Services/data=!4m7!3m6!1s0x88d9bbd72d5f23a9:0x25c3228e01df19c8!8m2!3d25.8350801!4d-80.3318049!16s%2Fg%2F11q4c61zd2!19sChIJqSNfLde72YgRyBnfAY4iwyU?authuser=0&hl=en&rclk=1
ROB D TRUCKING INC,2.5,2,"5015 NW 79th Ave lot A, Doral, FL 33166",(786) 502-2416,not_available,not_available,not_available,not_available,Trucking company,"RM9G+M2 Doral, Florida",https://www.google.com/maps/place/ROB+D+TRUCKING+INC/data=!4m7!3m6!1s0x88d9bbd3ed164d8d:0x2bb95f3719c2601b!8m2!3d25.8192124!4d-80.3249894!16s%2Fg%2F11b6_sg5ks!19sChIJjU0W7dO72YgRG2DCGTdfuSs?authuser=0&hl=en&rclk=1
SkyNet Worldwide Express The Americas,3.5,24,"The Enchantress Forest, 8601 NW 27th St, Doral, FL 33122",(786) 265-4801,skynet.net,not_available,not_available,not_available,Logistics service,"RM27+3V Doral, Florida",https://www.google.com/maps/place/SkyNet+Worldwide+Express+The+Americas/data=!4m7!3m6!1s0x88d9b96f0aa67493:0xd8494d972bb9f061!8m2!3d25.8002342!4d-80.335303!16s%2Fg%2F11b7hmdcwm!19sChIJk3SmCm-52YgRYfC5K5dNSdg?authuser=0&hl=en&rclk=1
Marathon Xpress Inc,4.2,38,"8350 NW 52nd Terrace Suite 301, Miami, FL 33166",(305) 381-5155,mxicarrier.com,not_available,not_available,not_available,Trucking company,"RM98+QW Miami, Florida",https://www.google.com/maps/place/Marathon+Xpress+Inc/data=!4m7!3m6!1s0x88d9bf4c6ef7a49f:0xc47a49cb0f540783!8m2!3d25.8194869!4d-80.3327495!16s%2Fg%2F11g4gx8t34!19sChIJn6T3bky_2YgRgwdUD8tJesQ?authuser=0&hl=en&rclk=1
Amarco Transport,5.0,21,not_available,(800) 536-9564,amarcotransport.com,not_available,not_available,"{""instagram"": ""https://www.instagram.com/amarco_limoservices""}",Limousine service,not_available,https://www.google.com/maps/place/Amarco+Transport/data=!4m7!3m6!1s0x693c164bff689b51:0xf22f7623c60792f2!8m2!3d26.2240445!4d-80.2094136!16s%2Fg%2F11y8t5pzh4!19sChIJUZto_0sWPGkR8pIHxiN2L_I?authuser=0&hl=en&rclk=1
ASIA SHIPPING USA INC,3.9,10,"3470 NW 82nd Ave #890, Doral, FL 33122",(305) 889-1790,asiashipping.co,not_available,not_available,not_available,Freight forwarding service,"RM4C+W3 Doral, Florida",https://www.google.com/maps/place/ASIA+SHIPPING+USA+INC/data=!4m7!3m6!1s0x88d9ba27091441a7:0xac13cdda5c88cf1!8m2!3d25.8072755!4d-80.3298633!16s%2Fg%2F11c2kbzr07!19sChIJp0EUCSe62YgR8YzIpd08wQo?authuser=0&hl=en&rclk=1
XOOMSHIP LOGISTICS INC.,5.0,not_available,"6975 NW 82nd Ave, Doral, FL 33166",(239) 384-0300,xshipcargo.com,not_available,not_available,not_available,Freight forwarding service,"RMPF+H6 Doral, Florida",https://www.google.com/maps/place/XOOMSHIP+LOGISTICS+INC./data=!4m7!3m6!1s0x88d9bb01bd390257:0x3691c3b638c2613e!8m2!3d25.8364009!4d-80.3269215!16s%2Fg%2F11fqrl3rqk!19sChIJVwI5vQG72YgRPmHCOLbDkTY?authuser=0&hl=en&rclk=1
Kope Logistics inc.,5.0,4,"Doors: 13 to 23, 6550 NW 97th Ave Suite 220, Doral, FL 33178",(786) 719-0590,kopelogistics.com,not_available,not_available,not_available,Freight forwarding service,"RJMW+75 Doral, Florida",https://www.google.com/maps/place/Kope+Logistics+inc./data=!4m7!3m6!1s0x88d9b95698cc5185:0xa3cfacbf6fda402c!8m2!3d25.833126!4d-80.3546185!16s%2Fg%2F11fm9k22tn!19sChIJhVHMmFa52YgRLEDab7-sz6M?authuser=0&hl=en&rclk=1
DualCargo LLC,5.0,3,"8045 NW 36th St, Doral, FL 33166",(786) 228-8514,not_available,not_available,not_available,not_available,Freight forwarding service,"RM6C+CV Doral, Florida",https://www.google.com/maps/place/DualCargo+LLC/data=!4m7!3m6!1s0x88d9b97dc4258c9d:0x32d1253dea27188a!8m2!3d25.8110513!4d-80.3278386!16s%2Fg%2F119x1s159!19sChIJnYwlxH252YgRihgn6j0l0TI?authuser=0&hl=en&rclk=1
Black Car Service Miami,4.8,55,"340 W Flagler St Suite 1009, Miami, FL 33130",(786) 647-6420,blackcarservicemiami.com,not_available,not_available,not_available,Limousine service,"QRF2+C3 Miami, Florida",https://www.google.com/maps/place/Black+Car+Service+Miami/data=!4m7!3m6!1s0x88d9b16b30ee9983:0xb1f90f0d3e334a36!8m2!3d25.77353!4d-80.1998004!16s%2Fg%2F11h2nv107_!19sChIJg5nuMGux2YgRNkozPg0P-bE?authuser=0&hl=en&rclk=1
USA Transportation Services,5.0,819,"3017 Ravenswood Rd STE 103, Fort Lauderdale, FL 33312",(954) 237-2961,usatrans.com,not_available,not_available,not_available,Transportation service,"3RMG+RR Fort Lauderdale, Florida",https://www.google.com/maps/place/USA+Transportation+Services/data=!4m7!3m6!1s0x88d900a771f05c15:0x2bc2e07fe9bac0e2!8m2!3d26.0845001!4d-80.1729156!16s%2Fg%2F11bwwq9q4s!19sChIJFVzwcacA2YgR4sC66X_gwis?authuser=0&hl=en&rclk=1
K&S Freight Systems Inc,3.0,2,"3785 NW 82nd Ave, Doral, FL 33166",(305) 594-1871,ksfreightsystems.com,not_available,not_available,not_available,Freight forwarding service,"RM4C+XF Doral, Florida",https://www.google.com/maps/place/K%26S+Freight+Systems+Inc/data=!4m7!3m6!1s0x88d9b97c68ff5417:0xd84d0b03b1c02a74!8m2!3d25.8074977!4d-80.3287525!16s%2Fg%2F11c45nf_mx!19sChIJF1T_aHy52YgRdCrAsQMLTdg?authuser=0&hl=en&rclk=1
NW 53 St & NW 84 Av,5.0,not_available,"8379-8401 NW 53rd St, Doral, FL 33166",not_available,not_available,not_available,not_available,not_available,Bus stop,"RMC8+2F Doral, Florida",https://www.google.com/maps/place/NW+53+St+%26+NW+84+Av/data=!4m7!3m6!1s0x88d9bbda2c059ab7:0x2d6064e8b29ba70!8m2!3d25.8200243!4d-80.3338444!16s%2Fg%2F1tgn5jxs!19sChIJt5oFLNq72YgRcLopi04G1gI?authuser=0&hl=en&rclk=1
Rudy Export Corporation,4.3,445,"6015 NW 87th Ave, Miami, FL 33178",(305) 599-0029,rudyexport.com,not_available,not_available,not_available,Freight forwarding service,"RMH6+7X Miami, Florida",https://www.google.com/maps/place/Rudy+Export+Corporation/data=!4m7!3m6!1s0x88d9bbc4a721df45:0x258c91193c671351!8m2!3d25.8281496!4d-80.337547!16s%2Fg%2F1vyn4njj!19sChIJRd8hp8S72YgRURNnPBmRjCU?authuser=0&hl=en&rclk=1
Compass Freight Brokers Inc,5.0,5,"8900 NW 35th Ln #140, Doral, FL 33172",(305) 363-2007,compassfreightbrokers.com,Closed ⋅ Opens 8:30 AM Thu,not_available,not_available,Freight forwarding service,"RM45+PQ Doral, Florida",https://www.google.com/maps/place/Compass+Freight+Brokers+Inc/data=!4m7!3m6!1s0x88d9b9471de66c7d:0xc4eb00548daed239!8m2!3d25.8067777!4d-80.340567!16s%2Fg%2F11fsvr7_wf!19sChIJfWzmHUe52YgROdKujVQA68Q?authuser=0&hl=en&rclk=1
Districargo,5.0,not_available,"8155 NW 68th St, Doral, FL 33166",(305) 477-6200,districargo.com,not_available,not_available,not_available,Freight forwarding service,"RMPC+77 Doral, Florida",https://www.google.com/maps/place/Districargo/data=!4m7!3m6!1s0x88d9beb2d7d72d6d:0xee052beb503dc75a!8m2!3d25.8357079!4d-80.3293524!16s%2Fg%2F1tt0ry88!19sChIJbS3X17K-2YgRWsc9UOsrBe4?authuser=0&hl=en&rclk=1
Standby Aerospace Support,not_available,not_available,"8368 NW 56th St, Doral, FL 33166",(407) 820-9610,floridatd.com,not_available,not_available,not_available,Transportation service,"RMF8+HP Doral, Florida",https://www.google.com/maps/place/Standby+Aerospace+Support/data=!4m7!3m6!1s0x88d9bbdaa352ae61:0x98742694e5f180e8!8m2!3d25.823899!4d-80.333146!16s%2Fg%2F11h5q8fy77!19sChIJYa5So9q72YgR6IDx5ZQmdJg?authuser=0&hl=en&rclk=1
Prompt Bus Charters,not_available,not_available,not_available,(786) 358-5168,promptcharters.com,not_available,not_available,not_available,Bus charter,not_available,https://www.google.com/maps/place/Prompt+Bus+Charters/data=!4m7!3m6!1s0x88d9bbd3d6fc29c3:0x6dd33f3d89f4660e!8m2!3d26.4122334!4d-80.186543!16s%2Fg%2F1hhx9h5p6!19sChIJwyn81tO72YgRDmb0iT0_020?authuser=0&hl=en&rclk=1
D & V CARGO CORPORATION.,5.0,3,"8280 NW 56th St, Doral, FL 33166",(786) 391-0372,not_available,not_available,not_available,not_available,Freight forwarding service,"RMF9+GC Doral, Florida",https://www.google.com/maps/place/D+%26+V+CARGO+CORPORATION./data=!4m7!3m6!1s0x88d9ba2dea609791:0xc7766974477a4301!8m2!3d25.8238579!4d-80.3313983!16s%2Fg%2F1tczr4mf!19sChIJkZdg6i262YgRAUN6R3Rpdsc?authuser=0&hl=en&rclk=1
Rimacargo,4.0,280,"8530 NW 61st St, Miami, FL 33166",(305) 477-8002,rimacargo.com,not_available,not_available,not_available,Shipping company,"RMH7+GH Miami, Florida",https://www.google.com/maps/place/Rimacargo/data=!4m7!3m6!1s0x88d9bbc7e78fb643:0xafd06f8b73b42023!8m2!3d25.828751!4d-80.3360742!16s%2Fg%2F1hc1x1v2v!19sChIJQ7aP58e72YgRIyC0c4tv0K8?authuser=0&hl=en&rclk=1
GD Services,not_available,not_available,"8300 NW 53rd St, Doral, FL 33166",(786) 389-0953,gdservices.us,not_available,not_available,not_available,Road construction company,"RMC9+68 Doral, Florida",https://www.google.com/maps/place/GD+Services/data=!4m7!3m6!1s0x88d9bb866133ae67:0xb40c4136059eea1f!8m2!3d25.8205067!4d-80.3317117!16s%2Fg%2F11sqlxyngq!19sChIJZ64zYYa72YgRH-qeBTZBDLQ?authuser=0&hl=en&rclk=1
8750 NW 36th St Parking,3.0,2,"8750 NW 36th St, Doral, FL 33178",not_available,not_available,not_available,not_available,not_available,Parking lot,"RM56+PP Doral, Florida",https://www.google.com/maps/place/8750+NW+36th+St+Parking/data=!4m7!3m6!1s0x88d9b961608e7367:0xeb9eb8dc838e2f29!8m2!3d25.8093416!4d-80.338233!16s%2Fg%2F11f_p35kfy!19sChIJZ3OOYGG52YgRKS-Og9y4nus?authuser=0&hl=en&rclk=1
ITS Logistics,3.0,4,"8283 NW 64th St STE 3, Miami, FL 33166",(305) 894-1118,itslogistics.net,not_available,not_available,not_available,Freight forwarding service,"RMJ9+P8 Miami, Florida",https://www.google.com/maps/place/ITS+Logistics/data=!4m7!3m6!1s0x88d9bbc8bacbfd77:0x10c2d3d1e05ed493!8m2!3d25.8318041!4d-80.3316917!16s%2Fg%2F1q4km31b3!19sChIJd_3Lusi72YgRk9Re4NHTwhA?authuser=0&hl=en&rclk=1
FastUsaCargo,5.0,4,"8566 NW 72nd St, Doral, FL 33166",(786) 613-9463,fastusacargo.com,not_available,not_available,not_available,Freight forwarding service,"RMQ7+C7 Doral, Florida",https://www.google.com/maps/place/FastUsaCargo/data=!4m7!3m6!1s0x88d9bb016e440a9f:0x5566136e626feb59!8m2!3d25.8385111!4d-80.3367938!16s%2Fg%2F11p5y6c3g1!19sChIJnwpEbgG72YgRWetvYm4TZlU?authuser=0&hl=en&rclk=1
Enviamos Carga,4.8,5,"4851 NW 79th Ave Suite 4, Doral, FL 33166",(786) 636-6146,enviamoscarga.com,not_available,not_available,not_available,Courier service,"RM9G+72 Doral, Florida",https://www.google.com/maps/place/Enviamos+Carga/data=!4m7!3m6!1s0x88d9bb86e24185df:0x59f2b5695760a031!8m2!3d25.8182068!4d-80.3249714!16s%2Fg%2F11c67tv47w!19sChIJ34VB4oa72YgRMaBgV2m18lk?authuser=0&hl=en&rclk=1
Navistar Inc. Export office Latin America and Caribbean,not_available,not_available,"8600 NW 36th St STE 304, Doral, FL 33166",(305) 599-0600,not_available,not_available,not_available,not_available,Trucking company,"RM57+CG Doral, Florida",https://www.google.com/maps/place/Navistar+Inc.+Export+office+Latin+America+and+Caribbean/data=!4m7!3m6!1s0x88d9b963919e5de1:0xd54b3604255d0931!8m2!3d25.8085878!4d-80.3361856!16s%2Fg%2F11c550kk4f!19sChIJ4V2ekWO52YgRMQldJQQ2S9U?authuser=0&hl=en&rclk=1
Andrade Corporation,4.4,8,"5161 NW 79th Ave UNIT 12, Doral, FL 33166",(305) 594-2613,andradeimportexport.com,not_available,not_available,not_available,Logistics service,"RMCF+2R Doral, Florida",https://www.google.com/maps/place/Andrade+Corporation/data=!4m7!3m6!1s0x88d9b9a38ceb216b:0xc8e8b472fab2cd15!8m2!3d25.8200849!4d-80.3254324!16s%2Fg%2F11cst0_q8s!19sChIJayHrjKO52YgRFc2y-nK06Mg?authuser=0&hl=en&rclk=1
Air Cargo Miami cr corp.La Macha,4.0,4,"8580 NW 56th St, Doral, FL 33166",not_available,envioslamacha.com,not_available,not_available,not_available,Freight forwarding service,"RMF7+MC Doral, Florida",https://www.google.com/maps/place/Air+Cargo+Miami+cr+corp.La+Macha/data=!4m7!3m6!1s0x88d9bb25e8c2fc4b:0x93d9ccfb4e24f574!8m2!3d25.8242277!4d-80.3364226!16s%2Fg%2F11r5_7d8y2!19sChIJS_zC6CW72YgRdPUkTvvM2ZM?authuser=0&hl=en&rclk=1
Packing & Crating Miami,5.0,4,"8318 NW 56th St, Miami Springs, FL 33166",(956) 307-6439,not_available,Closed ⋅ Opens 10 AM Thu,not_available,not_available,Packaging company,"RMF9+G8 Miami Springs, Florida",https://www.google.com/maps/place/Packing+%26+Crating+Miami/data=!4m7!3m6!1s0x88d9bbd011ffbe87:0xe6005d8bf345aa5a!8m2!3d25.8238557!4d-80.3317485!16s%2Fg%2F11dxd54qyc!19sChIJh77_EdC72YgRWqpF84tdAOY?authuser=0&hl=en&rclk=1
Pacer International Inc,not_available,not_available,"8350 NW 52nd Terrace, Doral, FL 33166",(305) 629-7200,not_available,not_available,not_available,not_available,Freight forwarding service,"RM98+RV Doral, Florida",https://www.google.com/maps/place/Pacer+International+Inc/data=!4m7!3m6!1s0x88d9bbda06b1d7df:0x5352f6a35e59f6e3!8m2!3d25.819556!4d-80.332756!16s%2Fg%2F1tn4yzf_!19sChIJ39exBtq72YgR4_ZZXqP2UlM?authuser=0&hl=en&rclk=1
Tower Logistics Group LLC,not_available,not_available,"8400 NW 36th St Suite 450, Doral, FL 33166",(305) 482-1660,towerlogistics.net,not_available,not_available,not_available,Freight forwarding service,"RM58+MQ Doral, Florida",https://www.google.com/maps/place/Tower+Logistics+Group+LLC/data=!4m7!3m6!1s0x88d9b99d1f4c24e9:0x6821be6873129454!8m2!3d25.8092171!4d-80.3330404!16s%2Fg%2F11g6mzwsbd!19sChIJ6SRMH5252YgRVJQSc2i-IWg?authuser=0&hl=en&rclk=1
